LGA,2013,1,1,1,39.92,26.06,57.33,260,13.80936,23.0156,0,1011.9,10,2013-01-01 06:00:00.000000 +00:00
LGA,2013,1,1,2,41,26.06,54.97,260,17.2617,25.31716,0,1011.5,10,2013-01-01 07:00:00.000000 +00:00
LGA,2013,1,1,3,41,26.06,54.97,260,16.11092,24.16638,0,1012,10,2013-01-01 08:00:00.000000 +00:00
LGA,2013,1,1,4,41,26.06,54.97,260,17.2617,25.31716,0,1011.8,10,2013-01-01 09:00:00.000000 +00:00
LGA,2013,1,1,5,39.92,24.98,54.81,250,14.96014,21.86482,0,1011.4,10,2013-01-01 10:00:00.000000 +00:00
LGA,2013,1,1,6,39.92,24.98,54.81,260,16.11092,23.0156,0,1011.7,10,2013-01-01 11:00:00.000000 +00:00
LGA,2013,1,1,7,39.92,26.06,57.33,250,14.96014,25.31716,0,1011.9,10,2013-01-01 12:00:00.000000 +00:00
LGA,2013,1,1,8,39.92,26.06,57.33,250,14.96014,28.7695,0,1011.8,10,2013-01-01 13:00:00.000000 +00:00
LGA,2013,1,1,9,39.92,26.06,57.33,260,18.41248,24.16638,0,1012.2,10,2013-01-01 14:00:00.000000 +00:00
LGA,2013,1,1,10,39.92,26.06,57.33,270,12.65858,20.71404,0,1012.1,10,2013-01-01 15:00:00.000000 +00:00
LGA,2013,1,1,11,39.92,26.06,57.33,290,16.11092,,0,1011.1,10,2013-01-01 16:00:00.000000 +00:00
LGA,2013,1,1,12,37.94,28.4,69.67,330,17.2617,,0,,10,2013-01-01 17:00:00.000000 +00:00
LGA,2013,1,1,13,37.94,24.98,59.22,310,16.11092,20.71404,0,1010.6,9,2013-01-01 18:00:00.000000 +00:00
LGA,2013,1,1,14,39.02,24.08,54.68,300,9.20624,,0,1010.7,10,2013-01-01 19:00:00.000000 +00:00
LGA,2013,1,1,15,39.02,21.92,49.93,310,12.65858,21.86482,0,1011.4,10,2013-01-01 20:00:00.000000 +00:00
LGA,2013,1,1,16,37.94,21.02,50.14,330,11.5078,,0,1011.7,10,2013-01-01 21:00:00.000000 +00:00
LGA,2013,1,1,17,35.96,17.06,45.76,300,18.41248,27.61872,0,1013.1,10,2013-01-01 22:00:00.000000 +00:00
LGA,2013,1,1,18,33.98,15.98,47.25,320,14.96014,24.16638,0,1013.9,10,2013-01-01 23:00:00.000000 +00:00
LGA,2013,1,1,19,33.08,14,44.92,330,13.80936,25.31716,0,1014.1,10,2013-01-02 00:00:00.000000 +00:00
LGA,2013,1,1,20,32,15.08,49.19,330,12.65858,,0,1014.9,10,2013-01-02 01:00:00.000000 +00:00
LGA,2013,1,1,21,30.02,14,50.84,320,16.11092,26.46794,0,1015.4,10,2013-01-02 02:00:00.000000 +00:00
LGA,2013,1,1,22,28.94,12.02,48.69,310,24.16638,28.7695,0,1016.2,10,2013-01-02 03:00:00.000000 +00:00
LGA,2013,1,1,23,28.04,12.02,50.52,310,14.96014,,0,1016.3,10,2013-01-02 04:00:00.000000 +00:00
LGA,2013,1,2,0,26.96,10.94,50.34,320,16.11092,,0,1016.2,10,2013-01-02 05:00:00.000000 +00:00
LGA,2013,1,2,1,26.96,12.92,54.95,310,17.2617,,0,1016.2,10,2013-01-02 06:00:00.000000 +00:00
LGA,2013,1,2,2,26.06,12.02,54.82,330,16.11092,,0,1016.2,10,2013-01-02 07:00:00.000000 +00:00
LGA,2013,1,2,3,24.98,10.04,52.5,320,13.80936,,0,1016.4,10,2013-01-02 08:00:00.000000 +00:00
LGA,2013,1,2,4,24.08,10.04,54.51,330,9.20624,,0,1016.7,10,2013-01-02 09:00:00.000000 +00:00
LGA,2013,1,2,5,24.08,10.04,54.51,350,10.35702,,0,1016.5,10,2013-01-02 10:00:00.000000 +00:00
LGA,2013,1,2,6,24.08,10.04,54.51,320,6.90468,,0,1016.8,10,2013-01-02 11:00:00.000000 +00:00
LGA,2013,1,2,7,24.08,8.96,51.93,330,8.05546,,0,1017.3,10,2013-01-02 12:00:00.000000 +00:00
LGA,2013,1,2,8,24.98,10.04,52.5,310,13.80936,19.56326,0,1017.9,10,2013-01-02 13:00:00.000000 +00:00
LGA,2013,1,2,9,26.96,10.04,48.36,300,12.65858,18.41248,0,1018.5,10,2013-01-02 14:00:00.000000 +00:00
LGA,2013,1,2,10,28.04,10.94,48.15,320,11.5078,23.0156,0,1018,10,2013-01-02 15:00:00.000000 +00:00
LGA,2013,1,2,11,28.94,12.02,48.69,300,12.65858,,0,1017.2,10,2013-01-02 16:00:00.000000 +00:00
LGA,2013,1,2,12,30.92,12.92,46.74,310,18.41248,23.0156,0,1016.2,10,2013-01-02 17:00:00.000000 +00:00
LGA,2013,1,2,13,32,12.92,44.74,310,14.96014,,0,1016.8,10,2013-01-02 18:00:00.000000 +00:00
LGA,2013,1,2,14,33.98,14,43.33,330,17.2617,21.86482,0,1017.3,10,2013-01-02 19:00:00.000000 +00:00
LGA,2013,1,2,15,33.08,12.92,42.84,310,18.41248,,0,1017.8,10,2013-01-02 20:00:00.000000 +00:00
LGA,2013,1,2,16,33.08,15.08,47.1,310,14.96014,,0,1018.3,10,2013-01-02 21:00:00.000000 +00:00
LGA,2013,1,2,17,32,14,46.92,300,16.11092,,0,1019.2,10,2013-01-02 22:00:00.000000 +00:00
LGA,2013,1,2,18,32,14,46.92,310,14.96014,,0,1019.8,10,2013-01-02 23:00:00.000000 +00:00
LGA,2013,1,2,19,30.92,14,49.01,310,12.65858,,0,1019.9,10,2013-01-03 00:00:00.000000 +00:00
LGA,2013,1,2,20,30.92,14,49.01,310,9.20624,,0,1020.3,10,2013-01-03 01:00:00.000000 +00:00
LGA,2013,1,2,21,30.92,15.98,53.44,300,14.96014,21.86482,0,1020.9,10,2013-01-03 02:00:00.000000 +00:00
LGA,2013,1,2,22,30.92,15.98,53.44,320,12.65858,,0,1021.3,10,2013-01-03 03:00:00.000000 +00:00
LGA,2013,1,2,23,30.02,15.98,55.42,300,13.80936,,0,1021.8,10,2013-01-03 04:00:00.000000 +00:00
LGA,2013,1,3,0,30.02,17.96,60.38,310,14.96014,,0,1021.5,10,2013-01-03 05:00:00.000000 +00:00
LGA,2013,1,3,1,30.02,17.06,58.08,320,11.5078,,0,1021.8,10,2013-01-03 06:00:00.000000 +00:00
LGA,2013,1,3,2,28.94,17.06,60.69,320,14.96014,,0,1021.9,10,2013-01-03 07:00:00.000000 +00:00
LGA,2013,1,3,3,28.94,15.98,57.92,330,13.80936,,0,1021.7,10,2013-01-03 08:00:00.000000 +00:00
LGA,2013,1,3,4,28.04,15.98,60.1,340,11.5078,,0,1021.7,10,2013-01-03 09:00:00.000000 +00:00
LGA,2013,1,3,5,26.96,15.08,60.41,330,8.05546,,0,1021.9,10,2013-01-03 10:00:00.000000 +00:00
LGA,2013,1,3,6,26.06,15.08,62.7,330,12.65858,,0,1022.1,10,2013-01-03 11:00:00.000000 +00:00
LGA,2013,1,3,7,26.06,15.08,62.7,330,10.35702,,0,1022,10,2013-01-03 12:00:00.000000 +00:00
LGA,2013,1,3,8,26.06,15.08,62.7,330,9.20624,,0,1022.1,10,2013-01-03 13:00:00.000000 +00:00
LGA,2013,1,3,9,26.06,15.08,62.7,330,8.05546,,0,1022.5,10,2013-01-03 14:00:00.000000 +00:00
LGA,2013,1,3,10,26.96,15.08,60.41,310,9.20624,,0,1021.8,10,2013-01-03 15:00:00.000000 +00:00
LGA,2013,1,3,11,28.94,14,53.13,320,5.7539,,0,1020.8,10,2013-01-03 16:00:00.000000 +00:00
LGA,2013,1,3,12,30.92,12.92,46.74,270,6.90468,,0,1019.6,10,2013-01-03 17:00:00.000000 +00:00
LGA,2013,1,3,13,32,12.02,43,250,10.35702,17.2617,0,1019,10,2013-01-03 18:00:00.000000 +00:00
LGA,2013,1,3,14,33.08,12.02,41.17,,5.7539,,0,1018.4,10,2013-01-03 19:00:00.000000 +00:00
LGA,2013,1,3,15,33.08,12.02,41.17,260,10.35702,17.2617,0,1018.3,10,2013-01-03 20:00:00.000000 +00:00
LGA,2013,1,3,16,33.08,12.92,42.84,260,13.80936,,0,1018.6,10,2013-01-03 21:00:00.000000 +00:00
LGA,2013,1,3,17,32,14,46.92,250,10.35702,,0,1019,10,2013-01-03 22:00:00.000000 +00:00
LGA,2013,1,3,18,32,14,46.92,220,12.65858,18.41248,0,1019.2,10,2013-01-03 23:00:00.000000 +00:00
LGA,2013,1,3,19,33.08,14,44.92,260,11.5078,19.56326,0,1019.4,10,2013-01-04 00:00:00.000000 +00:00
LGA,2013,1,3,20,33.08,14,44.92,260,10.35702,20.71404,0,1019,10,2013-01-04 01:00:00.000000 +00:00
LGA,2013,1,3,21,33.08,15.08,47.1,260,17.2617,23.0156,0,1018.8,10,2013-01-04 02:00:00.000000 +00:00
LGA,2013,1,3,22,33.98,15.98,47.25,260,14.96014,23.0156,0,1018.6,10,2013-01-04 03:00:00.000000 +00:00
LGA,2013,1,3,23,33.98,17.06,49.51,270,11.5078,21.86482,0,1018,10,2013-01-04 04:00:00.000000 +00:00
LGA,2013,1,4,0,33.98,17.96,51.47,260,12.65858,19.56326,0,1017.6,10,2013-01-04 05:00:00.000000 +00:00
LGA,2013,1,4,1,33.98,17.96,51.47,260,17.2617,21.86482,0,1017.7,10,2013-01-04 06:00:00.000000 +00:00
LGA,2013,1,4,2,33.98,17.96,51.47,260,11.5078,19.56326,0,1018,10,2013-01-04 07:00:00.000000 +00:00
LGA,2013,1,4,3,33.98,17.96,51.47,270,14.96014,19.56326,0,1017.7,10,2013-01-04 08:00:00.000000 +00:00
LGA,2013,1,4,4,33.98,19.04,53.91,260,14.96014,24.16638,0,1017.7,10,2013-01-04 09:00:00.000000 +00:00
LGA,2013,1,10,15,46.94,23,38.56,320,11.5078,,0,1032.1,10,2013-01-10 20:00:00.000000 +00:00
LGA,2013,1,4,5,35.06,19.04,51.64,270,16.11092,24.16638,0,1018,10,2013-01-04 10:00:00.000000 +00:00
LGA,2013,1,4,6,35.06,19.94,53.66,250,14.96014,27.61872,0,1018.2,10,2013-01-04 11:00:00.000000 +00:00
LGA,2013,1,4,7,35.06,19.04,51.64,260,19.56326,27.61872,0,1018.2,10,2013-01-04 12:00:00.000000 +00:00
LGA,2013,1,4,8,35.06,19.94,53.66,250,16.11092,25.31716,0,1018.6,10,2013-01-04 13:00:00.000000 +00:00
LGA,2013,1,4,9,35.06,21.02,56.18,270,19.56326,27.61872,0,1018.7,10,2013-01-04 14:00:00.000000 +00:00
LGA,2013,1,4,10,35.96,19.04,49.83,270,13.80936,26.46794,0,1017.8,10,2013-01-04 15:00:00.000000 +00:00
LGA,2013,1,4,11,35.96,17.96,47.57,260,18.41248,27.61872,0,1016.5,10,2013-01-04 16:00:00.000000 +00:00
LGA,2013,1,4,12,37.04,19.04,47.75,270,17.2617,28.7695,0,1015.3,10,2013-01-04 17:00:00.000000 +00:00
LGA,2013,1,4,13,37.94,17.96,44,270,13.80936,25.31716,0,1014.6,10,2013-01-04 18:00:00.000000 +00:00
LGA,2013,1,4,14,37.94,19.04,46.09,250,14.96014,23.0156,0,1014.2,10,2013-01-04 19:00:00.000000 +00:00
LGA,2013,1,4,15,37.94,19.04,46.09,260,17.2617,26.46794,0,1014.1,10,2013-01-04 20:00:00.000000 +00:00
LGA,2013,1,4,16,37.04,19.04,47.75,260,17.2617,25.31716,0,1014.4,10,2013-01-04 21:00:00.000000 +00:00
LGA,2013,1,4,17,37.04,19.94,49.62,260,16.11092,27.61872,0,1014.6,10,2013-01-04 22:00:00.000000 +00:00
LGA,2013,1,4,18,37.04,19.94,49.62,270,17.2617,27.61872,0,1015,10,2013-01-04 23:00:00.000000 +00:00
LGA,2013,1,4,19,37.04,19.04,47.75,260,18.41248,28.7695,0,1015,10,2013-01-05 00:00:00.000000 +00:00
LGA,2013,1,4,20,35.96,19.04,49.83,260,13.80936,23.0156,0,1015.1,10,2013-01-05 01:00:00.000000 +00:00
LGA,2013,1,4,21,35.96,19.04,49.83,250,10.35702,,0,1015.3,10,2013-01-05 02:00:00.000000 +00:00
LGA,2013,1,4,22,35.96,17.96,47.57,260,12.65858,18.41248,0,1016,10,2013-01-05 03:00:00.000000 +00:00
LGA,2013,1,4,23,35.96,17.96,47.57,240,10.35702,19.56326,0,1016.3,10,2013-01-05 04:00:00.000000 +00:00
LGA,2013,1,5,0,35.96,17.06,45.76,260,10.35702,19.56326,0,1016.8,10,2013-01-05 05:00:00.000000 +00:00
LGA,2013,1,5,1,35.06,17.06,47.42,290,13.80936,23.0156,0,1017.4,10,2013-01-05 06:00:00.000000 +00:00
LGA,2013,1,5,2,35.06,15.98,45.26,270,13.80936,23.0156,0,1018.5,10,2013-01-05 07:00:00.000000 +00:00
LGA,2013,1,5,3,33.98,17.06,49.51,270,10.35702,,0,1018.8,10,2013-01-05 08:00:00.000000 +00:00
LGA,2013,1,5,4,33.98,17.06,49.51,280,14.96014,21.86482,0,1019.5,10,2013-01-05 09:00:00.000000 +00:00
LGA,2013,1,5,5,33.98,17.06,49.51,260,11.5078,20.71404,0,1020.6,10,2013-01-05 10:00:00.000000 +00:00
LGA,2013,1,5,6,33.98,17.06,49.51,260,11.5078,21.86482,0,1021.8,10,2013-01-05 11:00:00.000000 +00:00
LGA,2013,1,5,7,33.98,17.96,51.47,260,11.5078,,0,1022.6,10,2013-01-05 12:00:00.000000 +00:00
LGA,2013,1,5,8,35.96,19.04,49.83,280,13.80936,,0,1023.8,10,2013-01-05 13:00:00.000000 +00:00
LGA,2013,1,5,9,37.94,19.04,46.09,280,8.05546,,0,1024.4,10,2013-01-05 14:00:00.000000 +00:00
LGA,2013,1,5,10,39.92,21.02,46.41,310,17.2617,27.61872,0,1024.6,10,2013-01-05 15:00:00.000000 +00:00
LGA,2013,1,5,11,41,21.02,44.51,340,18.41248,24.16638,0,1024.2,10,2013-01-05 16:00:00.000000 +00:00
LGA,2013,1,5,12,42.08,21.02,42.69,330,12.65858,20.71404,0,1023.6,10,2013-01-05 17:00:00.000000 +00:00
LGA,2013,1,5,13,42.98,21.92,42.84,320,10.35702,,0,1023.6,10,2013-01-05 18:00:00.000000 +00:00
LGA,2013,1,5,14,42.98,19.94,39.38,310,9.20624,,0,1023.9,10,2013-01-05 19:00:00.000000 +00:00
LGA,2013,1,5,15,42.98,19.04,37.9,260,8.05546,,0,1023.7,10,2013-01-05 20:00:00.000000 +00:00
LGA,2013,1,5,16,42.08,21.02,42.69,280,5.7539,,0,1024,10,2013-01-05 21:00:00.000000 +00:00
LGA,2013,1,5,17,41,19.04,40.9,260,9.20624,,0,1024.5,10,2013-01-05 22:00:00.000000 +00:00
LGA,2013,1,5,18,39.92,21.92,48.21,0,0,,0,1024.4,10,2013-01-05 23:00:00.000000 +00:00
LGA,2013,1,5,19,39.92,21.02,46.41,210,5.7539,,0,1024.7,10,2013-01-06 00:00:00.000000 +00:00
LGA,2013,1,5,20,39.02,21.92,49.93,320,3.45234,,0,1024,10,2013-01-06 01:00:00.000000 +00:00
LGA,2013,1,5,21,39.02,21.02,48.07,260,8.05546,,0,1023.9,10,2013-01-06 02:00:00.000000 +00:00
LGA,2013,1,5,22,37.94,21.02,50.14,220,3.45234,,0,1023.1,10,2013-01-06 03:00:00.000000 +00:00
LGA,2013,1,5,23,37.94,21.02,50.14,220,5.7539,,0,1022.6,10,2013-01-06 04:00:00.000000 +00:00
LGA,2013,1,6,0,37.94,21.02,50.14,220,5.7539,,0,1023.1,10,2013-01-06 05:00:00.000000 +00:00
LGA,2013,1,6,1,37.04,21.02,51.95,220,6.90468,,0,1023.1,10,2013-01-06 06:00:00.000000 +00:00
LGA,2013,1,6,2,35.96,21.02,54.21,210,10.35702,,0,1022.2,10,2013-01-06 07:00:00.000000 +00:00
LGA,2013,1,6,3,37.04,21.02,51.95,220,6.90468,,0,1021.5,10,2013-01-06 08:00:00.000000 +00:00
LGA,2013,1,6,4,35.06,26.96,72.03,210,10.35702,,0,1020.5,6,2013-01-06 09:00:00.000000 +00:00
LGA,2013,1,6,5,35.6,28.4,75.31,210,8.05546,,0,,8,2013-01-06 10:00:00.000000 +00:00
LGA,2013,1,6,7,35.96,30.92,81.72,230,10.35702,,0,,8,2013-01-06 12:00:00.000000 +00:00
LGA,2013,1,6,8,35.96,30.92,81.72,240,10.35702,,0,1019.8,7,2013-01-06 13:00:00.000000 +00:00
LGA,2013,1,6,9,37.04,30.02,75.5,240,6.90468,,0,1019.6,7,2013-01-06 14:00:00.000000 +00:00
LGA,2013,1,6,10,39.2,30.02,69.86,270,8.05546,,0,,9,2013-01-06 15:00:00.000000 +00:00
LGA,2013,1,6,11,41,28.94,61.89,230,9.20624,,0,1017.1,8,2013-01-06 16:00:00.000000 +00:00
LGA,2013,1,6,12,42.98,26.96,52.87,270,10.35702,,0,1016.1,8,2013-01-06 17:00:00.000000 +00:00
LGA,2013,1,6,13,44.96,26.96,49.02,230,6.90468,,0,1015.4,9,2013-01-06 18:00:00.000000 +00:00
LGA,2013,1,6,14,46.04,26.96,47.05,230,6.90468,,0,1014.9,10,2013-01-06 19:00:00.000000 +00:00
LGA,2013,1,6,15,46.04,24.98,43.34,230,6.90468,,0,1014.8,10,2013-01-06 20:00:00.000000 +00:00
LGA,2013,1,6,16,46.04,23,39.9,250,11.5078,20.71404,0,1015,10,2013-01-06 21:00:00.000000 +00:00
LGA,2013,1,6,17,44.96,24.08,43.49,260,13.80936,,0,1015.7,10,2013-01-06 22:00:00.000000 +00:00
LGA,2013,1,6,18,44.96,24.08,43.49,270,16.11092,23.0156,0,1016.3,10,2013-01-06 23:00:00.000000 +00:00
LGA,2013,1,6,19,44.06,24.08,45.01,260,13.80936,,0,1016.3,10,2013-01-07 00:00:00.000000 +00:00
LGA,2013,1,6,20,44.06,24.98,46.73,280,11.5078,20.71404,0,1016.3,10,2013-01-07 01:00:00.000000 +00:00
LGA,2013,1,6,21,44.06,26.06,48.87,290,12.65858,20.71404,0,1016.5,10,2013-01-07 02:00:00.000000 +00:00
LGA,2013,1,6,22,42.98,26.06,50.94,300,10.35702,21.86482,0,1016.9,10,2013-01-07 03:00:00.000000 +00:00
LGA,2013,1,6,23,42.98,26.96,52.87,280,10.35702,,0,1017.3,10,2013-01-07 04:00:00.000000 +00:00
LGA,2013,1,7,0,42.08,26.96,54.73,290,11.5078,18.41248,0,1017.8,10,2013-01-07 05:00:00.000000 +00:00
LGA,2013,1,7,1,41,26.96,57.06,300,13.80936,,0,1018.5,10,2013-01-07 06:00:00.000000 +00:00
LGA,2013,1,7,2,39.92,26.96,59.5,290,13.80936,20.71404,0,1019,10,2013-01-07 07:00:00.000000 +00:00
LGA,2013,1,7,3,39.92,26.96,59.5,300,13.80936,,0,1019.3,10,2013-01-07 08:00:00.000000 +00:00
LGA,2013,1,7,4,39.92,28.04,62.21,300,16.11092,,0,1020.2,10,2013-01-07 09:00:00.000000 +00:00
LGA,2013,1,7,5,39.92,28.04,62.21,300,10.35702,,0,1021.3,10,2013-01-07 10:00:00.000000 +00:00
LGA,2013,1,7,6,39.02,28.04,64.43,300,12.65858,,0,1022.4,10,2013-01-07 11:00:00.000000 +00:00
LGA,2013,1,7,7,39.92,28.94,64.54,300,13.80936,,0,1023.5,10,2013-01-07 12:00:00.000000 +00:00
LGA,2013,1,7,8,41,28.04,59.65,310,16.11092,21.86482,0,1024.4,10,2013-01-07 13:00:00.000000 +00:00
LGA,2013,1,7,9,42.08,26.96,54.73,310,14.96014,,0,1025.6,10,2013-01-07 14:00:00.000000 +00:00
LGA,2013,1,7,10,42.98,26.06,50.94,310,12.65858,,0,1026.3,10,2013-01-07 15:00:00.000000 +00:00
LGA,2013,1,7,11,42.98,24.08,46.91,300,13.80936,,0,1026.3,10,2013-01-07 16:00:00.000000 +00:00
LGA,2013,1,7,12,44.06,21.02,39.57,340,8.05546,,0,1026.8,10,2013-01-07 17:00:00.000000 +00:00
LGA,2013,1,7,13,44.96,21.92,39.72,300,8.05546,,0,1026.8,10,2013-01-07 18:00:00.000000 +00:00
LGA,2013,1,7,14,44.96,21.92,39.72,310,10.35702,,0,1027.7,10,2013-01-07 19:00:00.000000 +00:00
LGA,2013,1,7,15,44.96,19.04,35.14,310,6.90468,,0,1028.4,10,2013-01-07 20:00:00.000000 +00:00
LGA,2013,1,7,16,42.98,21.92,42.84,0,0,,0,1028.7,10,2013-01-07 21:00:00.000000 +00:00
LGA,2013,1,7,17,41,21.02,44.51,0,0,,0,1029,10,2013-01-07 22:00:00.000000 +00:00
LGA,2013,1,7,18,39.92,21.02,46.41,0,0,,0,1029.1,10,2013-01-07 23:00:00.000000 +00:00
LGA,2013,1,7,19,41,19.04,40.9,0,0,,0,1029.3,10,2013-01-08 00:00:00.000000 +00:00
LGA,2013,1,7,20,41,19.94,42.51,0,0,,0,1029.2,10,2013-01-08 01:00:00.000000 +00:00
LGA,2013,1,7,21,39.92,21.02,46.41,140,8.05546,,0,1029,10,2013-01-08 02:00:00.000000 +00:00
LGA,2013,1,7,22,37.94,23,54.51,160,5.7539,,0,1029,10,2013-01-08 03:00:00.000000 +00:00
LGA,2013,1,7,23,39.02,21.02,48.07,220,6.90468,,0,1029,10,2013-01-08 04:00:00.000000 +00:00
LGA,2013,1,8,0,39.02,23,52.26,220,4.60312,,0,1028.9,10,2013-01-08 05:00:00.000000 +00:00
LGA,2013,1,8,1,37.94,24.98,59.22,200,4.60312,,0,1028.7,10,2013-01-08 06:00:00.000000 +00:00
LGA,2013,1,8,2,37.04,24.98,61.35,210,5.7539,,0,1028.6,10,2013-01-08 07:00:00.000000 +00:00
LGA,2013,1,8,3,37.04,24.08,59.09,200,6.90468,,0,1028,10,2013-01-08 08:00:00.000000 +00:00
LGA,2013,1,8,4,37.04,24.98,61.35,220,5.7539,,0,1028.3,10,2013-01-08 09:00:00.000000 +00:00
LGA,2013,1,8,5,37.04,24.98,61.35,220,8.05546,,0,1028.6,10,2013-01-08 10:00:00.000000 +00:00
LGA,2013,1,8,6,37.04,26.06,64.17,230,6.90468,,0,1029.1,10,2013-01-08 11:00:00.000000 +00:00
LGA,2013,1,8,7,37.94,26.06,61.94,220,9.20624,18.41248,0,1029.8,10,2013-01-08 12:00:00.000000 +00:00
LGA,2013,1,8,8,37.94,26.96,64.29,230,9.20624,,0,1030.4,10,2013-01-08 13:00:00.000000 +00:00
LGA,2013,1,8,9,39.92,26.96,59.5,220,10.35702,18.41248,0,1030.2,10,2013-01-08 14:00:00.000000 +00:00
LGA,2013,1,8,10,42.08,26.06,52.73,230,17.2617,23.0156,0,1029.7,10,2013-01-08 15:00:00.000000 +00:00
LGA,2013,1,8,11,44.96,28.04,51.24,230,17.2617,21.86482,0,1028.1,10,2013-01-08 16:00:00.000000 +00:00
LGA,2013,1,8,12,46.94,28.94,49.33,230,14.96014,19.56326,0,1027.9,10,2013-01-08 17:00:00.000000 +00:00
LGA,2013,1,8,13,48.02,28.94,47.36,240,9.20624,,0,1027.5,10,2013-01-08 18:00:00.000000 +00:00
LGA,2013,1,8,14,48.92,28.94,45.79,250,8.05546,,0,1027.6,10,2013-01-08 19:00:00.000000 +00:00
LGA,2013,1,8,15,48.02,28.94,47.36,220,10.35702,,0,1027.5,10,2013-01-08 20:00:00.000000 +00:00
LGA,2013,1,8,16,48.02,30.02,49.5,210,11.5078,,0,1027.5,10,2013-01-08 21:00:00.000000 +00:00
LGA,2013,1,8,17,46.94,30.02,51.55,210,9.20624,,0,1027.9,10,2013-01-08 22:00:00.000000 +00:00
LGA,2013,1,8,18,44.96,30.92,57.63,220,8.05546,,0,1028.4,10,2013-01-08 23:00:00.000000 +00:00
LGA,2013,1,8,19,44.96,28.94,53.17,230,8.05546,,0,1028.4,10,2013-01-09 00:00:00.000000 +00:00
LGA,2013,1,8,20,44.96,28.94,53.17,230,8.05546,,0,1028.6,10,2013-01-09 01:00:00.000000 +00:00
LGA,2013,1,8,21,42.98,28.94,57.35,240,3.45234,,0,1028.5,10,2013-01-09 02:00:00.000000 +00:00
LGA,2013,1,8,22,42.98,28.04,55.27,230,3.45234,,0,1029.1,10,2013-01-09 03:00:00.000000 +00:00
LGA,2013,1,8,23,42.98,28.04,55.27,0,0,,0,1028.8,10,2013-01-09 04:00:00.000000 +00:00
LGA,2013,1,9,0,39.92,26.96,59.5,0,0,,0,1028.9,10,2013-01-09 05:00:00.000000 +00:00
LGA,2013,1,9,1,41,26.96,57.06,0,0,,0,1028.5,10,2013-01-09 06:00:00.000000 +00:00
LGA,2013,1,9,2,39.92,28.04,62.21,0,0,,0,1028.5,9,2013-01-09 07:00:00.000000 +00:00
LGA,2013,1,9,3,39.02,30.92,72.46,0,0,,0,1028.2,8,2013-01-09 08:00:00.000000 +00:00
LGA,2013,1,9,4,39.92,28.04,62.21,0,0,,0,1028,9,2013-01-09 09:00:00.000000 +00:00
LGA,2013,1,9,5,37.94,30.92,75.58,50,4.60312,,0,1028,7,2013-01-09 10:00:00.000000 +00:00
LGA,2013,1,9,6,37.94,33.08,82.46,60,5.7539,,0,1028.2,7,2013-01-09 11:00:00.000000 +00:00
LGA,2013,1,9,7,37.04,33.08,85.43,70,4.60312,,0,1028.7,5,2013-01-09 12:00:00.000000 +00:00
LGA,2013,1,9,8,39.02,33.08,79.05,0,0,,0,1028.8,6,2013-01-09 13:00:00.000000 +00:00
LGA,2013,1,9,9,44.06,33.98,67.45,0,0,,0,1028.4,5,2013-01-09 14:00:00.000000 +00:00
LGA,2013,1,9,10,46.94,32,55.85,160,9.20624,,0,1026.4,10,2013-01-09 15:00:00.000000 +00:00
LGA,2013,1,9,11,46.94,33.08,58.33,190,8.05546,,0,1025.4,10,2013-01-09 16:00:00.000000 +00:00
LGA,2013,1,9,12,48.02,32,53.63,220,10.35702,,0,1024,10,2013-01-09 17:00:00.000000 +00:00
LGA,2013,1,9,13,48.02,33.08,56.01,220,9.20624,,0,1024.5,10,2013-01-09 18:00:00.000000 +00:00
LGA,2013,1,9,14,48.02,33.98,58.07,180,14.96014,,0,1020.8,10,2013-01-09 19:00:00.000000 +00:00
LGA,2013,1,9,15,48.92,35.06,58.61,200,10.35702,,0,1020.3,10,2013-01-09 20:00:00.000000 +00:00
LGA,2013,1,9,16,50,35.96,58.34,220,5.7539,,0,1020.6,10,2013-01-09 21:00:00.000000 +00:00
LGA,2013,1,9,17,50,35.96,58.34,240,14.96014,,0,1021.4,10,2013-01-09 22:00:00.000000 +00:00
LGA,2013,1,9,18,50,35.06,56.3,240,17.2617,24.16638,0,1021.6,10,2013-01-09 23:00:00.000000 +00:00
LGA,2013,1,9,19,50,35.96,58.34,260,23.0156,29.92028,0,1021.9,10,2013-01-10 00:00:00.000000 +00:00
LGA,2013,1,9,20,50,35.06,56.3,260,20.71404,28.7695,0,1021.8,10,2013-01-10 01:00:00.000000 +00:00
LGA,2013,1,9,21,48.92,33.08,54.15,260,18.41248,28.7695,0,1022.1,10,2013-01-10 02:00:00.000000 +00:00
LGA,2013,1,9,22,48.92,32,51.85,250,18.41248,25.31716,0,1022.7,10,2013-01-10 03:00:00.000000 +00:00
LGA,2013,1,9,23,48.02,30.92,51.34,250,17.2617,21.86482,0,1023.2,10,2013-01-10 04:00:00.000000 +00:00
LGA,2013,1,10,0,46.94,30.02,51.55,260,13.80936,24.16638,0,1024.1,10,2013-01-10 05:00:00.000000 +00:00
LGA,2013,1,10,1,46.04,28.04,49.19,280,13.80936,,0,1025.2,10,2013-01-10 06:00:00.000000 +00:00
LGA,2013,1,10,2,46.04,24.98,43.34,290,16.11092,28.7695,0,1026.1,10,2013-01-10 07:00:00.000000 +00:00
LGA,2013,1,10,3,44.06,26.06,48.87,320,10.35702,,0,1027.1,10,2013-01-10 08:00:00.000000 +00:00
LGA,2013,1,10,4,44.06,24.98,46.73,310,19.56326,25.31716,0,1027.6,10,2013-01-10 09:00:00.000000 +00:00
LGA,2013,1,10,5,42.98,24.08,46.91,330,12.65858,,0,1029,10,2013-01-10 10:00:00.000000 +00:00
LGA,2013,1,10,6,42.08,24.08,48.56,310,14.96014,,0,1029.6,10,2013-01-10 11:00:00.000000 +00:00
LGA,2013,1,10,7,42.08,24.98,50.42,310,14.96014,,0,1031.1,10,2013-01-10 12:00:00.000000 +00:00
LGA,2013,1,10,8,42.98,24.98,48.7,320,9.20624,20.71404,0,1032,10,2013-01-10 13:00:00.000000 +00:00
LGA,2013,1,10,9,44.06,24.98,46.73,320,13.80936,,0,1032.6,10,2013-01-10 14:00:00.000000 +00:00
LGA,2013,1,10,10,44.06,24.08,45.01,320,16.11092,,0,1032.1,10,2013-01-10 15:00:00.000000 +00:00
LGA,2013,1,10,11,44.96,21.92,39.72,340,16.11092,23.0156,0,1031.2,10,2013-01-10 16:00:00.000000 +00:00
LGA,2013,1,10,12,46.04,21.92,38.12,320,16.11092,,0,1030.7,10,2013-01-10 17:00:00.000000 +00:00
LGA,2013,1,10,13,46.94,21.02,35.47,340,16.11092,,0,1031.3,10,2013-01-10 18:00:00.000000 +00:00
LGA,2013,1,10,14,48.02,21.92,35.38,300,11.5078,,0,1031.6,10,2013-01-10 19:00:00.000000 +00:00
LGA,2013,1,10,16,46.04,23,39.9,330,10.35702,,0,1032.5,10,2013-01-10 21:00:00.000000 +00:00
LGA,2013,1,10,17,44.96,24.98,45.15,320,9.20624,,0,1032.7,10,2013-01-10 22:00:00.000000 +00:00
LGA,2013,1,10,18,44.96,24.98,45.15,310,8.05546,,0,1033.5,10,2013-01-10 23:00:00.000000 +00:00
LGA,2013,1,10,19,44.06,24.98,46.73,320,8.05546,,0,1033.7,10,2013-01-11 00:00:00.000000 +00:00
LGA,2013,1,10,20,44.06,24.08,45.01,360,6.90468,,0,1033.8,10,2013-01-11 01:00:00.000000 +00:00
LGA,2013,1,10,21,42.08,24.08,48.56,50,5.7539,,0,1034.1,10,2013-01-11 02:00:00.000000 +00:00
LGA,2013,1,10,22,39.92,24.98,54.81,70,3.45234,,0,1033.9,10,2013-01-11 03:00:00.000000 +00:00
LGA,2013,1,10,23,39.92,24.98,54.81,60,4.60312,,0,1034.4,10,2013-01-11 04:00:00.000000 +00:00
LGA,2013,1,11,0,39.02,24.98,56.77,40,3.45234,,0,1033.8,10,2013-01-11 05:00:00.000000 +00:00
LGA,2013,1,11,1,39.02,24.08,54.68,60,5.7539,,0,1033.4,10,2013-01-11 06:00:00.000000 +00:00
LGA,2013,1,11,2,37.94,24.08,57.04,50,6.90468,,0,1032.8,10,2013-01-11 07:00:00.000000 +00:00
LGA,2013,1,11,3,37.94,24.08,57.04,50,4.60312,,0,1032.2,10,2013-01-11 08:00:00.000000 +00:00
LGA,2013,1,11,4,37.04,24.98,61.35,60,5.7539,,0,1031.4,10,2013-01-11 09:00:00.000000 +00:00
LGA,2013,1,11,5,37.94,24.98,59.22,90,6.90468,,0,1031.5,10,2013-01-11 10:00:00.000000 +00:00
LGA,2013,1,11,6,37.94,26.06,61.94,90,4.60312,,0,1032,10,2013-01-11 11:00:00.000000 +00:00
LGA,2013,1,11,7,37.94,26.06,61.94,90,5.7539,,0,1032.2,10,2013-01-11 12:00:00.000000 +00:00
LGA,2013,1,11,8,39.92,24.98,54.81,80,8.05546,,0,1031.4,10,2013-01-11 13:00:00.000000 +00:00
LGA,2013,1,11,9,39.02,26.96,61.63,40,6.90468,,0,1031.5,10,2013-01-11 14:00:00.000000 +00:00
LGA,2013,1,11,10,39.92,28.04,62.21,60,9.20624,,0,1030.4,10,2013-01-11 15:00:00.000000 +00:00
LGA,2013,1,11,11,39.92,28.04,62.21,50,10.35702,,0,1028.5,10,2013-01-11 16:00:00.000000 +00:00
LGA,2013,1,11,12,41,30.02,64.68,50,9.20624,,0,1027.5,10,2013-01-11 17:00:00.000000 +00:00
LGA,2013,1,11,13,41,33.08,73.19,40,10.35702,,0,1026.9,10,2013-01-11 18:00:00.000000 +00:00
LGA,2013,1,11,14,39.92,33.08,76.32,60,9.20624,,0,1026.2,10,2013-01-11 19:00:00.000000 +00:00
LGA,2013,1,11,15,39.92,35.06,82.6,50,9.20624,,0.01,1025,9,2013-01-11 20:00:00.000000 +00:00
LGA,2013,1,11,16,41,35.96,82.09,60,8.05546,,0,1024.5,10,2013-01-11 21:00:00.000000 +00:00
LGA,2013,1,11,17,41,37.4,86.89,50,9.20624,,0.02,,5,2013-01-11 22:00:00.000000 +00:00
LGA,2013,1,11,18,41,37.94,93.19,60,9.20624,,0.06,,7,2013-01-11 23:00:00.000000 +00:00
LGA,2013,1,11,19,42.8,41,93.3,,6.90468,,0.05,,5,2013-01-12 00:00:00.000000 +00:00
LGA,2013,1,11,20,44.6,42.8,93.35,,6.90468,,0.1,,4,2013-01-12 01:00:00.000000 +00:00
LGA,2013,1,11,21,44.6,42.8,100,120,6.90468,,0.06,,4,2013-01-12 02:00:00.000000 +00:00
LGA,2013,1,11,22,42.98,42.08,96.6,60,8.05546,,0.05,1019.9,5,2013-01-12 03:00:00.000000 +00:00
LGA,2013,1,11,23,44.6,42.8,100,50,10.35702,,0.03,,2,2013-01-12 04:00:00.000000 +00:00
LGA,2013,1,12,0,44.6,42.8,93.35,40,6.90468,,0.02,,1,2013-01-12 05:00:00.000000 +00:00
LGA,2013,1,12,1,44.96,42.98,92.72,20,5.7539,,0.01,1018.6,1,2013-01-12 06:00:00.000000 +00:00
LGA,2013,1,12,2,44.06,42.08,92.69,310,8.05546,,0.01,1019,1,2013-01-12 07:00:00.000000 +00:00
LGA,2013,1,12,3,44.96,42.98,93.35,340,8.05546,,0.01,,0,2013-01-12 08:00:00.000000 +00:00
LGA,2013,1,12,4,44.96,42.98,93.35,20,9.20624,,0,,3,2013-01-12 09:00:00.000000 +00:00
LGA,2013,1,12,5,44.96,42.98,92.72,20,8.05546,,0,1019.4,3,2013-01-12 10:00:00.000000 +00:00
LGA,2013,1,12,6,44.06,42.08,92.69,20,8.05546,,0,1019.6,2,2013-01-12 11:00:00.000000 +00:00
LGA,2013,1,12,7,44.96,42.8,93.35,40,9.20624,,0,,2,2013-01-12 12:00:00.000000 +00:00
LGA,2013,1,12,8,44.6,42.8,93.35,50,12.65858,,0,,6,2013-01-12 13:00:00.000000 +00:00
LGA,2013,1,12,9,44.06,42.08,92.69,50,9.20624,,0,1020.9,7,2013-01-12 14:00:00.000000 +00:00
LGA,2013,1,12,10,44.06,42.08,92.69,50,8.05546,,0,1020.9,7,2013-01-12 15:00:00.000000 +00:00
LGA,2013,1,12,11,44.06,42.08,92.69,40,5.7539,,0,1020.5,7,2013-01-12 16:00:00.000000 +00:00
LGA,2013,1,12,12,44.6,42.8,93.35,50,9.20624,,0,,2,2013-01-12 17:00:00.000000 +00:00
LGA,2013,1,12,13,44.6,42.8,93.35,60,5.7539,,0,,5,2013-01-12 18:00:00.000000 +00:00
LGA,2013,1,12,14,44.06,42.08,92.69,70,4.60312,,0,1020.8,6,2013-01-12 19:00:00.000000 +00:00
LGA,2013,1,12,15,44.06,42.08,92.69,60,6.90468,,0,1021,5,2013-01-12 20:00:00.000000 +00:00
LGA,2013,1,12,16,44.06,42.08,92.69,40,5.7539,,0,1021.3,2,2013-01-12 21:00:00.000000 +00:00
LGA,2013,1,12,17,42.98,42.08,96.6,50,6.90468,,0,1021.9,2,2013-01-12 22:00:00.000000 +00:00
LGA,2013,1,12,18,42.98,42.08,96.6,70,6.90468,,0,1021.2,1,2013-01-12 23:00:00.000000 +00:00
LGA,2013,1,12,19,42.08,41,95.92,60,3.45234,,0,1021.8,1,2013-01-13 00:00:00.000000 +00:00
LGA,2013,1,12,20,42.8,41,95.92,0,0,,0,,0,2013-01-13 01:00:00.000000 +00:00
LGA,2013,1,12,21,42.08,41,95.92,0,0,,0,1020.4,0,2013-01-13 02:00:00.000000 +00:00
LGA,2013,1,12,22,42.08,41,95.92,60,5.7539,,0,1020.4,0,2013-01-13 03:00:00.000000 +00:00
LGA,2013,1,12,23,42.8,41,95.92,0,0,,0,,0,2013-01-13 04:00:00.000000 +00:00
LGA,2013,1,13,0,42.8,41,95.92,80,4.60312,,0,,0,2013-01-13 05:00:00.000000 +00:00
LGA,2013,1,13,1,42.8,41,95.92,90,4.60312,,0,,0,2013-01-13 06:00:00.000000 +00:00
LGA,2013,1,13,2,42.08,42.08,100,100,4.60312,,0,1020.4,0,2013-01-13 07:00:00.000000 +00:00
LGA,2013,1,13,3,44.06,42.98,95.95,190,5.7539,,0,1020.4,0,2013-01-13 08:00:00.000000 +00:00
LGA,2013,1,13,4,44.06,42.98,95.95,180,4.60312,,0,1019.7,0,2013-01-13 09:00:00.000000 +00:00
LGA,2013,1,13,5,44.06,42.98,95.95,160,5.7539,,0,1019.5,0,2013-01-13 10:00:00.000000 +00:00
LGA,2013,1,13,6,44.6,42.98,95.95,170,6.90468,,0,,0,2013-01-13 11:00:00.000000 +00:00
LGA,2013,1,13,7,42.98,42.8,100,190,8.05546,,0,,0,2013-01-13 12:00:00.000000 +00:00
LGA,2013,1,13,8,42.98,42.8,100,180,5.7539,,0,,0,2013-01-13 13:00:00.000000 +00:00
LGA,2013,1,13,9,44.06,42.98,95.95,170,8.05546,,0,1020.9,0,2013-01-13 14:00:00.000000 +00:00
LGA,2013,1,13,10,44.96,42.98,93.35,180,9.20624,,0,,2,2013-01-13 15:00:00.000000 +00:00
LGA,2013,1,13,11,44.96,42.98,93.35,190,8.05546,,0,,3,2013-01-13 16:00:00.000000 +00:00
LGA,2013,1,13,12,46.4,44.6,93.4,180,5.7539,,0,,5,2013-01-13 17:00:00.000000 +00:00
LGA,2013,1,13,13,46.94,44.06,89.65,180,6.90468,,0,,5,2013-01-13 18:00:00.000000 +00:00
LGA,2013,1,13,14,46.94,42.98,86.02,190,6.90468,,0,1018.6,6,2013-01-13 19:00:00.000000 +00:00
LGA,2013,1,13,15,46.94,42.98,86.02,160,9.20624,,0,1018.1,6,2013-01-13 20:00:00.000000 +00:00
LGA,2013,1,13,16,46.94,42.98,86.02,180,9.20624,,0,1017.5,10,2013-01-13 21:00:00.000000 +00:00
LGA,2013,1,13,17,48.02,44.06,87.19,180,9.20624,,0,,10,2013-01-13 22:00:00.000000 +00:00
LGA,2013,1,13,18,48.02,44.96,89.08,190,4.60312,,0,1017,10,2013-01-13 23:00:00.000000 +00:00
LGA,2013,1,13,19,48.92,46.04,89.73,170,5.7539,,0,,3,2013-01-14 00:00:00.000000 +00:00
LGA,2013,1,13,20,48.92,46.94,93.45,0,0,,0,,1,2013-01-14 01:00:00.000000 +00:00
LGA,2013,1,13,21,50,48.2,93.5,130,5.7539,,0,,2,2013-01-14 02:00:00.000000 +00:00
LGA,2013,1,13,22,46.94,46.4,100,320,4.60312,,0,,1,2013-01-14 03:00:00.000000 +00:00
LGA,2013,1,13,23,48.92,48.02,96.69,160,3.45234,,0,1016,1,2013-01-14 04:00:00.000000 +00:00
LGA,2013,1,14,0,48.92,48.2,100,170,5.7539,,0,,2,2013-01-14 05:00:00.000000 +00:00
LGA,2013,1,14,1,50,48.2,93.5,190,5.7539,,0,,2,2013-01-14 06:00:00.000000 +00:00
LGA,2013,1,14,2,50,48.2,100,180,6.90468,,0,,2,2013-01-14 07:00:00.000000 +00:00
LGA,2013,1,14,3,48.92,48.02,96.69,190,4.60312,,0,1015.6,0,2013-01-14 08:00:00.000000 +00:00
LGA,2013,1,14,4,48.92,48.02,96.69,190,4.60312,,0,1015.5,0,2013-01-14 09:00:00.000000 +00:00
LGA,2013,1,14,5,48.92,48.02,96.69,150,6.90468,,0.01,1014.3,0,2013-01-14 10:00:00.000000 +00:00
LGA,2013,1,14,6,48.92,48.02,96.69,290,5.7539,,0,1016.3,0,2013-01-14 11:00:00.000000 +00:00
LGA,2013,1,14,7,50,48.92,96.05,280,4.60312,,0,1017.2,0,2013-01-14 12:00:00.000000 +00:00
LGA,2013,1,14,8,51.8,48.92,93.5,310,4.60312,,0,,3,2013-01-14 13:00:00.000000 +00:00
LGA,2013,1,14,9,53.6,51.8,93.6,310,10.35702,,0,,9,2013-01-14 14:00:00.000000 +00:00
LGA,2013,1,14,10,53.96,48.92,83,300,9.20624,,0,1018.1,10,2013-01-14 15:00:00.000000 +00:00
LGA,2013,1,14,11,55.04,48.02,77.15,300,6.90468,,0,1018.3,10,2013-01-14 16:00:00.000000 +00:00
LGA,2013,1,14,12,53.96,41,61.41,330,18.41248,27.61872,0,1018.3,10,2013-01-14 17:00:00.000000 +00:00
LGA,2013,1,14,13,53.06,39.92,60.87,320,11.5078,,0,1018.7,10,2013-01-14 18:00:00.000000 +00:00
LGA,2013,1,14,14,53.06,37.94,56.34,310,12.65858,,0,1020.3,10,2013-01-14 19:00:00.000000 +00:00
LGA,2013,1,14,15,51.98,35.96,54.22,310,12.65858,,0,1020.3,10,2013-01-14 20:00:00.000000 +00:00
LGA,2013,1,14,16,51.98,33.98,50.11,330,11.5078,,0,1020.7,10,2013-01-14 21:00:00.000000 +00:00
LGA,2013,1,14,17,51.08,33.08,49.97,340,8.05546,,0,1021.4,10,2013-01-14 22:00:00.000000 +00:00
LGA,2013,1,14,18,50,37.04,60.89,350,5.7539,,0,1021.7,10,2013-01-14 23:00:00.000000 +00:00
LGA,2013,1,14,19,48.02,33.98,58.07,340,11.5078,,0,1024.2,10,2013-01-15 00:00:00.000000 +00:00
LGA,2013,1,14,20,46.04,30.92,55.32,20,10.35702,,0,1024,10,2013-01-15 01:00:00.000000 +00:00
LGA,2013,1,14,21,44.06,30.02,57.5,350,17.2617,,0,1025.1,10,2013-01-15 02:00:00.000000 +00:00
LGA,2013,1,14,22,39.92,33.98,79.12,360,10.35702,,0.02,1025.4,7,2013-01-15 03:00:00.000000 +00:00
LGA,2013,1,14,23,39.02,33.08,79.05,20,5.7539,,0.03,1025.8,10,2013-01-15 04:00:00.000000 +00:00
LGA,2013,1,15,0,39.02,30.02,69.86,20,10.35702,,0,1025,10,2013-01-15 05:00:00.000000 +00:00
LGA,2013,1,15,1,37.94,32,78.96,30,8.05546,,0.03,1025.2,10,2013-01-15 06:00:00.000000 +00:00
LGA,2013,1,15,2,37.04,30.92,78.31,20,9.20624,,0.04,1024.9,8,2013-01-15 07:00:00.000000 +00:00
LGA,2013,1,15,3,35.96,30.92,81.72,60,8.05546,,0.01,1024.2,10,2013-01-15 08:00:00.000000 +00:00
LGA,2013,1,15,4,35.96,28.94,75.39,10,6.90468,,0,1024.7,10,2013-01-15 09:00:00.000000 +00:00
LGA,2013,1,15,5,37.04,28.94,72.24,360,6.90468,,0,1025,10,2013-01-15 10:00:00.000000 +00:00
LGA,2013,1,15,6,37.04,26.96,66.6,360,8.05546,,0,1025.7,10,2013-01-15 11:00:00.000000 +00:00
LGA,2013,1,15,7,37.04,28.04,69.63,360,10.35702,,0,1026.2,10,2013-01-15 12:00:00.000000 +00:00
LGA,2013,1,15,8,37.04,26.06,64.17,350,10.35702,,0,1027.3,10,2013-01-15 13:00:00.000000 +00:00
LGA,2013,1,15,9,37.04,24.98,61.35,360,8.05546,,0,1027.3,10,2013-01-15 14:00:00.000000 +00:00
LGA,2013,1,15,10,37.94,24.98,59.22,360,8.05546,,0,1027.4,10,2013-01-15 15:00:00.000000 +00:00
LGA,2013,1,15,11,37.94,24.98,59.22,360,8.05546,,0,1026.7,10,2013-01-15 16:00:00.000000 +00:00
LGA,2013,1,15,12,37.94,24.98,59.22,360,6.90468,,0,1025.3,10,2013-01-15 17:00:00.000000 +00:00
LGA,2013,1,15,13,37.94,24.08,57.04,360,8.05546,,0,1024.9,10,2013-01-15 18:00:00.000000 +00:00
LGA,2013,1,15,14,37.94,24.08,57.04,10,6.90468,,0,1025.2,10,2013-01-15 19:00:00.000000 +00:00
LGA,2013,1,15,15,39.02,24.98,56.77,360,6.90468,,0,1025.1,10,2013-01-15 20:00:00.000000 +00:00
LGA,2013,1,15,16,39.02,24.08,54.68,350,6.90468,,0,1025.5,10,2013-01-15 21:00:00.000000 +00:00
LGA,2013,1,15,17,39.02,24.08,54.68,10,6.90468,,0,1024.7,10,2013-01-15 22:00:00.000000 +00:00
LGA,2013,1,15,18,39.02,24.98,56.77,360,8.05546,,0,1025.5,10,2013-01-15 23:00:00.000000 +00:00
LGA,2013,1,15,19,39.02,24.98,56.77,20,9.20624,,0,1025.1,10,2013-01-16 00:00:00.000000 +00:00
LGA,2013,1,15,20,37.94,23,54.51,30,5.7539,,0,1024.8,10,2013-01-16 01:00:00.000000 +00:00
LGA,2013,1,15,21,37.94,24.08,57.04,50,8.05546,,0,1024.1,10,2013-01-16 02:00:00.000000 +00:00
LGA,2013,1,15,22,37.04,26.06,64.17,20,8.05546,,0,1023.8,10,2013-01-16 03:00:00.000000 +00:00
LGA,2013,1,15,23,35.96,26.96,69.51,50,8.05546,,0.02,,10,2013-01-16 04:00:00.000000 +00:00
LGA,2013,1,16,0,35.6,28.04,75.31,40,10.35702,,0.04,,8,2013-01-16 05:00:00.000000 +00:00
LGA,2013,1,16,1,33.08,28.94,84.56,30,10.35702,,0.05,1021.9,8,2013-01-16 06:00:00.000000 +00:00
LGA,2013,1,16,2,33.8,30.2,88.37,30,10.35702,,0.05,,7,2013-01-16 07:00:00.000000 +00:00
LGA,2013,1,16,3,33.8,30.92,91.66,40,10.35702,,0.1,,5,2013-01-16 08:00:00.000000 +00:00
LGA,2013,1,16,4,33.08,30.02,88.37,20,8.05546,,0.16,1020,5,2013-01-16 09:00:00.000000 +00:00
LGA,2013,1,16,5,33.8,30.92,91.66,70,8.05546,,0.12,,6,2013-01-16 10:00:00.000000 +00:00
LGA,2013,1,16,6,33.98,30.92,88.42,60,9.20624,,0.06,,6,2013-01-16 11:00:00.000000 +00:00
LGA,2013,1,16,7,33.98,32,93.03,40,8.05546,,0.04,,9,2013-01-16 12:00:00.000000 +00:00
LGA,2013,1,16,8,35.06,32,93.03,40,8.05546,,0.02,,9,2013-01-16 13:00:00.000000 +00:00
LGA,2013,1,16,9,35.06,32,88.47,20,5.7539,,0,1014.7,7,2013-01-16 14:00:00.000000 +00:00
LGA,2013,1,16,10,35.06,32,88.47,360,3.45234,,0.02,1015.1,5,2013-01-16 15:00:00.000000 +00:00
LGA,2013,1,16,11,35.06,32,88.47,330,8.05546,,0.01,1013.9,5,2013-01-16 16:00:00.000000 +00:00
LGA,2013,1,16,12,33.98,30.92,88.42,340,9.20624,,0.01,1012.9,5,2013-01-16 17:00:00.000000 +00:00
LGA,2013,1,16,13,35.06,32,88.47,340,9.20624,,0,1011.4,4,2013-01-16 18:00:00.000000 +00:00
LGA,2013,1,16,14,35.06,32,88.47,350,3.45234,,0,1011.8,4,2013-01-16 19:00:00.000000 +00:00
LGA,2013,1,16,15,35.96,32,86.59,340,5.7539,,0,,6,2013-01-16 20:00:00.000000 +00:00
LGA,2013,1,16,16,35.96,33.08,89.16,270,4.60312,,0,1012.7,6,2013-01-16 21:00:00.000000 +00:00
LGA,2013,1,16,17,37.4,33.8,93.08,280,8.05546,,0,,6,2013-01-16 22:00:00.000000 +00:00
LGA,2013,1,16,18,37.94,33.8,86.69,220,8.05546,,0,,7,2013-01-16 23:00:00.000000 +00:00
LGA,2013,1,16,19,37.94,33.08,82.46,240,9.20624,,0,1012.5,10,2013-01-17 00:00:00.000000 +00:00
LGA,2013,1,16,20,37.94,33.08,82.46,250,10.35702,,0,1013.3,10,2013-01-17 01:00:00.000000 +00:00
LGA,2013,1,16,21,37.94,33.08,82.46,220,4.60312,,0,1012.9,10,2013-01-17 02:00:00.000000 +00:00
LGA,2013,1,16,22,37.94,33.08,82.46,230,8.05546,,0,1012.9,10,2013-01-17 03:00:00.000000 +00:00
LGA,2013,1,16,23,39.02,32,75.69,250,8.05546,,0,1012.9,10,2013-01-17 04:00:00.000000 +00:00
LGA,2013,1,17,0,39.02,32,75.69,250,6.90468,,0,1013.4,10,2013-01-17 05:00:00.000000 +00:00
LGA,2013,1,17,1,39.92,30.92,69.96,250,3.45234,,0,1013.2,10,2013-01-17 06:00:00.000000 +00:00
LGA,2013,1,17,2,39.92,28.94,64.54,250,8.05546,,0,1013.8,10,2013-01-17 07:00:00.000000 +00:00
LGA,2013,1,17,3,41,28.04,59.65,250,11.5078,,0,1013.2,10,2013-01-17 08:00:00.000000 +00:00
LGA,2013,1,17,4,39.92,28.04,62.21,280,10.35702,18.41248,0,1013.1,10,2013-01-17 09:00:00.000000 +00:00
LGA,2013,1,17,5,39.92,26.96,59.5,290,11.5078,,0,1014.3,10,2013-01-17 10:00:00.000000 +00:00
LGA,2013,1,17,6,39.92,26.06,57.33,300,12.65858,,0,1015.2,10,2013-01-17 11:00:00.000000 +00:00
LGA,2013,1,17,7,39.92,26.06,57.33,310,14.96014,,0,1016.3,10,2013-01-17 12:00:00.000000 +00:00
LGA,2013,1,17,8,39.92,26.06,57.33,310,11.5078,,0,1017.6,10,2013-01-17 13:00:00.000000 +00:00
LGA,2013,1,17,9,41,26.06,54.97,310,13.80936,,0,1017.9,10,2013-01-17 14:00:00.000000 +00:00
LGA,2013,1,17,10,41,26.06,54.97,310,13.80936,21.86482,0,1018,10,2013-01-17 15:00:00.000000 +00:00
LGA,2013,1,17,11,42.08,26.06,52.73,300,17.2617,,0,1017.4,10,2013-01-17 16:00:00.000000 +00:00
LGA,2013,1,17,12,42.98,26.96,52.87,310,12.65858,,0,1017.2,10,2013-01-17 17:00:00.000000 +00:00
LGA,2013,1,17,13,42.98,26.06,50.94,320,11.5078,,0,1017.3,10,2013-01-17 18:00:00.000000 +00:00
LGA,2013,1,17,14,42.98,24.98,48.7,320,13.80936,,0,1017.2,10,2013-01-17 19:00:00.000000 +00:00
LGA,2013,1,17,15,42.08,24.98,50.42,350,8.05546,,0,1017.6,10,2013-01-17 20:00:00.000000 +00:00
LGA,2013,1,17,16,42.08,26.06,52.73,330,8.05546,,0,1018.1,10,2013-01-17 21:00:00.000000 +00:00
LGA,2013,1,17,17,41,24.98,52.56,320,8.05546,,0,1017.9,10,2013-01-17 22:00:00.000000 +00:00
LGA,2013,1,17,18,41,24.08,50.63,310,8.05546,,0,1018.7,10,2013-01-17 23:00:00.000000 +00:00
LGA,2013,1,17,19,41,24.08,50.63,330,8.05546,,0,1018.6,10,2013-01-18 00:00:00.000000 +00:00
LGA,2013,1,17,20,39.92,24.08,52.79,360,11.5078,,0,1017.6,10,2013-01-18 01:00:00.000000 +00:00
LGA,2013,1,17,21,37.94,24.98,59.22,10,10.35702,,0,1017.9,10,2013-01-18 02:00:00.000000 +00:00
LGA,2013,1,17,22,37.04,23,56.48,10,11.5078,,0,1016.5,10,2013-01-18 03:00:00.000000 +00:00
LGA,2013,1,17,23,35.96,23,58.94,50,8.05546,,0,1017.1,10,2013-01-18 04:00:00.000000 +00:00
LGA,2013,1,18,0,35.06,21.92,58.37,40,11.5078,,0,1016.6,10,2013-01-18 05:00:00.000000 +00:00
LGA,2013,1,18,1,33.08,19.04,55.89,10,10.35702,,0,1018.5,10,2013-01-18 06:00:00.000000 +00:00
LGA,2013,1,18,2,32,15.98,51.15,20,9.20624,,0,1019.2,10,2013-01-18 07:00:00.000000 +00:00
LGA,2013,1,18,3,30.02,15.98,55.42,340,6.90468,,0,1019.1,9,2013-01-18 08:00:00.000000 +00:00
LGA,2013,1,18,4,30.02,15.08,53.29,360,8.05546,18.41248,0,1020.4,10,2013-01-18 09:00:00.000000 +00:00
LGA,2013,1,18,5,28.94,14,53.13,360,13.80936,,0,1022.3,10,2013-01-18 10:00:00.000000 +00:00
LGA,2013,1,18,6,28.04,12.92,52.57,360,13.80936,,0,1024.3,10,2013-01-18 11:00:00.000000 +00:00
LGA,2013,1,18,7,26.06,12.92,57.04,10,12.65858,,0,1026.4,10,2013-01-18 12:00:00.000000 +00:00
LGA,2013,1,18,8,26.06,10.94,52.25,360,10.35702,,0,1027.8,10,2013-01-18 13:00:00.000000 +00:00
LGA,2013,1,18,9,26.06,10.94,52.25,350,13.80936,19.56326,0,1030,10,2013-01-18 14:00:00.000000 +00:00
LGA,2013,1,18,10,26.96,8.96,46.08,330,16.11092,25.31716,0,1030.3,10,2013-01-18 15:00:00.000000 +00:00
LGA,2013,1,18,11,28.04,5,36.83,340,13.80936,18.41248,0,1030.1,10,2013-01-18 16:00:00.000000 +00:00
LGA,2013,1,18,12,28.94,6.8,39.39,320,14.96014,21.86482,0,,10,2013-01-18 17:00:00.000000 +00:00
LGA,2013,1,18,13,30.02,6.98,37.17,320,16.11092,24.16638,0,1030.3,10,2013-01-18 18:00:00.000000 +00:00
LGA,2013,1,18,14,30.02,3.92,32.32,310,12.65858,,0,1030.3,10,2013-01-18 19:00:00.000000 +00:00
LGA,2013,1,18,15,30.02,1.94,29.5,310,13.80936,19.56326,0,1030.7,10,2013-01-18 20:00:00.000000 +00:00
LGA,2013,1,18,16,28.94,3.02,32.41,340,8.05546,,0,1031,10,2013-01-18 21:00:00.000000 +00:00
LGA,2013,1,18,17,30.02,1.04,28.29,260,10.35702,17.2617,0,1032.2,10,2013-01-18 22:00:00.000000 +00:00
LGA,2013,1,18,18,30.02,1.94,29.5,210,12.65858,16.11092,0,1032.2,10,2013-01-18 23:00:00.000000 +00:00
LGA,2013,1,18,19,30.02,3.02,31.01,210,10.35702,,0,1031.9,10,2013-01-19 00:00:00.000000 +00:00
LGA,2013,1,18,20,30.02,3.92,32.32,210,8.05546,17.2617,0,1031.5,10,2013-01-19 01:00:00.000000 +00:00
LGA,2013,1,18,21,30.02,6.98,37.17,210,9.20624,,0,1031.6,10,2013-01-19 02:00:00.000000 +00:00
LGA,2013,1,18,22,30.02,8.96,40.65,220,10.35702,,0,1030.6,10,2013-01-19 03:00:00.000000 +00:00
LGA,2013,1,18,23,30.92,8.96,39.19,210,9.20624,,0,1029.8,10,2013-01-19 04:00:00.000000 +00:00
LGA,2013,1,19,0,30.92,8.96,39.19,220,12.65858,,0,1029.2,10,2013-01-19 05:00:00.000000 +00:00
LGA,2013,1,19,1,30.92,10.94,42.82,210,13.80936,18.41248,0,1029.3,10,2013-01-19 06:00:00.000000 +00:00
LGA,2013,1,19,2,30.92,12.02,44.92,200,9.20624,,0,1028.4,10,2013-01-19 07:00:00.000000 +00:00
LGA,2013,1,19,3,32,14,46.92,210,11.5078,,0,1027.3,10,2013-01-19 08:00:00.000000 +00:00
LGA,2013,1,19,4,33.08,15.98,48.98,210,12.65858,21.86482,0,1026.8,10,2013-01-19 09:00:00.000000 +00:00
LGA,2013,1,19,5,33.08,17.96,53.36,210,13.80936,20.71404,0,1026.5,10,2013-01-19 10:00:00.000000 +00:00
LGA,2013,1,19,6,33.08,19.94,58.08,220,18.41248,24.16638,0,1026,10,2013-01-19 11:00:00.000000 +00:00
LGA,2013,1,19,7,33.98,21.92,60.93,220,12.65858,19.56326,0,1025.8,10,2013-01-19 12:00:00.000000 +00:00
LGA,2013,1,19,8,35.96,23,58.94,220,17.2617,25.31716,0,1025.6,10,2013-01-19 13:00:00.000000 +00:00
LGA,2013,1,19,9,39.02,24.08,54.68,230,10.35702,24.16638,0,1025,10,2013-01-19 14:00:00.000000 +00:00
LGA,2013,1,19,10,41,23,48.39,210,19.56326,26.46794,0,1023.7,10,2013-01-19 15:00:00.000000 +00:00
LGA,2013,1,19,11,44.06,24.08,45.01,220,14.96014,23.0156,0,1021.8,10,2013-01-19 16:00:00.000000 +00:00
LGA,2013,1,19,12,46.94,24.08,40.35,230,17.2617,23.0156,0,1020.4,10,2013-01-19 17:00:00.000000 +00:00
LGA,2013,1,19,13,48.92,24.08,37.46,240,13.80936,,0,1019.4,10,2013-01-19 18:00:00.000000 +00:00
LGA,2013,1,19,14,51.08,23,33.04,220,10.35702,24.16638,0,1018.7,10,2013-01-19 19:00:00.000000 +00:00
LGA,2013,1,19,15,51.98,21.92,30.53,230,14.96014,24.16638,0,1017.8,10,2013-01-19 20:00:00.000000 +00:00
LGA,2013,1,19,16,51.08,23,33.04,210,11.5078,,0,1017.5,10,2013-01-19 21:00:00.000000 +00:00
LGA,2013,1,19,17,50,24.08,35.98,210,14.96014,20.71404,0,1017.2,10,2013-01-19 22:00:00.000000 +00:00
LGA,2013,1,19,18,50,24.08,35.98,210,13.80936,20.71404,0,1017,10,2013-01-19 23:00:00.000000 +00:00
LGA,2013,1,19,19,48.02,24.98,40.22,200,16.11092,26.46794,0,1016.7,10,2013-01-20 00:00:00.000000 +00:00
LGA,2013,1,19,20,46.94,24.98,41.89,210,16.11092,,0,1016,10,2013-01-20 01:00:00.000000 +00:00
LGA,2013,1,19,21,46.04,24.98,43.34,210,14.96014,,0,1015.3,10,2013-01-20 02:00:00.000000 +00:00
LGA,2013,1,19,22,46.04,24.98,43.34,210,13.80936,23.0156,0,1014.4,10,2013-01-20 03:00:00.000000 +00:00
LGA,2013,1,19,23,44.96,26.06,47.23,210,11.5078,,0,1013.4,10,2013-01-20 04:00:00.000000 +00:00
LGA,2013,1,20,0,44.06,26.06,48.87,210,13.80936,20.71404,0,1012.1,10,2013-01-20 05:00:00.000000 +00:00
LGA,2013,1,20,1,42.08,26.96,54.73,210,11.5078,,0,1011.3,10,2013-01-20 06:00:00.000000 +00:00
LGA,2013,1,20,2,42.08,26.96,54.73,220,8.05546,,0,1010.9,10,2013-01-20 07:00:00.000000 +00:00
LGA,2013,1,20,3,42.08,26.96,54.73,220,9.20624,,0,1010.1,10,2013-01-20 08:00:00.000000 +00:00
LGA,2013,1,20,4,42.08,26.96,54.73,210,11.5078,,0,1008.8,10,2013-01-20 09:00:00.000000 +00:00
LGA,2013,1,20,5,42.08,26.96,54.73,210,12.65858,18.41248,0,1008.1,10,2013-01-20 10:00:00.000000 +00:00
LGA,2013,1,20,6,42.08,26.96,54.73,200,11.5078,,0,1007.4,10,2013-01-20 11:00:00.000000 +00:00
LGA,2013,1,20,7,42.98,26.96,52.87,220,16.11092,21.86482,0,1006.9,10,2013-01-20 12:00:00.000000 +00:00
LGA,2013,1,20,8,44.06,26.96,50.73,220,14.96014,21.86482,0,1007.4,10,2013-01-20 13:00:00.000000 +00:00
LGA,2013,1,20,9,48.02,26.96,43.67,230,17.2617,20.71404,0,1007.6,10,2013-01-20 14:00:00.000000 +00:00
LGA,2013,1,20,10,51.98,26.96,37.68,240,12.65858,21.86482,0,1006.9,10,2013-01-20 15:00:00.000000 +00:00
LGA,2013,1,20,11,53.06,26.06,34.89,260,21.86482,37.97574,0,1005.8,10,2013-01-20 16:00:00.000000 +00:00
LGA,2013,1,20,12,53.96,23,29.72,270,21.86482,39.12652,0,1005.3,10,2013-01-20 17:00:00.000000 +00:00
LGA,2013,1,20,13,53.06,21.02,28.25,270,25.31716,35.67418,0,1005.7,10,2013-01-20 18:00:00.000000 +00:00
LGA,2013,1,20,14,53.06,17.06,23.84,290,19.56326,36.82496,0,1006.5,10,2013-01-20 19:00:00.000000 +00:00
LGA,2013,1,20,15,51.08,6.98,16.42,270,25.31716,40.2773,0,1008,10,2013-01-20 20:00:00.000000 +00:00
LGA,2013,1,20,16,48.92,8.96,19.45,290,27.61872,37.97574,0,1009.3,10,2013-01-20 21:00:00.000000 +00:00
LGA,2013,1,20,17,46.04,12.02,24.85,290,25.31716,32.22184,0,1011,10,2013-01-20 22:00:00.000000 +00:00
LGA,2013,1,20,18,42.08,17.96,37.46,300,20.71404,29.92028,0,1012.4,10,2013-01-20 23:00:00.000000 +00:00
LGA,2013,1,20,19,39.02,15.98,38.72,300,18.41248,26.46794,0,1013.9,10,2013-01-21 00:00:00.000000 +00:00
LGA,2013,1,20,20,37.04,14,38.38,310,18.41248,27.61872,0,1015.1,10,2013-01-21 01:00:00.000000 +00:00
LGA,2013,1,20,21,35.06,12.92,39.58,320,16.11092,24.16638,0,1015.7,10,2013-01-21 02:00:00.000000 +00:00
LGA,2013,1,20,22,33.08,12.02,41.17,300,13.80936,,0,1016.6,10,2013-01-21 03:00:00.000000 +00:00
LGA,2013,1,20,23,30.92,10.94,42.82,310,16.11092,25.31716,0,1017.3,10,2013-01-21 04:00:00.000000 +00:00
LGA,2013,1,21,0,30.02,10.04,42.66,320,18.41248,26.46794,0,1017.4,10,2013-01-21 05:00:00.000000 +00:00
LGA,2013,1,21,1,30.02,10.04,42.66,310,17.2617,,0,1018.2,10,2013-01-21 06:00:00.000000 +00:00
LGA,2013,1,21,2,28.94,6.98,38.85,300,13.80936,,0,1018.5,10,2013-01-21 07:00:00.000000 +00:00
LGA,2013,1,21,3,28.94,6.08,37.29,300,6.90468,,0,1018.6,10,2013-01-21 08:00:00.000000 +00:00
LGA,2013,1,21,4,28.04,6.98,40.31,300,9.20624,,0,1018.5,10,2013-01-21 09:00:00.000000 +00:00
LGA,2013,1,21,5,28.04,6.98,40.31,300,4.60312,,0,1018.6,10,2013-01-21 10:00:00.000000 +00:00
LGA,2013,1,21,6,28.04,8.06,42.32,280,5.7539,,0,1018.8,10,2013-01-21 11:00:00.000000 +00:00
LGA,2013,1,21,7,28.04,8.06,42.32,300,5.7539,,0,1018.7,10,2013-01-21 12:00:00.000000 +00:00
LGA,2013,1,21,8,28.94,8.96,42.48,320,4.60312,,0,1019,10,2013-01-21 13:00:00.000000 +00:00
LGA,2013,1,21,9,28.94,6.08,37.29,0,0,,0,1019.1,10,2013-01-21 14:00:00.000000 +00:00
LGA,2013,1,21,10,30.02,6.98,37.17,0,0,,0,1018.1,10,2013-01-21 15:00:00.000000 +00:00
LGA,2013,1,21,11,30.92,6.98,35.84,180,9.20624,,0,1016.7,10,2013-01-21 16:00:00.000000 +00:00
LGA,2013,1,21,12,30.92,8.96,39.19,230,9.20624,,0,1015.1,10,2013-01-21 17:00:00.000000 +00:00
LGA,2013,1,21,13,32,8.06,36.03,220,10.35702,,0,1014.7,10,2013-01-21 18:00:00.000000 +00:00
LGA,2013,1,21,14,32,10.04,39.38,200,10.35702,,0,1014,10,2013-01-21 19:00:00.000000 +00:00
LGA,2013,1,21,15,32,10.94,40.99,200,8.05546,,0,1012.8,10,2013-01-21 20:00:00.000000 +00:00
LGA,2013,1,21,16,30.92,12.02,44.92,190,8.05546,,0,1012.2,10,2013-01-21 21:00:00.000000 +00:00
LGA,2013,1,21,17,32,14,46.92,210,5.7539,,0,1012.2,10,2013-01-21 22:00:00.000000 +00:00
LGA,2013,1,21,18,32,14,46.92,170,5.7539,,0,1011.7,10,2013-01-21 23:00:00.000000 +00:00
LGA,2013,1,21,19,32,15.08,49.19,330,11.5078,,0,1011.5,10,2013-01-22 00:00:00.000000 +00:00
LGA,2013,1,21,20,30.02,17.96,60.38,310,16.11092,,0,1011.5,10,2013-01-22 01:00:00.000000 +00:00
LGA,2013,1,21,21,30.92,15.98,53.44,300,12.65858,20.71404,0,1010.6,10,2013-01-22 02:00:00.000000 +00:00
LGA,2013,1,21,22,30.02,17.96,60.38,300,12.65858,24.16638,0,1010.5,10,2013-01-22 03:00:00.000000 +00:00
LGA,2013,1,21,23,28.94,17.96,63.1,300,12.65858,,0,1010.4,10,2013-01-22 04:00:00.000000 +00:00
LGA,2013,1,22,0,28.04,12.02,50.52,300,17.2617,23.0156,0,1010.2,10,2013-01-22 05:00:00.000000 +00:00
LGA,2013,1,22,1,26.96,8.96,46.08,310,18.41248,26.46794,0,1010.9,10,2013-01-22 06:00:00.000000 +00:00
LGA,2013,1,22,2,26.06,5,39.96,290,24.16638,31.07106,0,1011.4,10,2013-01-22 07:00:00.000000 +00:00
LGA,2013,1,22,3,24.98,6.08,43.91,310,19.56326,28.7695,0,1011.8,10,2013-01-22 08:00:00.000000 +00:00
LGA,2013,1,22,4,24.08,6.08,45.59,310,17.2617,24.16638,0,1012.7,10,2013-01-22 09:00:00.000000 +00:00
LGA,2013,1,22,5,24.08,10.04,54.51,300,14.96014,19.56326,0,1013.9,10,2013-01-22 10:00:00.000000 +00:00
LGA,2013,1,22,6,21.92,8.96,56.87,310,17.2617,,0,1014.9,9,2013-01-22 11:00:00.000000 +00:00
LGA,2013,1,22,7,21.02,6.98,54.03,320,16.11092,24.16638,0,1015.8,10,2013-01-22 12:00:00.000000 +00:00
LGA,2013,1,22,8,21.02,5,49.37,310,18.41248,26.46794,0,1016.6,10,2013-01-22 13:00:00.000000 +00:00
LGA,2013,1,22,9,19.94,8.06,59.4,290,18.41248,28.7695,0,1017.3,10,2013-01-22 14:00:00.000000 +00:00
LGA,2013,1,22,10,21.02,1.04,41.11,300,19.56326,27.61872,0,1017.3,10,2013-01-22 15:00:00.000000 +00:00
LGA,2013,1,22,11,21.02,-0.04,39.08,290,21.86482,31.07106,0,1016.6,10,2013-01-22 16:00:00.000000 +00:00
LGA,2013,1,22,12,21.92,-2.92,32.83,270,24.16638,32.22184,0,1016.2,10,2013-01-22 17:00:00.000000 +00:00
LGA,2013,1,22,13,21.92,-5.98,28.35,280,24.16638,35.67418,0,1016.3,10,2013-01-22 18:00:00.000000 +00:00
LGA,2013,1,22,14,23,-0.94,34.46,290,24.16638,29.92028,0,1016.7,10,2013-01-22 19:00:00.000000 +00:00
LGA,2013,1,22,15,21.92,-4,31.18,280,19.56326,25.31716,0,1017.5,10,2013-01-22 20:00:00.000000 +00:00
LGA,2013,1,22,16,19.94,1.94,44.88,300,20.71404,33.37262,0,1018.8,10,2013-01-22 21:00:00.000000 +00:00
LGA,2013,1,22,17,19.94,-0.04,40.92,300,24.16638,32.22184,0,1020,10,2013-01-22 22:00:00.000000 +00:00
LGA,2013,1,22,18,19.04,1.04,44.73,300,19.56326,28.7695,0,1020.8,10,2013-01-22 23:00:00.000000 +00:00
LGA,2013,1,22,19,17.96,3.92,53.54,300,16.11092,24.16638,0,1021.5,10,2013-01-23 00:00:00.000000 +00:00
LGA,2013,1,22,20,17.06,1.04,48.7,310,17.2617,29.92028,0,1021.9,10,2013-01-23 01:00:00.000000 +00:00
LGA,2013,1,22,21,17.06,-2.92,40.41,300,21.86482,33.37262,0,1022.4,10,2013-01-23 02:00:00.000000 +00:00
LGA,2013,1,22,22,15.98,-2.02,44.19,310,23.0156,33.37262,0,1023,10,2013-01-23 03:00:00.000000 +00:00
LGA,2013,1,22,23,15.08,-5.98,38.03,300,18.41248,31.07106,0,1022.7,10,2013-01-23 04:00:00.000000 +00:00
LGA,2013,1,23,0,14,-5.08,41.63,310,16.11092,27.61872,0,1022.5,10,2013-01-23 05:00:00.000000 +00:00
LGA,2013,1,23,1,14,-5.08,41.63,300,19.56326,26.46794,0,1022.9,10,2013-01-23 06:00:00.000000 +00:00
LGA,2013,1,23,2,14,-5.08,41.63,280,14.96014,25.31716,0,1023.4,10,2013-01-23 07:00:00.000000 +00:00
LGA,2013,1,23,3,14,-4,43.85,300,19.56326,25.31716,0,1023,10,2013-01-23 08:00:00.000000 +00:00
LGA,2013,1,23,4,12.92,-4,45.98,270,12.65858,,0,1023.2,10,2013-01-23 09:00:00.000000 +00:00
LGA,2013,1,23,5,14,-2.02,48.18,280,10.35702,,0,1023.2,10,2013-01-23 10:00:00.000000 +00:00
LGA,2013,1,23,6,12.02,-2.92,50.37,300,17.2617,24.16638,0,1023.7,10,2013-01-23 11:00:00.000000 +00:00
LGA,2013,1,23,7,12.92,-2.02,50.52,300,12.65858,21.86482,0,1023.9,10,2013-01-23 12:00:00.000000 +00:00
LGA,2013,1,23,8,14,1.04,55.64,310,13.80936,23.0156,0,1024.2,10,2013-01-23 13:00:00.000000 +00:00
LGA,2013,1,23,9,15.08,-2.02,45.96,300,14.96014,21.86482,0,1024.6,10,2013-01-23 14:00:00.000000 +00:00
LGA,2013,1,23,10,15.98,-2.92,42.34,310,12.65858,25.31716,0,1024.4,10,2013-01-23 15:00:00.000000 +00:00
LGA,2013,1,23,11,17.06,-2.92,40.41,310,18.41248,23.0156,0,1023.1,10,2013-01-23 16:00:00.000000 +00:00
LGA,2013,1,23,12,17.06,-7.06,33.11,300,14.96014,26.46794,0,1022.1,10,2013-01-23 17:00:00.000000 +00:00
LGA,2013,1,23,13,19.04,-2.02,38.73,310,18.41248,25.31716,0,1021.6,10,2013-01-23 18:00:00.000000 +00:00
LGA,2013,1,23,14,19.94,-2.02,37.27,310,11.5078,24.16638,0,1021.5,10,2013-01-23 19:00:00.000000 +00:00
LGA,2013,1,23,15,19.94,-2.92,35.71,320,12.65858,26.46794,0,1021.6,10,2013-01-23 20:00:00.000000 +00:00
LGA,2013,1,23,16,19.04,-2.02,38.73,320,12.65858,,0,1021.8,10,2013-01-23 21:00:00.000000 +00:00
LGA,2013,1,23,17,19.04,-4,35.25,300,17.2617,26.46794,0,1022.4,10,2013-01-23 22:00:00.000000 +00:00
LGA,2013,1,23,18,17.96,-2.92,38.87,300,17.2617,21.86482,0,1022.8,10,2013-01-23 23:00:00.000000 +00:00
LGA,2013,1,23,19,17.96,-0.94,42.69,310,12.65858,,0,1022.7,10,2013-01-24 00:00:00.000000 +00:00
LGA,2013,1,23,20,17.06,-0.04,46.3,310,11.5078,,0,1022.5,10,2013-01-24 01:00:00.000000 +00:00
LGA,2013,1,23,21,17.06,-0.94,44.38,310,9.20624,,0,1022.7,10,2013-01-24 02:00:00.000000 +00:00
LGA,2013,1,23,22,17.06,-0.94,44.38,310,6.90468,,0,1022.7,10,2013-01-24 03:00:00.000000 +00:00
LGA,2013,1,23,23,17.06,-0.94,44.38,320,9.20624,,0,1022.3,10,2013-01-24 04:00:00.000000 +00:00
LGA,2013,1,24,0,17.06,-0.94,44.38,300,9.20624,,0,1021.5,10,2013-01-24 05:00:00.000000 +00:00
LGA,2013,1,24,1,17.06,-0.04,46.3,340,6.90468,,0,1021.1,10,2013-01-24 06:00:00.000000 +00:00
LGA,2013,1,24,2,15.98,1.04,51.03,360,6.90468,,0,1020.5,10,2013-01-24 07:00:00.000000 +00:00
LGA,2013,1,24,3,15.98,1.04,51.03,330,8.05546,,0,1020.5,10,2013-01-24 08:00:00.000000 +00:00
LGA,2013,1,24,4,15.98,-0.04,48.52,330,9.20624,,0,1020.6,10,2013-01-24 09:00:00.000000 +00:00
LGA,2013,1,24,5,15.98,3.02,55.95,10,5.7539,,0,1021.3,10,2013-01-24 10:00:00.000000 +00:00
LGA,2013,1,24,6,15.08,3.02,58.19,10,5.7539,,0,1021.9,10,2013-01-24 11:00:00.000000 +00:00
LGA,2013,1,24,7,15.08,3.02,58.19,330,10.35702,,0,1022.4,10,2013-01-24 12:00:00.000000 +00:00
LGA,2013,1,24,8,15.98,3.92,58.32,340,9.20624,,0,1022.9,10,2013-01-24 13:00:00.000000 +00:00
LGA,2013,1,24,9,17.96,3.02,51.36,340,14.96014,19.56326,0,1023.6,10,2013-01-24 14:00:00.000000 +00:00
LGA,2013,1,24,10,19.94,1.04,43.04,330,13.80936,,0,1023.9,10,2013-01-24 15:00:00.000000 +00:00
LGA,2013,1,24,11,21.02,-0.94,37.46,330,17.2617,,0,1023.4,10,2013-01-24 16:00:00.000000 +00:00
LGA,2013,1,24,12,21.92,-0.04,37.62,320,24.16638,33.37262,0,1023.4,10,2013-01-24 17:00:00.000000 +00:00
LGA,2013,1,24,13,23,-0.94,34.46,330,28.7695,37.97574,0,1023.3,10,2013-01-24 18:00:00.000000 +00:00
LGA,2013,1,24,14,24.08,-0.04,34.36,320,23.0156,31.07106,0,1024.5,10,2013-01-24 19:00:00.000000 +00:00
LGA,2013,1,24,15,23,-0.04,35.95,330,19.56326,34.5234,0,1025.2,10,2013-01-24 20:00:00.000000 +00:00
LGA,2013,1,24,16,23,1.04,37.81,310,17.2617,25.31716,0,1026.1,10,2013-01-24 21:00:00.000000 +00:00
LGA,2013,1,24,17,23,1.04,37.81,300,25.31716,32.22184,0,1027,10,2013-01-24 22:00:00.000000 +00:00
LGA,2013,1,24,18,21.92,1.94,41.26,320,24.16638,33.37262,0,1027.9,10,2013-01-24 23:00:00.000000 +00:00
LGA,2013,1,24,19,19.94,-0.04,40.92,310,20.71404,31.07106,0,1029,10,2013-01-25 00:00:00.000000 +00:00
LGA,2013,1,24,20,19.04,-0.04,42.52,310,14.96014,24.16638,0,1028.8,10,2013-01-25 01:00:00.000000 +00:00
LGA,2013,1,24,21,17.96,1.94,48.85,310,17.2617,29.92028,0,1029,10,2013-01-25 02:00:00.000000 +00:00
LGA,2013,1,24,22,17.96,1.04,46.85,300,23.0156,28.7695,0,1029,10,2013-01-25 03:00:00.000000 +00:00
LGA,2013,1,24,23,17.96,1.94,48.85,310,19.56326,33.37262,0,1029,10,2013-01-25 04:00:00.000000 +00:00
LGA,2013,1,25,0,17.06,1.04,48.7,300,17.2617,,0,1029.3,10,2013-01-25 05:00:00.000000 +00:00
LGA,2013,1,25,1,15.98,-0.04,48.52,300,14.96014,25.31716,0,1030,10,2013-01-25 06:00:00.000000 +00:00
LGA,2013,1,25,2,15.08,-0.04,50.46,300,14.96014,24.16638,0,1029.8,10,2013-01-25 07:00:00.000000 +00:00
LGA,2013,1,25,3,15.08,1.04,53.07,290,11.5078,,0,1029.7,10,2013-01-25 08:00:00.000000 +00:00
LGA,2013,1,25,4,15.08,1.04,53.07,300,16.11092,,0,1029.6,10,2013-01-25 09:00:00.000000 +00:00
LGA,2013,1,25,5,15.08,1.94,55.35,300,17.2617,23.0156,0,1029.7,10,2013-01-25 10:00:00.000000 +00:00
LGA,2013,1,25,6,15.08,1.94,55.35,280,11.5078,,0,1029.9,10,2013-01-25 11:00:00.000000 +00:00
LGA,2013,1,25,7,15.98,3.02,55.95,320,14.96014,,0,1029,10,2013-01-25 12:00:00.000000 +00:00
LGA,2013,1,25,8,15.98,3.02,55.95,320,10.35702,,0,1029.3,10,2013-01-25 13:00:00.000000 +00:00
LGA,2013,1,25,9,17.06,1.94,50.79,,5.7539,,0,1029.9,10,2013-01-25 14:00:00.000000 +00:00
LGA,2013,1,25,10,19.04,1.94,46.64,0,0,,0,1029.2,10,2013-01-25 15:00:00.000000 +00:00
LGA,2013,1,25,11,21.02,1.94,42.87,0,0,,0,1027.1,10,2013-01-25 16:00:00.000000 +00:00
LGA,2013,1,25,12,21.02,1.94,42.87,80,3.45234,,0,1025.9,10,2013-01-25 17:00:00.000000 +00:00
LGA,2013,1,25,13,21.92,3.02,43.38,0,0,,0,1024.3,10,2013-01-25 18:00:00.000000 +00:00
LGA,2013,1,25,14,23,3.92,43.21,20,3.45234,,0,1023.6,10,2013-01-25 19:00:00.000000 +00:00
LGA,2013,1,25,15,24.08,-0.04,34.36,210,5.7539,,0,1022.8,10,2013-01-25 20:00:00.000000 +00:00
LGA,2013,1,25,16,24.08,1.94,37.68,210,6.90468,,0,1022.3,10,2013-01-25 21:00:00.000000 +00:00
LGA,2013,1,25,17,24.8,15.98,84.33,220,9.20624,,0.01,,4,2013-01-25 22:00:00.000000 +00:00
LGA,2013,1,25,18,21.2,15.8,79.31,230,5.7539,,0.01,,2,2013-01-25 23:00:00.000000 +00:00
LGA,2013,1,25,19,21.2,15.98,80.55,240,8.05546,,0.01,,2,2013-01-26 00:00:00.000000 +00:00
LGA,2013,1,25,20,21.2,17.6,85.74,270,9.20624,,0.01,,2,2013-01-26 01:00:00.000000 +00:00
LGA,2013,1,25,21,21.2,12.92,70.46,230,8.05546,,0,,6,2013-01-26 02:00:00.000000 +00:00
LGA,2013,1,25,22,21.2,12.2,73.13,270,10.35702,,0,,10,2013-01-26 03:00:00.000000 +00:00
LGA,2013,1,25,23,19.94,12.92,73.77,310,11.5078,,0,1018.3,10,2013-01-26 04:00:00.000000 +00:00
LGA,2013,1,26,0,19.94,12.02,70.89,300,11.5078,,0,1018.1,10,2013-01-26 05:00:00.000000 +00:00
LGA,2013,1,26,1,19.04,12.92,76.66,290,11.5078,,0,1018.3,10,2013-01-26 06:00:00.000000 +00:00
LGA,2013,1,26,2,19.04,10.94,70.22,300,18.41248,,0,1017.6,10,2013-01-26 07:00:00.000000 +00:00
LGA,2013,1,26,3,19.04,10.94,70.22,310,13.80936,20.71404,0,1017.4,10,2013-01-26 08:00:00.000000 +00:00
LGA,2013,1,26,4,19.04,10.04,67.46,340,11.5078,,0,1017.8,10,2013-01-26 09:00:00.000000 +00:00
LGA,2013,1,26,5,17.96,8.96,67.33,330,12.65858,,0,1018.7,10,2013-01-26 10:00:00.000000 +00:00
LGA,2013,1,26,6,17.96,8.06,64.65,330,10.35702,,0,1019.4,10,2013-01-26 11:00:00.000000 +00:00
LGA,2013,1,26,7,17.96,8.96,67.33,320,12.65858,,0,1020,10,2013-01-26 12:00:00.000000 +00:00
LGA,2013,1,26,8,19.04,8.96,64.28,330,12.65858,,0,1020.8,10,2013-01-26 13:00:00.000000 +00:00
LGA,2013,1,26,9,19.94,8.06,59.4,330,12.65858,,0,1021.2,10,2013-01-26 14:00:00.000000 +00:00
LGA,2013,1,26,10,21.92,10.04,59.69,350,10.35702,,0,1021.3,10,2013-01-26 15:00:00.000000 +00:00
LGA,2013,1,26,11,23,10.04,57.03,320,10.35702,,0,1021.3,10,2013-01-26 16:00:00.000000 +00:00
LGA,2013,1,26,12,24.98,8.96,50.02,330,11.5078,,0,1020.3,10,2013-01-26 17:00:00.000000 +00:00
LGA,2013,1,26,13,26.06,8.06,45.93,320,9.20624,,0,1020.5,10,2013-01-26 18:00:00.000000 +00:00
LGA,2013,1,26,14,26.96,6.98,42.14,320,13.80936,18.41248,0,1020.6,10,2013-01-26 19:00:00.000000 +00:00
LGA,2013,1,26,15,28.94,8.06,40.79,320,13.80936,21.86482,0,1021.1,10,2013-01-26 20:00:00.000000 +00:00
LGA,2013,1,26,16,28.04,6.98,40.31,320,21.86482,27.61872,0,1021.8,10,2013-01-26 21:00:00.000000 +00:00
LGA,2013,1,26,17,26.06,6.08,41.98,340,20.71404,26.46794,0,1023.3,10,2013-01-26 22:00:00.000000 +00:00
LGA,2013,1,26,18,24.98,6.08,43.91,340,17.2617,25.31716,0,1024.3,10,2013-01-26 23:00:00.000000 +00:00
LGA,2013,1,26,19,24.08,5,43.4,330,20.71404,27.61872,0,1025.4,10,2013-01-27 00:00:00.000000 +00:00
LGA,2013,1,26,20,24.08,6.08,45.59,320,18.41248,24.16638,0,1026.2,10,2013-01-27 01:00:00.000000 +00:00
LGA,2013,1,26,21,23,6.08,47.7,330,19.56326,26.46794,0,1027.3,10,2013-01-27 02:00:00.000000 +00:00
LGA,2013,1,26,22,21.92,8.06,54.61,310,18.41248,23.0156,0,1028.2,10,2013-01-27 03:00:00.000000 +00:00
LGA,2013,1,26,23,21.92,8.06,54.61,310,17.2617,23.0156,0,1028.4,10,2013-01-27 04:00:00.000000 +00:00
LGA,2013,1,27,0,21.92,8.06,54.61,300,19.56326,,0,1028.6,10,2013-01-27 05:00:00.000000 +00:00
LGA,2013,1,27,1,21.92,8.06,54.61,290,16.11092,,0,1029.4,10,2013-01-27 06:00:00.000000 +00:00
LGA,2013,1,27,2,21.92,8.96,56.87,300,16.11092,,0,1029.6,10,2013-01-27 07:00:00.000000 +00:00
LGA,2013,1,27,3,21.02,10.04,62,300,13.80936,,0,1030.1,10,2013-01-27 08:00:00.000000 +00:00
LGA,2013,1,27,4,21.02,10.04,62,300,10.35702,,0,1030.2,10,2013-01-27 09:00:00.000000 +00:00
LGA,2013,1,27,5,21.02,10.94,64.54,300,8.05546,,0,1030.7,10,2013-01-27 10:00:00.000000 +00:00
LGA,2013,1,27,6,21.92,10.94,62.13,300,14.96014,,0,1030.8,10,2013-01-27 11:00:00.000000 +00:00
LGA,2013,1,27,7,21.92,10.94,62.13,300,12.65858,,0,1031.7,10,2013-01-27 12:00:00.000000 +00:00
LGA,2013,1,27,8,23,10.94,59.37,290,11.5078,,0,1032.3,10,2013-01-27 13:00:00.000000 +00:00
LGA,2013,1,27,9,24.98,10.94,54.65,300,12.65858,,0,1033,10,2013-01-27 14:00:00.000000 +00:00
LGA,2013,1,27,10,28.04,10.04,46.26,300,11.5078,,0,1033.5,10,2013-01-27 15:00:00.000000 +00:00
LGA,2013,1,27,11,30.02,8.96,40.65,310,11.5078,,0,1032.5,10,2013-01-27 16:00:00.000000 +00:00
LGA,2013,1,27,12,30.92,6.98,35.84,340,8.05546,,0,1031.8,10,2013-01-27 17:00:00.000000 +00:00
LGA,2013,1,27,13,32,6.98,34.31,320,9.20624,17.2617,0,1031.3,10,2013-01-27 18:00:00.000000 +00:00
LGA,2013,1,27,14,33.98,8.96,34.65,310,9.20624,,0,1031.4,10,2013-01-27 19:00:00.000000 +00:00
LGA,2013,1,27,15,33.98,8.06,33.28,340,6.90468,,0,1031.3,10,2013-01-27 20:00:00.000000 +00:00
LGA,2013,1,27,16,33.98,6.98,31.69,290,12.65858,,0,1032,10,2013-01-27 21:00:00.000000 +00:00
LGA,2013,1,27,17,33.98,8.06,33.28,300,9.20624,,0,1032.4,10,2013-01-27 22:00:00.000000 +00:00
LGA,2013,1,27,18,33.08,8.06,34.5,310,11.5078,,0,1032.8,10,2013-01-27 23:00:00.000000 +00:00
LGA,2013,1,27,19,33.08,10.04,37.7,310,9.20624,,0,1032.5,10,2013-01-28 00:00:00.000000 +00:00
LGA,2013,1,27,20,33.08,12.92,42.84,320,9.20624,,0,1032.5,10,2013-01-28 01:00:00.000000 +00:00
LGA,2013,1,27,21,32,12.02,43,310,8.05546,,0,1032.7,10,2013-01-28 02:00:00.000000 +00:00
LGA,2013,1,27,22,32,10.94,40.99,300,5.7539,,0,1032.2,10,2013-01-28 03:00:00.000000 +00:00
LGA,2013,1,27,23,30.92,10.04,41.13,300,5.7539,,0,1032.3,10,2013-01-28 04:00:00.000000 +00:00
LGA,2013,1,28,0,30.92,12.02,44.92,310,5.7539,,0,1032.2,10,2013-01-28 05:00:00.000000 +00:00
LGA,2013,1,28,1,30.92,12.02,44.92,300,4.60312,,0,1032.1,10,2013-01-28 06:00:00.000000 +00:00
LGA,2013,1,28,2,30.02,10.94,44.41,0,0,,0,1031.2,10,2013-01-28 07:00:00.000000 +00:00
LGA,2013,1,28,3,30.02,12.92,48.48,0,0,,0,1030.9,10,2013-01-28 08:00:00.000000 +00:00
LGA,2013,1,28,4,30.02,14,50.84,190,3.45234,,0,1030.2,10,2013-01-28 09:00:00.000000 +00:00
LGA,2013,1,28,5,32,12.02,43,,4.60312,,0,1029.7,10,2013-01-28 10:00:00.000000 +00:00
LGA,2013,1,28,6,32,12.92,44.74,210,6.90468,,0,1029.8,10,2013-01-28 11:00:00.000000 +00:00
LGA,2013,1,28,7,33.08,15.08,47.1,210,6.90468,,0,1029.6,10,2013-01-28 12:00:00.000000 +00:00
LGA,2013,1,28,8,33.08,17.96,53.36,210,9.20624,,0,1029.3,10,2013-01-28 13:00:00.000000 +00:00
LGA,2013,1,28,9,33.8,24.98,78.35,230,11.5078,,0,,2,2013-01-28 14:00:00.000000 +00:00
LGA,2013,1,28,10,32,26.96,86.28,210,10.35702,,0.02,,2,2013-01-28 15:00:00.000000 +00:00
LGA,2013,1,28,11,33.8,28.4,86.39,200,12.65858,,0,,2,2013-01-28 16:00:00.000000 +00:00
LGA,2013,1,28,12,33.8,28.04,81.5,190,12.65858,,0.02,,4,2013-01-28 17:00:00.000000 +00:00
LGA,2013,1,28,13,33.98,28.94,81.57,190,11.5078,,0,1022,5,2013-01-28 18:00:00.000000 +00:00
LGA,2013,1,28,14,33.98,30.02,85.24,180,12.65858,,0.02,1020.2,3,2013-01-28 19:00:00.000000 +00:00
LGA,2013,1,28,15,33.98,30.2,86.49,200,12.65858,,0.07,,2,2013-01-28 20:00:00.000000 +00:00
LGA,2013,1,28,16,35.06,30.92,84.69,210,8.05546,,0.06,1018.7,2,2013-01-28 21:00:00.000000 +00:00
LGA,2013,1,28,17,35.6,30.92,84.69,220,11.5078,,0,,3,2013-01-28 22:00:00.000000 +00:00
LGA,2013,1,28,18,35.06,30.92,84.69,220,6.90468,,0.01,1018.1,5,2013-01-28 23:00:00.000000 +00:00
LGA,2013,1,28,19,35.6,32,88.47,220,9.20624,,0.02,,7,2013-01-29 00:00:00.000000 +00:00
LGA,2013,1,28,20,35.96,30.92,81.72,230,8.05546,,0,1017.2,8,2013-01-29 01:00:00.000000 +00:00
LGA,2013,1,28,21,35.96,32,85.37,240,11.5078,,0,1016.5,7,2013-01-29 02:00:00.000000 +00:00
LGA,2013,1,28,22,35.96,32,85.37,220,5.7539,,0,1016.3,7,2013-01-29 03:00:00.000000 +00:00
LGA,2013,1,28,23,37.04,32,81.8,220,6.90468,,0,1016.2,6,2013-01-29 04:00:00.000000 +00:00
LGA,2013,1,29,0,37.04,33.08,85.43,210,4.60312,,0,1015.9,6,2013-01-29 05:00:00.000000 +00:00
LGA,2013,1,29,1,37.94,33.8,86.69,230,8.05546,,0,,6,2013-01-29 06:00:00.000000 +00:00
LGA,2013,1,29,2,39.02,35.06,85.55,0,0,,0,1016.1,6,2013-01-29 07:00:00.000000 +00:00
LGA,2013,1,29,3,39.02,35.06,85.55,330,4.60312,,0,1016.2,6,2013-01-29 08:00:00.000000 +00:00
LGA,2013,1,29,4,39.02,35.06,85.55,320,4.60312,,0,1017.1,6,2013-01-29 09:00:00.000000 +00:00
LGA,2013,1,29,5,41,37.04,85.67,290,6.90468,,0,1018,8,2013-01-29 10:00:00.000000 +00:00
LGA,2013,1,29,6,42.08,37.04,82.17,310,4.60312,,0,1018.6,9,2013-01-29 11:00:00.000000 +00:00
LGA,2013,1,29,7,42.08,37.94,85.13,310,6.90468,,0,1019.3,8,2013-01-29 12:00:00.000000 +00:00
LGA,2013,1,29,8,44.96,37.94,76.25,310,4.60312,,0,1019.3,9,2013-01-29 13:00:00.000000 +00:00
LGA,2013,1,29,9,44.06,37.94,78.91,50,11.5078,17.2617,0,1019.9,9,2013-01-29 14:00:00.000000 +00:00
LGA,2013,1,29,10,37.94,33.08,82.46,50,16.11092,,0,1020.9,5,2013-01-29 15:00:00.000000 +00:00
LGA,2013,1,29,11,39.02,33.98,81.95,50,13.80936,,0,1019.8,5,2013-01-29 16:00:00.000000 +00:00
LGA,2013,1,29,12,39.02,33.98,81.95,60,11.5078,,0,1019.9,5,2013-01-29 17:00:00.000000 +00:00
LGA,2013,1,29,13,39.02,33.08,79.05,60,9.20624,,0,1019.7,6,2013-01-29 18:00:00.000000 +00:00
LGA,2013,1,29,14,37.94,33.98,85.49,50,11.5078,,0,1019.7,5,2013-01-29 19:00:00.000000 +00:00
LGA,2013,1,29,15,44.96,37.04,73.59,120,10.35702,,0,1019.1,7,2013-01-29 20:00:00.000000 +00:00
LGA,2013,1,29,16,39.92,35.06,82.6,40,6.90468,,0,1020.3,5,2013-01-29 21:00:00.000000 +00:00
LGA,2013,1,29,17,37.94,33.98,86.69,50,11.5078,,0,,5,2013-01-29 22:00:00.000000 +00:00
LGA,2013,1,29,18,37.94,35.6,93.14,90,12.65858,,0.06,,5,2013-01-29 23:00:00.000000 +00:00
LGA,2013,1,29,19,39.92,37.04,89.34,,4.60312,,0.02,,4,2013-01-30 00:00:00.000000 +00:00
LGA,2013,1,29,20,42.8,39.2,93.19,70,8.05546,,0.01,,5,2013-01-30 01:00:00.000000 +00:00
LGA,2013,1,29,21,37.94,35.6,93.14,60,8.05546,,0,,2,2013-01-30 02:00:00.000000 +00:00
LGA,2013,1,29,22,37.94,35.96,93.14,50,8.05546,,0,,2,2013-01-30 03:00:00.000000 +00:00
LGA,2013,1,29,23,37.94,35.96,93.14,50,10.35702,,0,,2,2013-01-30 04:00:00.000000 +00:00
LGA,2013,1,30,0,37.04,35.06,92.46,60,5.7539,,0,1018.1,2,2013-01-30 05:00:00.000000 +00:00
LGA,2013,1,30,1,37.04,35.96,95.82,60,6.90468,,0,1017.2,2,2013-01-30 06:00:00.000000 +00:00
LGA,2013,1,30,2,37.4,35.96,95.82,60,5.7539,,0,,2,2013-01-30 07:00:00.000000 +00:00
LGA,2013,1,30,3,37.4,35.96,95.82,80,4.60312,,0,,0,2013-01-30 08:00:00.000000 +00:00
LGA,2013,1,30,4,37.94,37.04,96.52,70,3.45234,,0,1013.8,0,2013-01-30 09:00:00.000000 +00:00
LGA,2013,1,30,5,39.02,39.02,100,0,0,,0,1013.5,0,2013-01-30 10:00:00.000000 +00:00
LGA,2013,1,30,6,46.04,44.96,95.99,,6.90468,,0,1012.5,0,2013-01-30 11:00:00.000000 +00:00
LGA,2013,1,30,7,44.06,42.98,95.95,180,10.35702,,0,1011.6,0,2013-01-30 12:00:00.000000 +00:00
LGA,2013,1,30,8,44.06,42.98,95.95,170,5.7539,,0,1011.2,0,2013-01-30 13:00:00.000000 +00:00
LGA,2013,1,30,9,46.94,44.6,93.4,190,9.20624,,0,,2,2013-01-30 14:00:00.000000 +00:00
LGA,2013,1,30,10,48.2,44.96,89.08,180,13.80936,,0,,3,2013-01-30 15:00:00.000000 +00:00
LGA,2013,1,30,11,51.08,46.94,87.28,180,10.35702,,0,,4,2013-01-30 16:00:00.000000 +00:00
LGA,2013,1,30,12,53.6,48.2,82.94,180,9.20624,,0,,5,2013-01-30 17:00:00.000000 +00:00
LGA,2013,1,30,13,51.08,48.02,89.22,180,12.65858,21.86482,0,1004.9,9,2013-01-30 18:00:00.000000 +00:00
LGA,2013,1,30,14,51.98,48.02,86.3,170,17.2617,21.86482,0,1003.8,10,2013-01-30 19:00:00.000000 +00:00
LGA,2013,1,30,15,51.8,48.2,89.22,170,19.56326,26.46794,0,,10,2013-01-30 20:00:00.000000 +00:00
LGA,2013,1,30,16,51.8,48.2,89.22,170,16.11092,,0,,10,2013-01-30 21:00:00.000000 +00:00
LGA,2013,1,30,17,51.8,48.2,89.22,180,13.80936,,0.01,,10,2013-01-30 22:00:00.000000 +00:00
LGA,2013,1,30,18,51.98,48.92,89.26,180,8.05546,,0,1002.6,10,2013-01-30 23:00:00.000000 +00:00
LGA,2013,1,30,19,51.08,48.02,89.22,150,5.7539,,0,1001.6,6,2013-01-31 00:00:00.000000 +00:00
LGA,2013,1,30,20,51.98,48.92,89.26,170,10.35702,,0,999.8,10,2013-01-31 01:00:00.000000 +00:00
LGA,2013,1,30,21,53.06,50,89.31,170,16.11092,,0,998.5,9,2013-01-31 02:00:00.000000 +00:00
LGA,2013,1,30,22,53.6,51.8,93.6,170,20.71404,28.7695,0.01,,8,2013-01-31 03:00:00.000000 +00:00
LGA,2013,1,30,23,53.06,51.08,92.96,170,20.71404,28.7695,0.01,994.8,7,2013-01-31 04:00:00.000000 +00:00
LGA,2013,1,31,0,55.4,53.6,93.65,170,18.41248,27.61872,0.09,,8,2013-01-31 05:00:00.000000 +00:00
LGA,2013,1,31,1,57.02,53.96,89.48,170,19.56326,33.37262,0.05,989.7,7,2013-01-31 06:00:00.000000 +00:00
LGA,2013,1,31,2,55.94,53.6,93.65,180,31.07106,42.57886,0.07,,8,2013-01-31 07:00:00.000000 +00:00
LGA,2013,1,31,3,57.02,53.96,93.65,180,35.67418,62.14212,0.15,,2,2013-01-31 08:00:00.000000 +00:00
LGA,2013,1,31,4,59,55.4,93.69,230,40.2773,55.23744,0.41,,8,2013-01-31 09:00:00.000000 +00:00
LGA,2013,1,31,5,57.92,51.98,80.55,200,13.80936,21.86482,0.09,983.8,10,2013-01-31 10:00:00.000000 +00:00
LGA,2013,1,31,6,57.02,50,77.32,220,23.0156,35.67418,0,985,8,2013-01-31 11:00:00.000000 +00:00
LGA,2013,1,31,7,53.6,44.6,71.45,270,31.07106,48.33276,0.02,,10,2013-01-31 12:00:00.000000 +00:00
LGA,2013,1,31,8,48.02,28.94,47.36,260,32.22184,44.88042,0,991.3,10,2013-01-31 13:00:00.000000 +00:00
LGA,2013,1,31,9,44.96,24.98,45.15,270,28.7695,37.97574,0,993.9,10,2013-01-31 14:00:00.000000 +00:00
LGA,2013,1,31,10,46.04,19.04,33.73,270,31.07106,46.0312,0,995,10,2013-01-31 15:00:00.000000 +00:00
LGA,2013,1,31,11,46.04,17.06,30.97,270,34.5234,47.18198,0,996.1,10,2013-01-31 16:00:00.000000 +00:00
LGA,2013,1,31,12,44.96,17.06,32.27,280,25.31716,35.67418,0,996.4,10,2013-01-31 17:00:00.000000 +00:00
LGA,2013,1,31,13,44.96,17.96,33.55,260,27.61872,42.57886,0,997.4,10,2013-01-31 18:00:00.000000 +00:00
LGA,2013,1,31,14,44.06,15.98,31.87,260,20.71404,35.67418,0,998.5,10,2013-01-31 19:00:00.000000 +00:00
LGA,2013,1,31,15,42.08,14,31.54,270,31.07106,42.57886,0,999.8,10,2013-01-31 20:00:00.000000 +00:00
LGA,2013,1,31,16,39.92,12.92,32.7,270,28.7695,46.0312,0,1001.7,10,2013-01-31 21:00:00.000000 +00:00
LGA,2013,1,31,17,35.96,12.02,36.71,260,21.86482,49.48354,0,1004,10,2013-01-31 22:00:00.000000 +00:00
LGA,2013,1,31,18,35.96,10.94,34.99,270,17.2617,34.5234,0,1005.5,10,2013-01-31 23:00:00.000000 +00:00
LGA,2013,1,31,19,35.06,12.02,38.04,270,23.0156,29.92028,0,1006.1,10,2013-02-01 00:00:00.000000 +00:00
LGA,2013,1,31,20,33.08,14,44.92,260,19.56326,39.12652,0,1006.8,10,2013-02-01 01:00:00.000000 +00:00
LGA,2013,1,31,21,32,10.94,40.99,260,21.86482,35.67418,0,1007.5,10,2013-02-01 02:00:00.000000 +00:00
LGA,2013,1,31,22,30.92,8.06,37.63,270,19.56326,35.67418,0,1008.2,10,2013-02-01 03:00:00.000000 +00:00
LGA,2013,1,31,23,30.92,6.98,35.84,260,18.41248,25.31716,0,1008.6,10,2013-02-01 04:00:00.000000 +00:00
LGA,2013,2,1,0,30.92,8.96,39.19,250,13.80936,31.07106,0,1009.2,10,2013-02-01 05:00:00.000000 +00:00
LGA,2013,2,1,1,30.02,10.04,42.66,270,21.86482,31.07106,0,1009.6,10,2013-02-01 06:00:00.000000 +00:00
LGA,2013,2,1,2,30.02,10.04,42.66,250,10.35702,19.56326,0,1009.8,10,2013-02-01 07:00:00.000000 +00:00
LGA,2013,2,1,3,30.02,10.04,42.66,240,16.11092,21.86482,0,1009.2,10,2013-02-01 08:00:00.000000 +00:00
LGA,2013,2,1,4,30.02,10.04,42.66,230,13.80936,26.46794,0,1009.4,10,2013-02-01 09:00:00.000000 +00:00
LGA,2013,2,1,5,30.02,10.94,44.41,250,20.71404,28.7695,0,1010.1,10,2013-02-01 10:00:00.000000 +00:00
LGA,2013,2,1,6,30.92,10.04,41.13,270,17.2617,26.46794,0,1010.7,10,2013-02-01 11:00:00.000000 +00:00
LGA,2013,2,1,7,30.02,10.94,44.41,280,14.96014,20.71404,0,1010.9,10,2013-02-01 12:00:00.000000 +00:00
LGA,2013,2,1,8,30.02,12.92,48.48,300,16.11092,20.71404,0,1011.2,10,2013-02-01 13:00:00.000000 +00:00
LGA,2013,2,1,9,28.94,8.06,40.79,290,17.2617,25.31716,0,1011.6,10,2013-02-01 14:00:00.000000 +00:00
LGA,2013,2,1,10,28.94,6.98,38.85,300,16.11092,,0,1011.8,10,2013-02-01 15:00:00.000000 +00:00
LGA,2013,2,1,11,30.02,8.06,39.03,310,19.56326,29.92028,0,1011.1,10,2013-02-01 16:00:00.000000 +00:00
LGA,2013,2,1,12,30.92,6.98,35.84,320,20.71404,31.07106,0,1011.4,10,2013-02-01 17:00:00.000000 +00:00
LGA,2013,2,1,13,30.02,8.06,39.03,330,20.71404,29.92028,0,1012.2,10,2013-02-01 18:00:00.000000 +00:00
LGA,2013,2,1,14,30.02,10.94,44.41,320,21.86482,29.92028,0,1013.5,10,2013-02-01 19:00:00.000000 +00:00
LGA,2013,2,1,15,32,8.96,37.52,290,19.56326,31.07106,0,1014.7,10,2013-02-01 20:00:00.000000 +00:00
LGA,2013,2,1,16,30.02,10.94,44.41,320,21.86482,27.61872,0,1016.2,10,2013-02-01 21:00:00.000000 +00:00
LGA,2013,2,1,17,28.94,12.92,50.66,320,19.56326,28.7695,0,1017.9,10,2013-02-01 22:00:00.000000 +00:00
LGA,2013,2,1,18,28.04,10.94,48.15,300,19.56326,27.61872,0,1019.5,10,2013-02-01 23:00:00.000000 +00:00
LGA,2013,2,1,19,26.96,10.94,50.34,300,16.11092,27.61872,0,1020.6,10,2013-02-02 00:00:00.000000 +00:00
LGA,2013,2,1,20,26.96,10.94,50.34,300,17.2617,,0,1021.5,10,2013-02-02 01:00:00.000000 +00:00
LGA,2013,2,1,21,26.06,12.02,54.82,260,14.96014,,0,1022.1,10,2013-02-02 02:00:00.000000 +00:00
LGA,2013,2,1,22,24.98,10.94,54.65,260,17.2617,,0,1023,10,2013-02-02 03:00:00.000000 +00:00
LGA,2013,2,1,23,24.98,10.04,52.5,280,13.80936,19.56326,0,1023.7,10,2013-02-02 04:00:00.000000 +00:00
LGA,2013,2,2,0,24.98,6.98,45.74,270,16.11092,23.0156,0,1023.9,10,2013-02-02 05:00:00.000000 +00:00
LGA,2013,2,5,6,28.4,24.08,84.87,50,6.90468,,0,,5,2013-02-05 11:00:00.000000 +00:00
LGA,2013,2,2,1,24.08,6.08,45.59,270,14.96014,23.0156,0,1024.4,10,2013-02-02 06:00:00.000000 +00:00
LGA,2013,2,2,2,23,6.08,47.7,270,14.96014,21.86482,0,1024.9,10,2013-02-02 07:00:00.000000 +00:00
LGA,2013,2,2,3,21.92,5,47.52,270,13.80936,,0,1025,10,2013-02-02 08:00:00.000000 +00:00
LGA,2013,2,2,4,21.02,5,49.37,270,16.11092,24.16638,0,1025,10,2013-02-02 09:00:00.000000 +00:00
LGA,2013,2,2,5,21.02,5,49.37,290,12.65858,23.0156,0,1025,10,2013-02-02 10:00:00.000000 +00:00
LGA,2013,2,2,6,19.94,3.92,49.19,260,8.05546,,0,1025.5,10,2013-02-02 11:00:00.000000 +00:00
LGA,2013,2,2,7,21.02,3.92,46.98,260,10.35702,,0,1026.2,10,2013-02-02 12:00:00.000000 +00:00
LGA,2013,2,2,8,21.92,5,47.52,260,8.05546,,0,1026,10,2013-02-02 13:00:00.000000 +00:00
LGA,2013,2,2,9,24.08,6.08,45.59,250,3.45234,,0,1025.5,10,2013-02-02 14:00:00.000000 +00:00
LGA,2013,2,2,10,24.98,6.08,43.91,230,5.7539,,0,1024.6,10,2013-02-02 15:00:00.000000 +00:00
LGA,2013,2,2,11,28.04,6.08,38.69,210,8.05546,,0,1023.4,10,2013-02-02 16:00:00.000000 +00:00
LGA,2013,2,2,12,28.94,3.92,33.78,220,14.96014,21.86482,0,1022.2,10,2013-02-02 17:00:00.000000 +00:00
LGA,2013,2,2,13,28.94,3.92,33.78,240,9.20624,21.86482,0,1021.1,10,2013-02-02 18:00:00.000000 +00:00
LGA,2013,2,2,14,28.94,1.04,29.56,210,13.80936,20.71404,0,1020.4,10,2013-02-02 19:00:00.000000 +00:00
LGA,2013,2,2,15,28.94,3.02,32.41,220,11.5078,20.71404,0,1019.8,10,2013-02-02 20:00:00.000000 +00:00
LGA,2013,2,2,16,28.94,5,35.5,250,10.35702,,0,1019.2,10,2013-02-02 21:00:00.000000 +00:00
LGA,2013,2,2,17,28.94,6.08,37.29,230,9.20624,,0,1019.2,10,2013-02-02 22:00:00.000000 +00:00
LGA,2013,2,2,18,28.94,6.08,37.29,240,8.05546,,0,1019.1,10,2013-02-02 23:00:00.000000 +00:00
LGA,2013,2,2,19,28.04,10.94,48.15,230,13.80936,19.56326,0,1019.1,10,2013-02-03 00:00:00.000000 +00:00
LGA,2013,2,2,20,26.96,15.08,60.41,250,11.5078,,0,1019.1,6,2013-02-03 01:00:00.000000 +00:00
LGA,2013,2,2,21,26.6,19.4,79.62,280,6.90468,,0,,5,2013-02-03 02:00:00.000000 +00:00
LGA,2013,2,2,22,24.98,19.94,80.87,180,5.7539,,0,1018.8,2,2013-02-03 03:00:00.000000 +00:00
LGA,2013,2,2,23,24.98,19.94,80.87,190,4.60312,,0.01,1018.1,3,2013-02-03 04:00:00.000000 +00:00
LGA,2013,2,3,0,26.6,19.94,77.32,0,0,,0,,5,2013-02-03 05:00:00.000000 +00:00
LGA,2013,2,3,1,24.98,21.2,85.96,0,0,,0.01,,2,2013-02-03 06:00:00.000000 +00:00
LGA,2013,2,3,2,26.6,21.92,84.1,0,0,,0.02,,1,2013-02-03 07:00:00.000000 +00:00
LGA,2013,2,3,3,26.6,21.2,80.96,80,3.45234,,0,,5,2013-02-03 08:00:00.000000 +00:00
LGA,2013,2,3,4,24.98,21.92,87.96,40,8.05546,,0,,3,2013-02-03 09:00:00.000000 +00:00
LGA,2013,2,3,5,24.98,21.02,84.67,40,5.7539,,0,1014,3,2013-02-03 10:00:00.000000 +00:00
LGA,2013,2,3,6,24.98,19.94,80.87,20,5.7539,,0,,7,2013-02-03 11:00:00.000000 +00:00
LGA,2013,2,3,7,24.08,19.04,80.8,40,6.90468,,0,1014.7,8,2013-02-03 12:00:00.000000 +00:00
LGA,2013,2,3,8,24.98,19.04,77.82,60,5.7539,,0,,8,2013-02-03 13:00:00.000000 +00:00
LGA,2013,2,3,9,26.06,19.94,77.32,30,6.90468,,0,1013.6,5,2013-02-03 14:00:00.000000 +00:00
LGA,2013,2,3,10,26.06,19.04,74.41,40,6.90468,,0,1013.2,8,2013-02-03 15:00:00.000000 +00:00
LGA,2013,2,3,11,28.04,19.04,68.57,10,6.90468,,0,1011.9,10,2013-02-03 16:00:00.000000 +00:00
LGA,2013,2,3,12,28.04,17.96,65.47,310,4.60312,,0,1010.7,10,2013-02-03 17:00:00.000000 +00:00
LGA,2013,2,3,13,30.02,17.6,63.51,330,8.05546,,0,,10,2013-02-03 18:00:00.000000 +00:00
LGA,2013,2,3,14,30.92,17.96,58.21,310,5.7539,,0,1009.1,10,2013-02-03 19:00:00.000000 +00:00
LGA,2013,2,3,15,30.92,17.6,59.01,340,9.20624,,0,,10,2013-02-03 20:00:00.000000 +00:00
LGA,2013,2,3,16,30.92,17.06,55.99,330,8.05546,,0,1008.8,10,2013-02-03 21:00:00.000000 +00:00
LGA,2013,2,3,17,30.92,15.98,53.44,300,10.35702,,0,1009,10,2013-02-03 22:00:00.000000 +00:00
LGA,2013,2,3,18,30.02,14,50.84,300,10.35702,,0,1009.3,10,2013-02-03 23:00:00.000000 +00:00
LGA,2013,2,3,19,28.94,15.08,55.69,300,13.80936,,0,1009.5,10,2013-02-04 00:00:00.000000 +00:00
LGA,2013,2,3,20,28.94,15.98,57.92,280,9.20624,,0,1009.8,10,2013-02-04 01:00:00.000000 +00:00
LGA,2013,2,3,21,28.94,17.06,60.69,290,9.20624,,0,1009.7,10,2013-02-04 02:00:00.000000 +00:00
LGA,2013,2,3,22,28.94,17.06,60.69,260,9.20624,,0,1009.4,10,2013-02-04 03:00:00.000000 +00:00
LGA,2013,2,3,23,30.02,19.04,63.24,270,11.5078,,0,1009.3,10,2013-02-04 04:00:00.000000 +00:00
LGA,2013,2,4,0,28.94,19.04,66.09,270,13.80936,20.71404,0,1009.3,10,2013-02-04 05:00:00.000000 +00:00
LGA,2013,2,4,1,28.94,17.06,60.69,300,17.2617,29.92028,0,1009.7,10,2013-02-04 06:00:00.000000 +00:00
LGA,2013,2,4,2,28.04,14,55.12,290,20.71404,24.16638,0,1010.3,10,2013-02-04 07:00:00.000000 +00:00
LGA,2013,2,4,3,26.96,10.94,50.34,290,20.71404,25.31716,0,1010.7,10,2013-02-04 08:00:00.000000 +00:00
LGA,2013,2,4,4,26.06,8.96,47.82,290,24.16638,31.07106,0,1011.8,10,2013-02-04 09:00:00.000000 +00:00
LGA,2013,2,4,5,24.98,8.96,50.02,290,20.71404,28.7695,0,1012.6,10,2013-02-04 10:00:00.000000 +00:00
LGA,2013,2,4,6,24.98,8.06,48.03,290,16.11092,23.0156,0,1013.5,10,2013-02-04 11:00:00.000000 +00:00
LGA,2013,2,4,7,24.98,8.96,50.02,270,13.80936,25.31716,0,1014.1,10,2013-02-04 12:00:00.000000 +00:00
LGA,2013,2,4,8,26.06,8.06,45.93,270,18.41248,21.86482,0,1014.4,10,2013-02-04 13:00:00.000000 +00:00
LGA,2013,2,4,9,26.96,8.06,44.25,310,19.56326,26.46794,0,1014.8,10,2013-02-04 14:00:00.000000 +00:00
LGA,2013,2,4,10,28.04,6.98,40.31,290,12.65858,24.16638,0,1014.6,10,2013-02-04 15:00:00.000000 +00:00
LGA,2013,2,4,11,28.94,6.98,38.85,270,17.2617,25.31716,0,1014.2,10,2013-02-04 16:00:00.000000 +00:00
LGA,2013,2,4,12,28.94,6.08,37.29,270,16.11092,24.16638,0,1013.7,10,2013-02-04 17:00:00.000000 +00:00
LGA,2013,2,4,13,30.02,5,33.97,260,21.86482,27.61872,0,1013.3,10,2013-02-04 18:00:00.000000 +00:00
LGA,2013,2,4,14,30.02,8.06,39.03,280,17.2617,23.0156,0,1013,10,2013-02-04 19:00:00.000000 +00:00
LGA,2013,2,4,15,30.92,5,32.75,260,14.96014,,0,1013.3,10,2013-02-04 20:00:00.000000 +00:00
LGA,2013,2,4,16,30.02,6.08,35.68,260,17.2617,23.0156,0,1013.6,10,2013-02-04 21:00:00.000000 +00:00
LGA,2013,2,4,17,28.94,6.08,37.29,260,18.41248,24.16638,0,1014.2,10,2013-02-04 22:00:00.000000 +00:00
LGA,2013,2,4,18,28.94,6.08,37.29,250,10.35702,18.41248,0,1014.8,10,2013-02-04 23:00:00.000000 +00:00
LGA,2013,2,4,19,28.94,6.98,38.85,260,17.2617,,0,1015,10,2013-02-05 00:00:00.000000 +00:00
LGA,2013,2,4,20,28.94,8.06,40.79,250,11.5078,,0,1015,10,2013-02-05 01:00:00.000000 +00:00
LGA,2013,2,4,21,30.02,8.96,40.65,270,8.05546,,0,1014.9,10,2013-02-05 02:00:00.000000 +00:00
LGA,2013,2,4,22,30.02,10.04,42.66,260,6.90468,,0,1014.9,10,2013-02-05 03:00:00.000000 +00:00
LGA,2013,2,4,23,30.02,12.02,46.59,200,8.05546,,0,1014.7,10,2013-02-05 04:00:00.000000 +00:00
LGA,2013,2,5,0,30.02,14,50.84,210,6.90468,,0,1014.1,10,2013-02-05 05:00:00.000000 +00:00
LGA,2013,2,5,1,28.94,19.04,66.09,200,8.05546,,0,1014.1,10,2013-02-05 06:00:00.000000 +00:00
LGA,2013,2,5,2,28.94,21.92,74.7,200,4.60312,,0,1013.7,8,2013-02-05 07:00:00.000000 +00:00
LGA,2013,2,5,3,28.94,24.08,81.8,190,4.60312,,0.01,,6,2013-02-05 08:00:00.000000 +00:00
LGA,2013,2,5,4,28.94,24.08,81.8,0,0,,0,1013.1,5,2013-02-05 09:00:00.000000 +00:00
LGA,2013,2,5,5,28.94,24.8,86.18,50,5.7539,,0,,10,2013-02-05 10:00:00.000000 +00:00
LGA,2013,2,5,7,28.4,23,81.11,40,9.20624,,0,,6,2013-02-05 12:00:00.000000 +00:00
LGA,2013,2,5,8,28.4,23,81.11,40,11.5078,,0,,6,2013-02-05 13:00:00.000000 +00:00
LGA,2013,2,5,9,28.94,23,78.18,30,10.35702,,0,1014.8,9,2013-02-05 14:00:00.000000 +00:00
LGA,2013,2,5,10,30.02,24.08,78.27,50,13.80936,,0,1015.1,8,2013-02-05 15:00:00.000000 +00:00
LGA,2013,2,5,11,30.02,24.08,78.27,50,13.80936,,0,1014.5,8,2013-02-05 16:00:00.000000 +00:00
LGA,2013,2,5,12,30.02,24.08,78.27,50,10.35702,,0,1014.2,10,2013-02-05 17:00:00.000000 +00:00
LGA,2013,2,5,13,30.02,24.08,78.27,50,10.35702,,0,1013.4,7,2013-02-05 18:00:00.000000 +00:00
LGA,2013,2,5,14,30.2,24.98,81.27,60,9.20624,,0,,5,2013-02-05 19:00:00.000000 +00:00
LGA,2013,2,5,15,30.02,24.98,81.27,60,8.05546,,0,1013.2,5,2013-02-05 20:00:00.000000 +00:00
LGA,2013,2,5,16,30.02,24.08,78.27,50,8.05546,,0,1013.1,10,2013-02-05 21:00:00.000000 +00:00
LGA,2013,2,5,17,30.92,24.98,78.35,70,9.20624,,0,1012.6,8,2013-02-05 22:00:00.000000 +00:00
LGA,2013,2,5,18,30.92,26.6,86.28,50,9.20624,,0,,7,2013-02-05 23:00:00.000000 +00:00
LGA,2013,2,5,19,30.92,26.06,81.95,40,6.90468,,0,1013,6,2013-02-06 00:00:00.000000 +00:00
LGA,2013,2,5,20,30.92,26.96,86.28,70,6.90468,,0.01,,3,2013-02-06 01:00:00.000000 +00:00
LGA,2013,2,5,21,30.92,26.96,86.28,90,5.7539,,0,,6,2013-02-06 02:00:00.000000 +00:00
LGA,2013,2,5,22,30.92,28.4,92.92,50,8.05546,,0,,6,2013-02-06 03:00:00.000000 +00:00
LGA,2013,2,5,23,30.02,26.96,88.22,60,6.90468,,0,1013.3,4,2013-02-06 04:00:00.000000 +00:00
LGA,2013,2,6,0,30.02,26.96,88.22,30,5.7539,,0,1013.2,3,2013-02-06 05:00:00.000000 +00:00
LGA,2013,2,6,1,30.2,26.96,88.22,60,3.45234,,0,,4,2013-02-06 06:00:00.000000 +00:00
LGA,2013,2,6,2,30.2,28.4,92.92,90,4.60312,,0,,3,2013-02-06 07:00:00.000000 +00:00
LGA,2013,2,6,3,30.2,28.04,92.23,110,4.60312,,0,,5,2013-02-06 08:00:00.000000 +00:00
LGA,2013,2,6,4,32,28.4,92.92,260,4.60312,,0,,6,2013-02-06 09:00:00.000000 +00:00
LGA,2013,2,6,5,32,26.06,78.45,300,10.35702,,0,1015.2,7,2013-02-06 10:00:00.000000 +00:00
LGA,2013,2,6,6,32,26.06,78.45,290,9.20624,,0,1016.2,7,2013-02-06 11:00:00.000000 +00:00
LGA,2013,2,6,7,32,24.98,75,280,9.20624,,0,1017.5,7,2013-02-06 12:00:00.000000 +00:00
LGA,2013,2,6,8,33.08,24.98,71.82,290,11.5078,,0,1018.2,7,2013-02-06 13:00:00.000000 +00:00
LGA,2013,2,6,9,33.98,21.92,60.93,310,16.11092,,0,1018.8,10,2013-02-06 14:00:00.000000 +00:00
LGA,2013,2,6,10,35.96,24.08,61.67,300,10.35702,,0,1019.2,10,2013-02-06 15:00:00.000000 +00:00
LGA,2013,2,6,11,37.94,19.94,47.89,280,11.5078,20.71404,0,1018.9,10,2013-02-06 16:00:00.000000 +00:00
LGA,2013,2,6,12,37.04,19.04,47.75,300,13.80936,21.86482,0,1019.1,10,2013-02-06 17:00:00.000000 +00:00
LGA,2013,2,6,13,37.94,19.04,46.09,310,12.65858,,0,1019.3,10,2013-02-06 18:00:00.000000 +00:00
LGA,2013,2,6,14,39.02,15.98,38.72,290,16.11092,26.46794,0,1020,10,2013-02-06 19:00:00.000000 +00:00
LGA,2013,2,6,15,39.02,17.96,42.18,320,17.2617,24.16638,0,1020.5,10,2013-02-06 20:00:00.000000 +00:00
LGA,2013,2,6,16,37.94,17.96,44,300,16.11092,26.46794,0,1021.5,10,2013-02-06 21:00:00.000000 +00:00
LGA,2013,2,6,17,37.04,15.08,40.24,310,16.11092,,0,1022.7,10,2013-02-06 22:00:00.000000 +00:00
LGA,2013,2,6,18,35.96,14,40.05,320,19.56326,,0,1024.1,10,2013-02-06 23:00:00.000000 +00:00
LGA,2013,2,6,19,35.06,12.92,39.58,320,14.96014,23.0156,0,1025.1,10,2013-02-07 00:00:00.000000 +00:00
LGA,2013,2,6,20,33.98,10.94,37.86,330,17.2617,25.31716,0,1026.2,10,2013-02-07 01:00:00.000000 +00:00
LGA,2013,2,6,21,32,6.98,34.31,330,12.65858,21.86482,0,1026.7,10,2013-02-07 02:00:00.000000 +00:00
LGA,2013,2,6,22,30.92,5,32.75,340,11.5078,,0,1027.6,10,2013-02-07 03:00:00.000000 +00:00
LGA,2013,2,6,23,30.92,1.04,27.27,350,8.05546,,0,1027.8,10,2013-02-07 04:00:00.000000 +00:00
LGA,2013,2,7,0,30.02,1.94,29.5,340,9.20624,,0,1028,10,2013-02-07 05:00:00.000000 +00:00
LGA,2013,2,7,1,30.02,3.02,31.01,330,8.05546,,0,1028.6,10,2013-02-07 06:00:00.000000 +00:00
LGA,2013,2,7,2,28.94,3.02,32.41,350,8.05546,,0,1028.8,10,2013-02-07 07:00:00.000000 +00:00
LGA,2013,2,7,3,28.04,3.02,33.62,350,4.60312,,0,1029.5,10,2013-02-07 08:00:00.000000 +00:00
LGA,2013,2,7,4,28.04,3.02,33.62,10,4.60312,,0,1030.4,10,2013-02-07 09:00:00.000000 +00:00
LGA,2013,2,7,5,26.96,3.92,36.64,30,8.05546,,0,1030.6,10,2013-02-07 10:00:00.000000 +00:00
LGA,2013,2,7,6,26.96,3.92,36.64,40,9.20624,,0,1031,10,2013-02-07 11:00:00.000000 +00:00
LGA,2013,2,7,7,26.96,6.98,42.14,50,6.90468,16.11092,0,1032.7,10,2013-02-07 12:00:00.000000 +00:00
LGA,2013,2,7,8,26.96,6.98,42.14,40,10.35702,,0,1032.9,10,2013-02-07 13:00:00.000000 +00:00
LGA,2013,2,7,9,26.96,6.08,40.45,60,10.35702,,0,1032.7,10,2013-02-07 14:00:00.000000 +00:00
LGA,2013,2,7,10,28.04,6.98,40.31,60,10.35702,,0,1033.3,10,2013-02-07 15:00:00.000000 +00:00
LGA,2013,2,7,11,30.02,8.06,39.03,70,9.20624,,0,1032.4,10,2013-02-07 16:00:00.000000 +00:00
LGA,2013,2,7,12,30.02,6.08,35.68,70,8.05546,,0,1031.9,10,2013-02-07 17:00:00.000000 +00:00
LGA,2013,2,7,13,30.02,8.06,39.03,40,5.7539,,0,1031.4,10,2013-02-07 18:00:00.000000 +00:00
LGA,2013,2,7,14,30.92,8.96,39.19,60,9.20624,,0,1030.9,10,2013-02-07 19:00:00.000000 +00:00
LGA,2013,2,7,15,30.92,8.96,39.19,50,10.35702,,0,1030.5,10,2013-02-07 20:00:00.000000 +00:00
LGA,2013,2,7,16,30.92,10.04,41.13,50,11.5078,,0,1029.9,10,2013-02-07 21:00:00.000000 +00:00
LGA,2013,2,7,17,32,10.94,40.99,70,6.90468,,0,1029.9,10,2013-02-07 22:00:00.000000 +00:00
LGA,2013,2,7,18,30.92,14,49.01,70,8.05546,,0,1030.3,10,2013-02-07 23:00:00.000000 +00:00
LGA,2013,2,7,19,30.92,15.08,51.38,60,8.05546,,0,1030.3,10,2013-02-08 00:00:00.000000 +00:00
LGA,2013,2,7,20,32,15.08,49.19,60,8.05546,,0,1029.9,10,2013-02-08 01:00:00.000000 +00:00
LGA,2013,2,7,21,30.92,17.06,55.99,60,10.35702,,0,1029.8,10,2013-02-08 02:00:00.000000 +00:00
LGA,2013,2,7,22,30.92,19.94,63.75,70,10.35702,,0,,10,2013-02-08 03:00:00.000000 +00:00
LGA,2013,2,7,23,32,21.02,63.51,60,13.80936,,0,1027.3,10,2013-02-08 04:00:00.000000 +00:00
LGA,2013,2,8,0,33.08,23,66.11,60,12.65858,,0,1026.4,10,2013-02-08 05:00:00.000000 +00:00
LGA,2013,2,8,1,33.08,23,66.11,60,11.5078,,0,1025.7,10,2013-02-08 06:00:00.000000 +00:00
LGA,2013,2,8,2,33.08,24.08,69.17,60,12.65858,,0,1024.5,10,2013-02-08 07:00:00.000000 +00:00
LGA,2013,2,8,3,33.08,23,66.11,70,14.96014,,0,1023.3,10,2013-02-08 08:00:00.000000 +00:00
LGA,2013,2,8,4,33.08,24.08,69.17,60,12.65858,,0,1022.6,10,2013-02-08 09:00:00.000000 +00:00
LGA,2013,2,8,5,33.08,28.04,81.5,50,19.56326,25.31716,0,1021.7,10,2013-02-08 10:00:00.000000 +00:00
LGA,2013,2,8,6,33.8,28.94,88.32,60,18.41248,,0,,3,2013-02-08 11:00:00.000000 +00:00
LGA,2013,2,8,7,35.06,30.92,86.49,60,16.11092,,0.02,,2,2013-02-08 12:00:00.000000 +00:00
LGA,2013,2,8,8,35.06,30.92,84.69,60,16.11092,,0.01,1018.8,2,2013-02-08 13:00:00.000000 +00:00
LGA,2013,2,8,9,35.96,30.92,81.72,60,20.71404,29.92028,0.02,1017.3,4,2013-02-08 14:00:00.000000 +00:00
LGA,2013,2,8,10,33.98,30.92,88.42,60,25.31716,29.92028,0.06,1015.5,5,2013-02-08 15:00:00.000000 +00:00
LGA,2013,2,8,11,35.6,30.92,86.49,60,26.46794,,0.04,,6,2013-02-08 16:00:00.000000 +00:00
LGA,2013,2,8,12,33.08,30.02,88.37,50,27.61872,36.82496,0.06,1011.3,3,2013-02-08 17:00:00.000000 +00:00
LGA,2013,2,8,13,33.08,30.02,88.37,50,26.46794,37.97574,0.03,1009.2,5,2013-02-08 18:00:00.000000 +00:00
LGA,2013,2,8,14,33.8,30.2,88.37,50,28.7695,39.12652,0.02,,2,2013-02-08 19:00:00.000000 +00:00
LGA,2013,2,8,15,33.8,30.2,88.37,50,28.7695,40.2773,0.06,,2,2013-02-08 20:00:00.000000 +00:00
LGA,2013,2,8,16,33.8,30.2,88.37,40,21.86482,32.22184,0.08,,2,2013-02-08 21:00:00.000000 +00:00
LGA,2013,2,8,17,33.8,30.2,88.37,30,17.2617,31.07106,0.05,,1,2013-02-08 22:00:00.000000 +00:00
LGA,2013,2,8,18,33.8,30.2,86.49,20,19.56326,27.61872,0.03,,2,2013-02-08 23:00:00.000000 +00:00
LGA,2013,2,8,19,32,28.4,88.92,20,18.41248,27.61872,0.04,,2,2013-02-09 00:00:00.000000 +00:00
LGA,2013,2,8,20,30.92,26.96,86.28,360,18.41248,25.31716,0.03,,2,2013-02-09 01:00:00.000000 +00:00
LGA,2013,2,8,21,30.92,26.96,85.05,340,14.96014,23.0156,0.02,1004.3,2,2013-02-09 02:00:00.000000 +00:00
LGA,2013,2,8,22,30.2,28.4,92.92,340,17.2617,25.31716,0.04,,1,2013-02-09 03:00:00.000000 +00:00
LGA,2013,2,8,23,28.4,26.6,92.86,340,21.86482,26.46794,0.05,,0,2013-02-09 04:00:00.000000 +00:00
LGA,2013,2,9,0,26.96,24.98,92.12,340,17.2617,23.0156,0.06,1007.7,0,2013-02-09 05:00:00.000000 +00:00
LGA,2013,2,9,1,28.4,24.98,88.12,350,14.96014,,0.06,,0,2013-02-09 06:00:00.000000 +00:00
LGA,2013,2,9,2,28.04,26.06,92.16,330,13.80936,,0.07,1008.4,0,2013-02-09 07:00:00.000000 +00:00
LGA,2013,2,9,3,28.4,24.8,86.18,340,16.11092,,0.04,,2,2013-02-09 08:00:00.000000 +00:00
LGA,2013,2,9,4,28.4,24.8,86.18,330,17.2617,,0,,7,2013-02-09 09:00:00.000000 +00:00
LGA,2013,2,9,5,30.02,24.8,86.18,320,18.41248,27.61872,0,,10,2013-02-09 10:00:00.000000 +00:00
LGA,2013,2,9,6,30.02,21.92,71.48,310,19.56326,29.92028,0,1010.8,10,2013-02-09 11:00:00.000000 +00:00
LGA,2013,2,9,7,30.02,21.92,71.48,310,20.71404,24.16638,0,1011.8,10,2013-02-09 12:00:00.000000 +00:00
LGA,2013,2,9,8,28.94,19.04,66.09,320,27.61872,36.82496,0,1013,10,2013-02-09 13:00:00.000000 +00:00
LGA,2013,2,9,9,28.04,17.06,62.97,320,21.86482,32.22184,0,1014.5,10,2013-02-09 14:00:00.000000 +00:00
LGA,2013,2,9,10,28.04,17.06,62.97,310,18.41248,28.7695,0,1015.5,10,2013-02-09 15:00:00.000000 +00:00
LGA,2013,2,9,11,30.02,17.06,58.08,320,18.41248,26.46794,0,1015.9,10,2013-02-09 16:00:00.000000 +00:00
LGA,2013,2,9,12,32,15.08,49.19,330,18.41248,29.92028,0,1016.3,10,2013-02-09 17:00:00.000000 +00:00
LGA,2013,2,9,13,32,14,46.92,310,24.16638,31.07106,0,1017,10,2013-02-09 18:00:00.000000 +00:00
LGA,2013,2,9,14,33.98,12.02,39.72,320,20.71404,28.7695,0,1017.6,10,2013-02-09 19:00:00.000000 +00:00
LGA,2013,2,9,15,33.08,8.96,35.92,310,20.71404,26.46794,0,1018.4,10,2013-02-09 20:00:00.000000 +00:00
LGA,2013,2,9,16,32,10.04,39.38,320,16.11092,28.7695,0,1019.6,10,2013-02-09 21:00:00.000000 +00:00
LGA,2013,2,9,17,30.92,6.08,34.4,330,20.71404,,0,1021.2,10,2013-02-09 22:00:00.000000 +00:00
LGA,2013,2,9,18,28.94,5,35.5,330,18.41248,28.7695,0,1022.3,10,2013-02-09 23:00:00.000000 +00:00
LGA,2013,2,9,19,28.04,8.06,42.32,330,16.11092,,0,1023.3,10,2013-02-10 00:00:00.000000 +00:00
LGA,2013,2,9,20,26.96,6.98,42.14,320,18.41248,,0,1024.8,10,2013-02-10 01:00:00.000000 +00:00
LGA,2013,2,9,21,26.06,6.08,41.98,320,18.41248,26.46794,0,1026.1,10,2013-02-10 02:00:00.000000 +00:00
LGA,2013,2,9,22,24.98,6.08,43.91,330,14.96014,,0,1026.4,10,2013-02-10 03:00:00.000000 +00:00
LGA,2013,2,9,23,24.08,6.98,47.49,310,18.41248,,0,1027.4,10,2013-02-10 04:00:00.000000 +00:00
LGA,2013,2,10,0,23,6.98,49.69,320,14.96014,,0,1027.5,10,2013-02-10 05:00:00.000000 +00:00
LGA,2013,2,10,1,21.92,6.08,49.92,320,13.80936,19.56326,0,1028,10,2013-02-10 06:00:00.000000 +00:00
LGA,2013,2,10,2,21.02,6.98,54.03,330,12.65858,19.56326,0,1028.4,10,2013-02-10 07:00:00.000000 +00:00
LGA,2013,2,10,3,21.02,6.98,54.03,340,8.05546,,0,1028.3,10,2013-02-10 08:00:00.000000 +00:00
LGA,2013,2,10,4,19.94,6.08,54.3,340,6.90468,,0,1028.6,10,2013-02-10 09:00:00.000000 +00:00
LGA,2013,2,10,5,19.94,6.98,56.56,300,10.35702,,0,1029.5,10,2013-02-10 10:00:00.000000 +00:00
LGA,2013,2,10,6,19.94,6.98,56.56,330,6.90468,,0,1030.2,10,2013-02-10 11:00:00.000000 +00:00
LGA,2013,2,10,7,19.94,6.98,56.56,20,4.60312,,0,1030.7,10,2013-02-10 12:00:00.000000 +00:00
LGA,2013,2,10,8,23,6.08,47.7,340,8.05546,,0,1031.6,10,2013-02-10 13:00:00.000000 +00:00
LGA,2013,2,10,9,24.08,8.06,49.87,300,6.90468,,0,1032.1,10,2013-02-10 14:00:00.000000 +00:00
LGA,2013,2,10,10,26.06,8.06,45.93,320,6.90468,,0,1032.3,10,2013-02-10 15:00:00.000000 +00:00
LGA,2013,2,10,11,28.94,8.06,40.79,340,3.45234,,0,1031.6,10,2013-02-10 16:00:00.000000 +00:00
LGA,2013,2,10,12,30.92,8.96,39.19,0,0,,0,1030.4,10,2013-02-10 17:00:00.000000 +00:00
LGA,2013,2,10,13,33.08,8.96,35.92,0,0,,0,1029.7,10,2013-02-10 18:00:00.000000 +00:00
LGA,2013,2,10,14,35.96,10.94,34.99,0,0,,0,1029.5,10,2013-02-10 19:00:00.000000 +00:00
LGA,2013,2,10,15,35.96,12.92,38.2,0,0,,0,1028.8,10,2013-02-10 20:00:00.000000 +00:00
LGA,2013,2,10,16,35.06,14,41.51,180,5.7539,,0,1028.5,10,2013-02-10 21:00:00.000000 +00:00
LGA,2013,2,10,17,33.98,15.08,45.43,190,8.05546,,0,1028.9,10,2013-02-10 22:00:00.000000 +00:00
LGA,2013,2,10,18,32,8.96,37.52,180,5.7539,,0,1028.9,10,2013-02-10 23:00:00.000000 +00:00
LGA,2013,2,10,19,32,14,46.92,200,6.90468,,0,1029.1,10,2013-02-11 00:00:00.000000 +00:00
LGA,2013,2,10,20,33.08,21.02,60.81,180,5.7539,,0,1028.6,10,2013-02-11 01:00:00.000000 +00:00
LGA,2013,2,10,21,33.08,24.08,69.17,180,8.05546,,0,1028.1,10,2013-02-11 02:00:00.000000 +00:00
LGA,2013,2,10,22,33.08,24.08,69.17,180,8.05546,,0,1027.4,10,2013-02-11 03:00:00.000000 +00:00
LGA,2013,2,10,23,33.98,23,63.77,190,8.05546,,0,1027.2,10,2013-02-11 04:00:00.000000 +00:00
LGA,2013,2,11,0,33.98,21.02,58.66,190,3.45234,,0,1026.4,10,2013-02-11 05:00:00.000000 +00:00
LGA,2013,2,11,1,35.06,26.96,72.03,210,4.60312,,0,1026,10,2013-02-11 06:00:00.000000 +00:00
LGA,2013,2,11,2,35.06,26.96,72.03,180,3.45234,,0,1024.4,10,2013-02-11 07:00:00.000000 +00:00
LGA,2013,2,11,3,35.96,28.04,72.66,0,0,,0,1023.7,10,2013-02-11 08:00:00.000000 +00:00
LGA,2013,2,11,4,33.98,30.02,85.24,70,4.60312,,0,1022.6,10,2013-02-11 09:00:00.000000 +00:00
LGA,2013,2,11,5,33.98,30.02,85.24,50,4.60312,,0,1021.3,10,2013-02-11 10:00:00.000000 +00:00
LGA,2013,2,11,6,37.94,35.06,89.25,170,6.90468,,0.07,,5,2013-02-11 11:00:00.000000 +00:00
LGA,2013,2,11,7,39.02,35.96,88.66,120,3.45234,,0.06,1018.4,4,2013-02-11 12:00:00.000000 +00:00
LGA,2013,2,11,8,39.92,37.4,93.19,80,8.05546,,0.15,,2,2013-02-11 13:00:00.000000 +00:00
LGA,2013,2,11,9,44.06,41,88.9,170,5.7539,,0.16,1015.5,2,2013-02-11 14:00:00.000000 +00:00
LGA,2013,2,11,10,44.6,42.8,93.35,230,4.60312,,0.04,,2,2013-02-11 15:00:00.000000 +00:00
LGA,2013,2,11,11,44.6,42.8,93.35,330,3.45234,,0.01,,1,2013-02-11 16:00:00.000000 +00:00
LGA,2013,2,11,12,42.08,41,95.92,0,0,,0.01,1011,0,2013-02-11 17:00:00.000000 +00:00
LGA,2013,2,11,13,42.98,42.8,100,0,0,,0.01,,2,2013-02-11 18:00:00.000000 +00:00
LGA,2013,2,11,14,42.8,41,95.92,320,3.45234,,0,,1,2013-02-11 19:00:00.000000 +00:00
LGA,2013,2,11,15,42.98,41,93.3,180,4.60312,,0,,1,2013-02-11 20:00:00.000000 +00:00
LGA,2013,2,11,16,42.98,41,92.65,220,3.45234,,0,1006.4,1,2013-02-11 21:00:00.000000 +00:00
LGA,2013,2,11,17,44.06,42.08,92.69,180,3.45234,,0,1005.7,1,2013-02-11 22:00:00.000000 +00:00
LGA,2013,2,11,18,42.8,41,93.3,50,4.60312,,0,,0,2013-02-11 23:00:00.000000 +00:00
LGA,2013,2,11,19,41,41,100,80,4.60312,,0,1004.6,0,2013-02-12 00:00:00.000000 +00:00
LGA,2013,2,11,20,42.98,41,92.65,,3.45234,,0,1004.6,2,2013-02-12 01:00:00.000000 +00:00
LGA,2013,2,11,21,44.6,42.8,96.6,320,8.05546,,0,,2,2013-02-12 02:00:00.000000 +00:00
LGA,2013,2,11,22,44.06,42.8,100,320,10.35702,,0.01,,8,2013-02-12 03:00:00.000000 +00:00
LGA,2013,2,11,23,42.08,39.02,88.81,300,8.05546,,0,1006.3,10,2013-02-12 04:00:00.000000 +00:00
LGA,2013,2,12,0,42.08,37.4,86.89,,4.60312,,0,,10,2013-02-12 05:00:00.000000 +00:00
LGA,2013,2,12,1,44.06,30.92,59.64,270,19.56326,28.7695,0,1006.6,10,2013-02-12 06:00:00.000000 +00:00
LGA,2013,2,12,2,42.98,26.06,50.94,290,23.0156,31.07106,0,1007.1,10,2013-02-12 07:00:00.000000 +00:00
LGA,2013,2,12,3,42.08,26.06,52.73,290,16.11092,28.7695,0,1007.9,10,2013-02-12 08:00:00.000000 +00:00
LGA,2013,2,12,4,41,24.98,52.56,270,13.80936,,0,1008.3,10,2013-02-12 09:00:00.000000 +00:00
LGA,2013,2,12,5,41,24.98,52.56,290,17.2617,24.16638,0,1008.4,10,2013-02-12 10:00:00.000000 +00:00
LGA,2013,2,12,6,42.08,24.08,48.56,270,13.80936,28.7695,0,1009.4,10,2013-02-12 11:00:00.000000 +00:00
LGA,2013,2,12,7,41,24.08,50.63,260,13.80936,,0,1010.2,10,2013-02-12 12:00:00.000000 +00:00
LGA,2013,2,12,8,42.08,23,46.41,260,14.96014,21.86482,0,1010.8,10,2013-02-12 13:00:00.000000 +00:00
LGA,2013,2,12,9,42.08,23,46.41,260,13.80936,21.86482,0,1011.2,10,2013-02-12 14:00:00.000000 +00:00
LGA,2013,2,12,10,42.98,23,44.83,270,17.2617,26.46794,0,1011.6,10,2013-02-12 15:00:00.000000 +00:00
LGA,2013,2,12,11,42.98,23,44.83,270,13.80936,20.71404,0,1011.8,10,2013-02-12 16:00:00.000000 +00:00
LGA,2013,2,12,12,44.06,23,43.02,270,19.56326,26.46794,0,1011.8,10,2013-02-12 17:00:00.000000 +00:00
LGA,2013,2,12,13,44.06,23,43.02,300,21.86482,25.31716,0,1011.7,10,2013-02-12 18:00:00.000000 +00:00
LGA,2013,2,12,14,44.06,23,43.02,300,20.71404,25.31716,0,1011.5,10,2013-02-12 19:00:00.000000 +00:00
LGA,2013,2,12,15,44.06,21.92,41.1,260,17.2617,20.71404,0,1011.3,10,2013-02-12 20:00:00.000000 +00:00
LGA,2013,2,12,16,42.98,24.08,46.91,300,9.20624,,0,1010.4,10,2013-02-12 21:00:00.000000 +00:00
LGA,2013,2,12,17,42.98,23,44.83,260,14.96014,21.86482,0,1013.6,10,2013-02-12 22:00:00.000000 +00:00
LGA,2013,2,12,18,41,21.92,46.23,260,17.2617,24.16638,0,1014.7,10,2013-02-12 23:00:00.000000 +00:00
LGA,2013,2,12,19,41,21.92,46.23,260,14.96014,21.86482,0,1014.7,10,2013-02-13 00:00:00.000000 +00:00
LGA,2013,2,12,20,39.92,23,50.46,290,10.35702,,0,1013.6,10,2013-02-13 01:00:00.000000 +00:00
LGA,2013,2,12,21,39.02,21.92,49.93,310,10.35702,,0,1012.8,10,2013-02-13 02:00:00.000000 +00:00
LGA,2013,2,12,22,39.02,23,52.26,310,11.5078,,0,1012.7,10,2013-02-13 03:00:00.000000 +00:00
LGA,2013,2,12,23,37.94,23,54.51,300,9.20624,,0,1013.5,10,2013-02-13 04:00:00.000000 +00:00
LGA,2013,2,13,0,37.04,21.92,53.97,270,5.7539,,0,1013.6,10,2013-02-13 05:00:00.000000 +00:00
LGA,2013,2,13,1,37.04,23,56.48,290,6.90468,,0,1014.2,10,2013-02-13 06:00:00.000000 +00:00
LGA,2013,2,13,2,37.04,21.92,53.97,310,9.20624,,0,1013.9,10,2013-02-13 07:00:00.000000 +00:00
LGA,2013,2,13,3,35.96,21.92,56.32,310,9.20624,,0,1013.5,10,2013-02-13 08:00:00.000000 +00:00
LGA,2013,2,13,4,35.06,23,61.08,320,8.05546,,0,1012.4,10,2013-02-13 09:00:00.000000 +00:00
LGA,2013,2,13,5,35.06,24.08,63.91,0,0,,0,1013,10,2013-02-13 10:00:00.000000 +00:00
LGA,2013,2,13,6,33.98,23,63.77,0,0,,0,1012.9,10,2013-02-13 11:00:00.000000 +00:00
LGA,2013,2,13,7,37.04,23,56.48,0,0,,0,1012.9,10,2013-02-13 12:00:00.000000 +00:00
LGA,2013,2,13,8,37.94,19.94,47.89,360,5.7539,,0,1012.2,10,2013-02-13 13:00:00.000000 +00:00
LGA,2013,2,13,9,37.94,19.94,47.89,330,5.7539,,0,1011.9,10,2013-02-13 14:00:00.000000 +00:00
LGA,2013,2,13,10,39.02,19.94,45.91,0,0,,0,1012.2,10,2013-02-13 15:00:00.000000 +00:00
LGA,2013,2,13,11,41,24.08,50.63,,5.7539,,0,1011.4,10,2013-02-13 16:00:00.000000 +00:00
LGA,2013,2,13,12,41,23,48.39,0,0,,0,1009.9,10,2013-02-13 17:00:00.000000 +00:00
LGA,2013,2,13,13,42.98,23,44.83,80,4.60312,,0,1008.1,10,2013-02-13 18:00:00.000000 +00:00
LGA,2013,2,13,14,42.98,24.08,46.91,50,5.7539,,0,1007.9,10,2013-02-13 19:00:00.000000 +00:00
LGA,2013,2,13,15,42.08,26.06,52.73,160,11.5078,,0,1007.3,10,2013-02-13 20:00:00.000000 +00:00
LGA,2013,2,13,16,39.92,24.98,54.81,170,4.60312,,0,1006.7,10,2013-02-13 21:00:00.000000 +00:00
LGA,2013,2,13,17,39.92,24.98,54.81,80,5.7539,,0,1005.8,10,2013-02-13 22:00:00.000000 +00:00
LGA,2013,2,13,18,39.92,26.06,57.33,40,6.90468,,0,1005.7,10,2013-02-13 23:00:00.000000 +00:00
LGA,2013,2,13,19,39.02,30.02,69.86,40,8.05546,,0,1005.8,10,2013-02-14 00:00:00.000000 +00:00
LGA,2013,2,13,20,37.04,30.02,75.5,50,6.90468,,0,1005.9,9,2013-02-14 01:00:00.000000 +00:00
LGA,2013,2,13,21,37.04,28.04,69.63,50,4.60312,,0,1005.9,10,2013-02-14 02:00:00.000000 +00:00
LGA,2013,2,13,22,37.4,30.92,81.72,360,10.35702,,0,,10,2013-02-14 03:00:00.000000 +00:00
LGA,2013,2,13,23,35.6,30.92,88.42,360,11.5078,,0.01,,6,2013-02-14 04:00:00.000000 +00:00
LGA,2013,2,14,0,35.06,30.92,86.49,360,9.20624,,0.01,,9,2013-02-14 05:00:00.000000 +00:00
LGA,2013,2,14,1,35.06,30.92,84.69,10,8.05546,,0,1006.8,10,2013-02-14 06:00:00.000000 +00:00
LGA,2013,2,14,2,35.96,30.92,81.72,330,10.35702,,0,,10,2013-02-14 07:00:00.000000 +00:00
LGA,2013,2,14,3,35.06,30.02,81.65,330,9.20624,,0,1008.7,10,2013-02-14 08:00:00.000000 +00:00
LGA,2013,2,14,4,35.06,30.02,81.65,330,10.35702,,0,1009.3,10,2013-02-14 09:00:00.000000 +00:00
LGA,2013,2,14,5,35.06,28.94,78.13,330,8.05546,,0,1009.8,10,2013-02-14 10:00:00.000000 +00:00
LGA,2013,2,14,6,35.06,28.04,75.31,300,6.90468,,0,1011.2,10,2013-02-14 11:00:00.000000 +00:00
LGA,2013,2,14,7,35.06,26.96,72.03,310,8.05546,,0,1012.7,10,2013-02-14 12:00:00.000000 +00:00
LGA,2013,2,14,8,37.04,24.98,61.35,320,8.05546,,0,1013.4,10,2013-02-14 13:00:00.000000 +00:00
LGA,2013,2,14,9,37.94,23,54.51,320,10.35702,,0,1013.9,10,2013-02-14 14:00:00.000000 +00:00
LGA,2013,2,14,10,39.92,23,50.46,350,8.05546,,0,1014.3,10,2013-02-14 15:00:00.000000 +00:00
LGA,2013,2,14,11,42.08,23,46.41,50,4.60312,,0,1014,10,2013-02-14 16:00:00.000000 +00:00
LGA,2013,2,14,12,42.08,23,46.41,80,3.45234,,0,1013.6,10,2013-02-14 17:00:00.000000 +00:00
LGA,2013,2,14,13,44.96,24.08,43.49,,3.45234,,0,1013.6,10,2013-02-14 18:00:00.000000 +00:00
LGA,2013,2,14,14,46.04,23,39.9,230,8.05546,,0,1013.5,10,2013-02-14 19:00:00.000000 +00:00
LGA,2013,2,14,15,46.04,21.92,38.12,200,9.20624,,0,1013.9,10,2013-02-14 20:00:00.000000 +00:00
LGA,2013,2,14,16,44.06,26.06,48.87,190,14.96014,,0,1014.4,10,2013-02-14 21:00:00.000000 +00:00
LGA,2013,2,14,17,42.08,30.92,64.35,170,12.65858,,0,1014.7,10,2013-02-14 22:00:00.000000 +00:00
LGA,2013,2,14,18,39.92,30.02,67.45,180,10.35702,,0,1015.3,10,2013-02-14 23:00:00.000000 +00:00
LGA,2013,2,14,19,39.92,33.08,76.32,190,6.90468,,0,1015.3,9,2013-02-15 00:00:00.000000 +00:00
LGA,2013,2,14,20,41,33.08,73.19,210,6.90468,,0,1015.5,9,2013-02-15 01:00:00.000000 +00:00
LGA,2013,2,14,21,41,32,70.08,200,6.90468,,0,1015.6,9,2013-02-15 02:00:00.000000 +00:00
LGA,2013,2,14,22,39.92,32,73.08,200,6.90468,,0,1015.7,9,2013-02-15 03:00:00.000000 +00:00
LGA,2013,2,14,23,39.92,28.94,64.54,210,4.60312,,0,1015.8,10,2013-02-15 04:00:00.000000 +00:00
LGA,2013,2,15,0,39.02,28.94,66.85,230,8.05546,,0,1016,10,2013-02-15 05:00:00.000000 +00:00
LGA,2013,2,15,1,39.02,28.94,66.85,210,9.20624,,0,1015.9,9,2013-02-15 06:00:00.000000 +00:00
LGA,2013,2,15,2,39.02,28.94,66.85,220,8.05546,,0,1015.5,9,2013-02-15 07:00:00.000000 +00:00
LGA,2013,2,15,3,39.02,28.94,66.85,220,8.05546,,0,1015.5,9,2013-02-15 08:00:00.000000 +00:00
LGA,2013,2,15,4,37.94,28.94,69.73,210,8.05546,,0,1015.9,9,2013-02-15 09:00:00.000000 +00:00
LGA,2013,2,15,5,37.94,28.94,69.73,200,5.7539,,0,1015.5,9,2013-02-15 10:00:00.000000 +00:00
LGA,2013,2,15,6,37.94,30.02,72.87,220,5.7539,,0,1015.5,8,2013-02-15 11:00:00.000000 +00:00
LGA,2013,2,15,7,39.02,30.02,69.86,220,9.20624,,0,1016.2,8,2013-02-15 12:00:00.000000 +00:00
LGA,2013,2,15,8,39.92,30.92,69.96,220,9.20624,,0,1016.3,7,2013-02-15 13:00:00.000000 +00:00
LGA,2013,2,15,9,42.98,30.92,62.16,210,8.05546,,0,1016.2,8,2013-02-15 14:00:00.000000 +00:00
LGA,2013,2,15,10,44.96,30.02,55.56,210,9.20624,,0,1016.2,10,2013-02-15 15:00:00.000000 +00:00
LGA,2013,2,15,11,48.02,30.92,51.34,210,8.05546,,0,1015.5,10,2013-02-15 16:00:00.000000 +00:00
LGA,2013,2,15,12,51.08,30.02,44.16,220,10.35702,,0,1014.6,10,2013-02-15 17:00:00.000000 +00:00
LGA,2013,2,15,13,51.98,30.02,42.72,230,8.05546,,0,1013.9,10,2013-02-15 18:00:00.000000 +00:00
LGA,2013,2,15,14,51.08,33.08,49.97,160,13.80936,,0,1013.3,10,2013-02-15 19:00:00.000000 +00:00
LGA,2013,2,15,15,50,35.06,56.3,180,11.5078,,0,1013.3,10,2013-02-15 20:00:00.000000 +00:00
LGA,2013,2,15,16,46.94,35.06,63.13,180,11.5078,,0,1013.4,10,2013-02-15 21:00:00.000000 +00:00
LGA,2013,2,15,17,46.04,35.96,67.69,170,9.20624,,0,1013.4,10,2013-02-15 22:00:00.000000 +00:00
LGA,2013,2,15,18,46.04,35.06,65.32,150,3.45234,,0,1013.2,10,2013-02-15 23:00:00.000000 +00:00
LGA,2013,2,15,19,46.04,35.96,67.69,,4.60312,,0,1012.9,10,2013-02-16 00:00:00.000000 +00:00
LGA,2013,2,15,20,44.96,35.96,70.52,0,0,,0,1013.3,10,2013-02-16 01:00:00.000000 +00:00
LGA,2013,2,15,21,44.06,35.96,72.98,0,0,,0,1013.5,10,2013-02-16 02:00:00.000000 +00:00
LGA,2013,2,15,22,46.04,26.06,45.33,330,9.20624,,0,1013.8,10,2013-02-16 03:00:00.000000 +00:00
LGA,2013,2,15,23,42.08,30.02,62.04,320,19.56326,,0,1014,10,2013-02-16 04:00:00.000000 +00:00
LGA,2013,2,16,0,39.02,32,75.69,320,13.80936,,0,1014.5,10,2013-02-16 05:00:00.000000 +00:00
LGA,2013,2,16,1,37.04,32,81.8,340,12.65858,,0,1014.3,10,2013-02-16 06:00:00.000000 +00:00
LGA,2013,2,16,2,37.4,33.8,86.69,350,9.20624,,0.01,,10,2013-02-16 07:00:00.000000 +00:00
LGA,2013,2,16,3,35.96,30.92,81.72,20,9.20624,,0.01,1013.5,10,2013-02-16 08:00:00.000000 +00:00
LGA,2013,2,16,4,35.06,30.92,84.69,30,8.05546,,0,1013.5,10,2013-02-16 09:00:00.000000 +00:00
LGA,2013,2,16,5,35.6,28.94,78.13,360,12.65858,,0,,9,2013-02-16 10:00:00.000000 +00:00
LGA,2013,2,16,6,35.06,28.94,78.13,10,9.20624,,0,1013.8,9,2013-02-16 11:00:00.000000 +00:00
LGA,2013,2,16,7,35.06,28.04,75.31,350,11.5078,,0,1014.2,10,2013-02-16 12:00:00.000000 +00:00
LGA,2013,2,16,8,33.98,26.96,75.2,360,11.5078,,0,1014.2,10,2013-02-16 13:00:00.000000 +00:00
LGA,2013,2,16,9,35.06,26.06,69.4,360,12.65858,,0,1013.9,9,2013-02-16 14:00:00.000000 +00:00
LGA,2013,2,16,10,35.06,24.08,63.91,20,10.35702,,0,1013.7,10,2013-02-16 15:00:00.000000 +00:00
LGA,2013,2,16,11,35.96,24.08,61.67,10,9.20624,,0,1013,10,2013-02-16 16:00:00.000000 +00:00
LGA,2013,2,16,12,37.04,23,56.48,360,10.35702,,0,1012.3,10,2013-02-16 17:00:00.000000 +00:00
LGA,2013,2,16,13,37.04,23,56.48,30,8.05546,18.41248,0,1011.8,10,2013-02-16 18:00:00.000000 +00:00
LGA,2013,2,16,14,37.94,21.92,52.09,10,10.35702,,0,1010.8,10,2013-02-16 19:00:00.000000 +00:00
LGA,2013,2,16,15,37.04,19.04,47.75,20,11.5078,,0,1011.1,10,2013-02-16 20:00:00.000000 +00:00
LGA,2013,2,16,16,35.96,21.02,54.21,360,13.80936,,0,1010.6,10,2013-02-16 21:00:00.000000 +00:00
LGA,2013,2,16,17,35.96,19.04,49.83,360,12.65858,,0,1010.3,10,2013-02-16 22:00:00.000000 +00:00
LGA,2013,2,16,18,35.06,19.04,51.64,350,13.80936,,0,1009.9,10,2013-02-16 23:00:00.000000 +00:00
LGA,2013,2,16,19,33.98,17.96,51.47,10,16.11092,24.16638,0,1010.1,10,2013-02-17 00:00:00.000000 +00:00
LGA,2013,2,16,20,33.08,17.06,51.33,10,16.11092,20.71404,0,1009.8,10,2013-02-17 01:00:00.000000 +00:00
LGA,2013,2,16,21,32,14,46.92,10,17.2617,26.46794,0,1008.9,10,2013-02-17 02:00:00.000000 +00:00
LGA,2013,2,16,22,32,15.08,49.19,350,16.11092,,0,1007.8,10,2013-02-17 03:00:00.000000 +00:00
LGA,2013,2,16,23,32,15.08,49.19,350,23.0156,29.92028,0,1006.5,10,2013-02-17 04:00:00.000000 +00:00
LGA,2013,2,17,0,30.92,12.02,44.92,360,21.86482,29.92028,0,1006.2,10,2013-02-17 05:00:00.000000 +00:00
LGA,2013,2,17,1,30.02,10.94,44.41,360,20.71404,31.07106,0,1006.2,10,2013-02-17 06:00:00.000000 +00:00
LGA,2013,2,17,2,28.94,10.94,46.41,340,21.86482,28.7695,0,1005.2,10,2013-02-17 07:00:00.000000 +00:00
LGA,2013,2,17,3,28.94,8.06,40.79,350,25.31716,31.07106,0,1005.1,10,2013-02-17 08:00:00.000000 +00:00
LGA,2013,2,17,4,28.04,10.04,46.26,350,18.41248,27.61872,0,1004.6,10,2013-02-17 09:00:00.000000 +00:00
LGA,2013,2,17,5,28.04,10.04,46.26,340,13.80936,21.86482,0,1004.5,10,2013-02-17 10:00:00.000000 +00:00
LGA,2013,2,17,6,28.04,8.06,42.32,330,16.11092,,0,1004.4,10,2013-02-17 11:00:00.000000 +00:00
LGA,2013,2,17,7,28.04,8.06,42.32,330,17.2617,,0,1004.9,10,2013-02-17 12:00:00.000000 +00:00
LGA,2013,2,17,8,28.04,6.08,38.69,320,17.2617,34.5234,0,1004.3,10,2013-02-17 13:00:00.000000 +00:00
LGA,2013,2,17,9,28.04,5,36.83,320,27.61872,34.5234,0,1004.7,10,2013-02-17 14:00:00.000000 +00:00
LGA,2013,2,17,10,28.94,5,35.5,320,28.7695,42.57886,0,1004.8,10,2013-02-17 15:00:00.000000 +00:00
LGA,2013,2,17,11,30.02,5,33.97,310,26.46794,42.57886,0,1005.4,10,2013-02-17 16:00:00.000000 +00:00
LGA,2013,2,17,12,30.92,3.92,31.16,320,24.16638,36.82496,0,1005.4,10,2013-02-17 17:00:00.000000 +00:00
LGA,2013,2,17,13,30.92,6.08,34.4,300,26.46794,36.82496,0,1006,10,2013-02-17 18:00:00.000000 +00:00
LGA,2013,2,17,14,30.92,3.92,31.16,300,27.61872,40.2773,0,1006.6,10,2013-02-17 19:00:00.000000 +00:00
LGA,2013,2,17,15,30.02,6.08,35.68,310,29.92028,40.2773,0,1007.2,10,2013-02-17 20:00:00.000000 +00:00
LGA,2013,2,17,16,28.04,3.02,33.62,300,27.61872,41.42808,0,1008.3,10,2013-02-17 21:00:00.000000 +00:00
LGA,2013,2,17,17,26.96,5,38.5,310,24.16638,43.72964,0,1009.7,10,2013-02-17 22:00:00.000000 +00:00
LGA,2013,2,17,18,24.98,3.92,39.78,310,33.37262,43.72964,0,1011.2,10,2013-02-17 23:00:00.000000 +00:00
LGA,2013,2,17,19,23,3.92,43.21,300,29.92028,41.42808,0,1012.4,10,2013-02-18 00:00:00.000000 +00:00
LGA,2013,2,17,20,21.92,3.92,45.22,310,31.07106,40.2773,0,1013.2,10,2013-02-18 01:00:00.000000 +00:00
LGA,2013,2,17,21,19.04,1.94,46.64,310,34.5234,44.88042,0,1014.3,10,2013-02-18 02:00:00.000000 +00:00
LGA,2013,2,17,22,19.04,3.02,49.03,300,31.07106,41.42808,0,1015,10,2013-02-18 03:00:00.000000 +00:00
LGA,2013,2,17,23,19.04,3.02,49.03,300,21.86482,33.37262,0,1015.7,10,2013-02-18 04:00:00.000000 +00:00
LGA,2013,2,18,0,19.94,1.94,44.88,290,25.31716,35.67418,0,1016.6,10,2013-02-18 05:00:00.000000 +00:00
LGA,2013,2,18,1,19.94,3.02,47.19,310,21.86482,34.5234,0,1016.8,10,2013-02-18 06:00:00.000000 +00:00
LGA,2013,2,18,2,19.94,3.92,49.19,300,21.86482,34.5234,0,1017.6,10,2013-02-18 07:00:00.000000 +00:00
LGA,2013,2,18,3,19.04,3.92,51.11,300,26.46794,40.2773,0,1018.1,10,2013-02-18 08:00:00.000000 +00:00
LGA,2013,2,18,4,19.04,3.92,51.11,310,25.31716,35.67418,0,1019.1,10,2013-02-18 09:00:00.000000 +00:00
LGA,2013,2,18,5,19.04,3.92,51.11,290,24.16638,29.92028,0,1020.5,10,2013-02-18 10:00:00.000000 +00:00
LGA,2013,2,18,6,19.94,5,51.68,300,28.7695,34.5234,0,1021.4,10,2013-02-18 11:00:00.000000 +00:00
LGA,2013,2,18,7,19.04,3.92,51.11,290,20.71404,32.22184,0,1022.4,10,2013-02-18 12:00:00.000000 +00:00
LGA,2013,2,18,8,19.94,3.92,49.19,290,14.96014,,0,1023.4,10,2013-02-18 13:00:00.000000 +00:00
LGA,2013,2,18,9,23,3.02,41.45,300,14.96014,19.56326,0,1023.7,10,2013-02-18 14:00:00.000000 +00:00
LGA,2013,2,18,10,26.06,5,39.96,300,19.56326,29.92028,0,1023.9,10,2013-02-18 15:00:00.000000 +00:00
LGA,2013,2,18,11,28.94,6.08,37.29,290,13.80936,24.16638,0,1023.7,10,2013-02-18 16:00:00.000000 +00:00
LGA,2013,2,18,12,30.92,3.92,31.16,270,18.41248,24.16638,0,1023.1,10,2013-02-18 17:00:00.000000 +00:00
LGA,2013,2,18,13,33.08,3.92,28.57,310,14.96014,20.71404,0,1022.2,10,2013-02-18 18:00:00.000000 +00:00
LGA,2013,2,18,14,35.06,3.92,26.39,290,13.80936,20.71404,0,1021.8,10,2013-02-18 19:00:00.000000 +00:00
LGA,2013,2,18,15,35.96,3.92,25.47,280,9.20624,17.2617,0,1021.8,10,2013-02-18 20:00:00.000000 +00:00
LGA,2013,2,18,16,35.96,3.92,25.47,260,11.5078,,0,1022.1,10,2013-02-18 21:00:00.000000 +00:00
LGA,2013,2,18,17,35.06,3.92,26.39,250,8.05546,,0,1022.3,10,2013-02-18 22:00:00.000000 +00:00
LGA,2013,2,18,18,35.06,5,27.74,260,10.35702,,0,1022.9,10,2013-02-18 23:00:00.000000 +00:00
LGA,2013,2,18,19,33.98,8.06,33.28,260,6.90468,,0,1023.1,10,2013-02-19 00:00:00.000000 +00:00
LGA,2013,2,18,20,33.98,8.96,34.65,230,11.5078,17.2617,0,1023.2,10,2013-02-19 01:00:00.000000 +00:00
LGA,2013,2,18,21,33.98,8.96,34.65,240,10.35702,,0,1023.1,10,2013-02-19 02:00:00.000000 +00:00
LGA,2013,2,18,22,33.98,10.04,36.37,210,8.05546,,0,1023.4,10,2013-02-19 03:00:00.000000 +00:00
LGA,2013,2,18,23,33.98,8.96,34.65,190,5.7539,,0,1023,10,2013-02-19 04:00:00.000000 +00:00
LGA,2013,2,19,0,33.98,12.02,39.72,190,6.90468,,0,1022.5,10,2013-02-19 05:00:00.000000 +00:00
LGA,2013,2,19,1,33.98,10.94,37.86,210,10.35702,,0,1022,10,2013-02-19 06:00:00.000000 +00:00
LGA,2013,2,19,2,33.08,10.94,39.25,200,5.7539,,0,1020.9,10,2013-02-19 07:00:00.000000 +00:00
LGA,2013,2,19,3,33.08,12.92,42.84,190,5.7539,,0,1020.4,10,2013-02-19 08:00:00.000000 +00:00
LGA,2013,2,19,4,33.98,15.08,45.43,190,8.05546,,0,1020.1,10,2013-02-19 09:00:00.000000 +00:00
LGA,2013,2,19,5,33.98,19.04,53.91,180,4.60312,,0,1018.8,10,2013-02-19 10:00:00.000000 +00:00
LGA,2013,2,19,6,33.08,21.02,60.81,170,5.7539,,0,1018.4,10,2013-02-19 11:00:00.000000 +00:00
LGA,2013,2,19,7,37.04,23,56.48,180,8.05546,,0,1018.3,10,2013-02-19 12:00:00.000000 +00:00
LGA,2013,2,19,8,39.92,23,50.46,180,10.35702,,0,1017.2,10,2013-02-19 13:00:00.000000 +00:00
LGA,2013,2,19,9,42.08,23,46.41,180,9.20624,,0,1016.3,10,2013-02-19 14:00:00.000000 +00:00
LGA,2013,2,19,10,44.06,28.94,55.02,160,16.11092,,0,1014.9,10,2013-02-19 15:00:00.000000 +00:00
LGA,2013,2,19,11,46.04,32,57.78,160,11.5078,,0,1013.9,10,2013-02-19 16:00:00.000000 +00:00
LGA,2013,2,19,12,44.96,35.06,68.05,180,10.35702,,0,1013.1,9,2013-02-19 17:00:00.000000 +00:00
LGA,2013,2,19,13,44.96,35.96,70.52,200,10.35702,,0.04,1011.3,10,2013-02-19 18:00:00.000000 +00:00
LGA,2013,2,19,14,44.6,37.94,82.24,170,12.65858,,0.02,,9,2013-02-19 19:00:00.000000 +00:00
LGA,2013,2,19,15,44.06,39.92,85.25,170,13.80936,20.71404,0.03,1007.8,10,2013-02-19 20:00:00.000000 +00:00
LGA,2013,2,19,16,44.6,39.92,85.25,180,11.5078,,0,,10,2013-02-19 21:00:00.000000 +00:00
LGA,2013,2,19,17,44.96,41,87.09,200,11.5078,,0.04,,7,2013-02-19 22:00:00.000000 +00:00
LGA,2013,2,19,18,46.4,41,82.45,240,12.65858,,0.03,,10,2013-02-19 23:00:00.000000 +00:00
LGA,2013,2,19,19,46.94,41,79.7,240,12.65858,23.0156,0,1004.7,10,2013-02-20 00:00:00.000000 +00:00
LGA,2013,2,19,20,46.04,39.02,76.35,260,14.96014,23.0156,0,1004.8,10,2013-02-20 01:00:00.000000 +00:00
LGA,2013,2,19,21,44.96,35.96,70.52,280,17.2617,26.46794,0,1005.2,10,2013-02-20 02:00:00.000000 +00:00
LGA,2013,2,19,22,42.08,28.94,59.36,290,16.11092,32.22184,0,1005.8,10,2013-02-20 03:00:00.000000 +00:00
LGA,2013,2,19,23,39.92,23,50.46,280,18.41248,25.31716,0,1006.4,10,2013-02-20 04:00:00.000000 +00:00
LGA,2013,2,20,0,39.02,19.94,45.91,270,21.86482,28.7695,0,1006.3,10,2013-02-20 05:00:00.000000 +00:00
LGA,2013,2,20,1,37.04,19.04,47.75,260,17.2617,29.92028,0,1006.6,10,2013-02-20 06:00:00.000000 +00:00
LGA,2013,2,20,2,35.96,19.04,49.83,290,19.56326,26.46794,0,1006.9,10,2013-02-20 07:00:00.000000 +00:00
LGA,2013,2,20,3,35.06,17.06,47.42,270,20.71404,32.22184,0,1007.2,10,2013-02-20 08:00:00.000000 +00:00
LGA,2013,2,20,4,33.08,15.08,47.1,290,19.56326,28.7695,0,1008,10,2013-02-20 09:00:00.000000 +00:00
LGA,2013,2,20,5,32,14,46.92,280,18.41248,32.22184,0,1008.6,10,2013-02-20 10:00:00.000000 +00:00
LGA,2013,2,20,6,32,15.08,49.19,290,18.41248,25.31716,0,1009.5,10,2013-02-20 11:00:00.000000 +00:00
LGA,2013,2,20,7,32,15.08,49.19,280,17.2617,25.31716,0,1010.2,10,2013-02-20 12:00:00.000000 +00:00
LGA,2013,2,20,8,30.92,10.04,41.13,290,18.41248,28.7695,0,1010.7,10,2013-02-20 13:00:00.000000 +00:00
LGA,2013,2,20,9,30.92,8.96,39.19,300,21.86482,29.92028,0,1010.9,10,2013-02-20 14:00:00.000000 +00:00
LGA,2013,2,20,10,32,8.06,36.03,260,24.16638,27.61872,0,1010.7,10,2013-02-20 15:00:00.000000 +00:00
LGA,2013,2,20,11,30.92,10.94,42.82,280,17.2617,28.7695,0,1010.4,10,2013-02-20 16:00:00.000000 +00:00
LGA,2013,2,20,12,30.92,8.06,37.63,260,19.56326,31.07106,0,1010.4,10,2013-02-20 17:00:00.000000 +00:00
LGA,2013,2,20,13,32,6.98,34.31,260,18.41248,31.07106,0,1010.4,10,2013-02-20 18:00:00.000000 +00:00
LGA,2013,2,20,14,32,8.06,36.03,270,20.71404,28.7695,0,1010.7,10,2013-02-20 19:00:00.000000 +00:00
LGA,2013,2,20,15,30.92,8.06,37.63,270,27.61872,32.22184,0,1011.4,10,2013-02-20 20:00:00.000000 +00:00
LGA,2013,2,20,16,30.92,8.96,39.19,290,19.56326,29.92028,0,1011.7,10,2013-02-20 21:00:00.000000 +00:00
LGA,2013,2,20,17,30.2,8.6,39.7,290,19.56326,29.92028,0,,10,2013-02-20 22:00:00.000000 +00:00
LGA,2013,2,20,18,30.92,10.04,41.13,290,25.31716,36.82496,0,1013.5,10,2013-02-20 23:00:00.000000 +00:00
LGA,2013,2,20,19,28.94,12.02,48.69,310,25.31716,32.22184,0,1013.8,10,2013-02-21 00:00:00.000000 +00:00
LGA,2013,2,20,20,28.04,10.94,48.15,310,23.0156,34.5234,0,1014.1,10,2013-02-21 01:00:00.000000 +00:00
LGA,2013,2,20,21,28.04,10.04,46.26,300,17.2617,27.61872,0,1014.4,10,2013-02-21 02:00:00.000000 +00:00
LGA,2013,2,20,22,26.96,8.06,44.25,300,18.41248,28.7695,0,1015.1,10,2013-02-21 03:00:00.000000 +00:00
LGA,2013,2,20,23,26.96,10.94,50.34,310,16.11092,27.61872,0,1015.3,10,2013-02-21 04:00:00.000000 +00:00
LGA,2013,2,21,1,26.06,10.04,50.2,300,14.96014,25.31716,0,1015.3,10,2013-02-21 06:00:00.000000 +00:00
LGA,2013,2,21,2,26.06,8.96,47.82,290,18.41248,23.0156,0,1015.3,10,2013-02-21 07:00:00.000000 +00:00
LGA,2013,2,21,3,26.06,10.04,50.2,290,16.11092,25.31716,0,1015.1,10,2013-02-21 08:00:00.000000 +00:00
LGA,2013,2,21,4,26.06,10.04,50.2,290,18.41248,26.46794,0,1015.5,10,2013-02-21 09:00:00.000000 +00:00
LGA,2013,2,21,5,26.06,10.04,50.2,290,18.41248,26.46794,0,1015.5,10,2013-02-21 10:00:00.000000 +00:00
LGA,2013,2,21,6,26.06,10.04,50.2,300,16.11092,25.31716,0,1016.2,10,2013-02-21 11:00:00.000000 +00:00
LGA,2013,2,21,7,26.96,10.04,48.36,290,14.96014,31.07106,0,1016.2,10,2013-02-21 12:00:00.000000 +00:00
LGA,2013,2,21,8,28.04,10.04,46.26,300,20.71404,40.2773,0,1016.1,10,2013-02-21 13:00:00.000000 +00:00
LGA,2013,2,21,9,30.02,10.94,44.41,290,24.16638,32.22184,0,1016,10,2013-02-21 14:00:00.000000 +00:00
LGA,2013,2,21,10,30.92,10.04,41.13,290,21.86482,28.7695,0,1016.2,10,2013-02-21 15:00:00.000000 +00:00
LGA,2013,2,21,11,32,12.92,44.74,300,25.31716,39.12652,0,1015.8,10,2013-02-21 16:00:00.000000 +00:00
LGA,2013,2,21,12,33.08,12.92,42.84,300,20.71404,33.37262,0,1015.5,10,2013-02-21 17:00:00.000000 +00:00
LGA,2013,2,21,13,33.08,12.92,42.84,300,24.16638,32.22184,0,1015.7,10,2013-02-21 18:00:00.000000 +00:00
LGA,2013,2,21,14,33.98,14,43.33,320,24.16638,32.22184,0,1016,10,2013-02-21 19:00:00.000000 +00:00
LGA,2013,2,21,15,33.98,14,43.33,310,25.31716,34.5234,0,1016.5,10,2013-02-21 20:00:00.000000 +00:00
LGA,2013,2,21,16,33.08,12.92,42.84,320,19.56326,31.07106,0,1018.5,10,2013-02-21 21:00:00.000000 +00:00
LGA,2013,2,21,17,30.92,14,49.01,310,26.46794,31.07106,0,1019.3,10,2013-02-21 22:00:00.000000 +00:00
LGA,2013,2,21,18,30.02,12.92,48.48,320,23.0156,32.22184,0,1019.8,10,2013-02-21 23:00:00.000000 +00:00
LGA,2013,2,21,19,28.94,14,53.13,320,19.56326,28.7695,0,1023.1,10,2013-02-22 00:00:00.000000 +00:00
LGA,2013,2,21,20,28.04,14,55.12,320,20.71404,26.46794,0,1024.1,10,2013-02-22 01:00:00.000000 +00:00
LGA,2013,2,21,21,26.96,12.92,54.95,320,16.11092,28.7695,0,1024.5,10,2013-02-22 02:00:00.000000 +00:00
LGA,2013,2,21,22,26.06,12.92,57.04,320,10.35702,19.56326,0,1025.1,10,2013-02-22 03:00:00.000000 +00:00
LGA,2013,2,21,23,26.96,14,57.63,360,8.05546,,0,1025.3,10,2013-02-22 04:00:00.000000 +00:00
LGA,2013,2,22,0,26.96,15.08,60.41,10,10.35702,17.2617,0,1025.1,10,2013-02-22 05:00:00.000000 +00:00
LGA,2013,2,22,1,26.96,15.98,62.83,360,11.5078,,0,1025.5,10,2013-02-22 06:00:00.000000 +00:00
LGA,2013,2,22,2,26.96,15.98,62.83,350,8.05546,,0,1026.3,10,2013-02-22 07:00:00.000000 +00:00
LGA,2013,2,22,3,26.96,17.06,65.84,20,11.5078,,0,1026.4,10,2013-02-22 08:00:00.000000 +00:00
LGA,2013,2,22,4,26.96,17.06,65.84,10,8.05546,,0,1027.3,10,2013-02-22 09:00:00.000000 +00:00
LGA,2013,2,22,5,26.96,17.06,65.84,30,8.05546,,0,1027.9,10,2013-02-22 10:00:00.000000 +00:00
LGA,2013,2,22,6,26.96,17.06,65.84,10,8.05546,,0,1029,10,2013-02-22 11:00:00.000000 +00:00
LGA,2013,2,22,7,28.04,17.06,62.97,30,9.20624,,0,1029.3,10,2013-02-22 12:00:00.000000 +00:00
LGA,2013,2,22,8,28.94,17.06,60.69,40,10.35702,,0,1029.5,10,2013-02-22 13:00:00.000000 +00:00
LGA,2013,2,22,9,28.94,17.06,60.69,40,9.20624,,0,1029.2,10,2013-02-22 14:00:00.000000 +00:00
LGA,2013,2,22,10,32,19.04,58.37,40,9.20624,,0,1029,10,2013-02-22 15:00:00.000000 +00:00
LGA,2013,2,22,11,33.08,19.04,55.89,50,8.05546,,0,1028.6,10,2013-02-22 16:00:00.000000 +00:00
LGA,2013,2,22,12,33.98,19.04,53.91,50,8.05546,,0,1027.9,10,2013-02-22 17:00:00.000000 +00:00
LGA,2013,2,22,13,35.06,21.02,56.18,50,9.20624,,0,1026.8,10,2013-02-22 18:00:00.000000 +00:00
LGA,2013,2,22,14,35.96,21.02,54.21,40,8.05546,,0,1026.7,10,2013-02-22 19:00:00.000000 +00:00
LGA,2013,2,22,15,35.06,21.02,56.18,50,9.20624,,0,1026.8,10,2013-02-22 20:00:00.000000 +00:00
LGA,2013,2,22,16,35.06,23,61.08,50,6.90468,,0,1026.8,10,2013-02-22 21:00:00.000000 +00:00
LGA,2013,2,22,17,35.06,24.08,63.91,40,6.90468,,0,1027,10,2013-02-22 22:00:00.000000 +00:00
LGA,2013,2,22,18,39.02,26.96,61.63,110,9.20624,,0,1026.7,10,2013-02-22 23:00:00.000000 +00:00
LGA,2013,2,22,19,37.4,26.96,66.6,140,9.20624,,0,,10,2013-02-23 00:00:00.000000 +00:00
LGA,2013,2,22,20,37.04,26.96,66.6,120,6.90468,,0,1026.5,10,2013-02-23 01:00:00.000000 +00:00
LGA,2013,2,22,22,37.04,28.04,69.63,120,6.90468,,0,1025.8,10,2013-02-23 03:00:00.000000 +00:00
LGA,2013,2,22,23,37.04,30.02,75.5,110,8.05546,,0,1025,10,2013-02-23 04:00:00.000000 +00:00
LGA,2013,2,23,0,35.96,30.02,78.79,60,4.60312,,0,1025.3,10,2013-02-23 05:00:00.000000 +00:00
LGA,2013,2,23,1,37.04,32,81.8,130,8.05546,,0,1024.4,10,2013-02-23 06:00:00.000000 +00:00
LGA,2013,2,23,2,37.4,33.08,85.43,110,8.05546,,0,,10,2013-02-23 07:00:00.000000 +00:00
LGA,2013,2,23,3,37.4,33.8,86.69,110,8.05546,,0,,10,2013-02-23 08:00:00.000000 +00:00
LGA,2013,2,23,4,35.06,33.08,92.4,50,6.90468,,0,1022.3,7,2013-02-23 09:00:00.000000 +00:00
LGA,2013,2,23,5,35.6,32,88.47,50,9.20624,,0,,7,2013-02-23 10:00:00.000000 +00:00
LGA,2013,2,23,6,35.06,33.08,92.4,50,8.05546,,0,1021.7,6,2013-02-23 11:00:00.000000 +00:00
LGA,2013,2,23,7,35.6,33.8,93.08,50,10.35702,,0,,6,2013-02-23 12:00:00.000000 +00:00
LGA,2013,2,23,8,35.96,33.8,93.08,50,10.35702,,0,,6,2013-02-23 13:00:00.000000 +00:00
LGA,2013,2,23,9,35.96,33.98,92.43,50,11.5078,,0.01,1019.3,6,2013-02-23 14:00:00.000000 +00:00
LGA,2013,2,23,10,35.96,33.98,93.08,50,12.65858,,0.01,,2,2013-02-23 15:00:00.000000 +00:00
LGA,2013,2,23,11,37.94,35.96,100,50,10.35702,,0.02,,1,2013-02-23 16:00:00.000000 +00:00
LGA,2013,2,23,12,37.94,35.96,93.14,40,11.5078,,0.02,,0,2013-02-23 17:00:00.000000 +00:00
LGA,2013,2,23,13,37.94,35.96,92.49,30,9.20624,,0.02,1015.6,0,2013-02-23 18:00:00.000000 +00:00
LGA,2013,2,23,14,37.4,35.6,93.14,50,12.65858,,0.04,,0,2013-02-23 19:00:00.000000 +00:00
LGA,2013,2,23,15,39.2,35.96,93.14,50,13.80936,,0.05,,2,2013-02-23 20:00:00.000000 +00:00
LGA,2013,2,23,16,37.4,35.6,93.14,50,16.11092,,0.02,,2,2013-02-23 21:00:00.000000 +00:00
LGA,2013,2,23,17,35.96,33.98,92.43,50,16.11092,,0.03,1013.7,2,2013-02-23 22:00:00.000000 +00:00
LGA,2013,2,23,18,37.04,33.98,93.08,50,13.80936,,0,,5,2013-02-23 23:00:00.000000 +00:00
LGA,2013,2,23,19,35.96,33.98,93.08,50,14.96014,,0,,5,2013-02-24 00:00:00.000000 +00:00
LGA,2013,2,23,20,35.96,33.98,92.43,50,13.80936,,0,1011.9,10,2013-02-24 01:00:00.000000 +00:00
LGA,2013,2,23,21,35.96,33.98,92.43,40,17.2617,26.46794,0,1011,10,2013-02-24 02:00:00.000000 +00:00
LGA,2013,2,23,22,35.96,33.98,92.43,50,17.2617,,0,1010.2,3,2013-02-24 03:00:00.000000 +00:00
LGA,2013,2,23,23,37.4,35.6,93.14,40,14.96014,,0.01,,3,2013-02-24 04:00:00.000000 +00:00
LGA,2013,2,24,0,37.94,35.6,93.14,30,12.65858,,0.01,,5,2013-02-24 05:00:00.000000 +00:00
LGA,2013,2,24,1,37.94,35.06,89.25,340,9.20624,,0,1009,5,2013-02-24 06:00:00.000000 +00:00
LGA,2013,2,24,2,37.04,35.06,92.46,340,9.20624,,0.01,1008.4,3,2013-02-24 07:00:00.000000 +00:00
LGA,2013,2,24,3,37.04,33.98,88.57,320,11.5078,,0.01,1008.6,5,2013-02-24 08:00:00.000000 +00:00
LGA,2013,2,24,4,37.94,33.98,85.49,360,9.20624,,0,1007.8,10,2013-02-24 09:00:00.000000 +00:00
LGA,2013,2,24,5,37.94,33.98,86.69,350,10.35702,,0,,10,2013-02-24 10:00:00.000000 +00:00
LGA,2013,2,24,6,37.94,33.98,85.49,330,11.5078,,0,1007.8,10,2013-02-24 11:00:00.000000 +00:00
LGA,2013,2,24,7,37.94,33.98,86.69,330,13.80936,,0,,10,2013-02-24 12:00:00.000000 +00:00
LGA,2013,2,24,8,39.92,33.98,79.12,330,12.65858,,0,1007.9,10,2013-02-24 13:00:00.000000 +00:00
LGA,2013,2,24,9,39.92,35.6,86.79,320,9.20624,,0,,10,2013-02-24 14:00:00.000000 +00:00
LGA,2013,2,24,10,42.98,35.6,75.5,320,14.96014,,0,,10,2013-02-24 15:00:00.000000 +00:00
LGA,2013,2,24,11,42.08,33.98,72.78,320,17.2617,,0,1008,10,2013-02-24 16:00:00.000000 +00:00
LGA,2013,2,24,12,44.6,33.8,65.61,320,14.96014,,0,,10,2013-02-24 17:00:00.000000 +00:00
LGA,2013,2,24,13,44.96,32,60.2,340,8.05546,,0,1006.8,10,2013-02-24 18:00:00.000000 +00:00
LGA,2013,2,24,14,44.96,32,60.2,310,13.80936,,0,1007.3,10,2013-02-24 19:00:00.000000 +00:00
LGA,2013,2,24,15,42.98,26.06,50.94,310,19.56326,,0,1008,10,2013-02-24 20:00:00.000000 +00:00
LGA,2013,2,24,16,41,26.06,54.97,320,23.0156,28.7695,0,1009.3,10,2013-02-24 21:00:00.000000 +00:00
LGA,2013,2,24,17,39.02,24.08,54.68,310,18.41248,27.61872,0,1010.6,10,2013-02-24 22:00:00.000000 +00:00
LGA,2013,2,24,18,37.94,23,54.51,310,21.86482,29.92028,0,1011.5,10,2013-02-24 23:00:00.000000 +00:00
LGA,2013,2,24,19,37.04,23,56.48,320,18.41248,28.7695,0,1012.9,9,2013-02-25 00:00:00.000000 +00:00
LGA,2013,2,24,20,35.96,21.92,56.32,310,18.41248,23.0156,0,1013.6,10,2013-02-25 01:00:00.000000 +00:00
LGA,2013,2,24,21,35.96,21.92,56.32,320,18.41248,,0,1014.1,10,2013-02-25 02:00:00.000000 +00:00
LGA,2013,2,24,22,35.06,21.02,56.18,310,14.96014,,0,1014.4,10,2013-02-25 03:00:00.000000 +00:00
LGA,2013,2,24,23,35.06,21.02,56.18,310,14.96014,,0,1014.6,10,2013-02-25 04:00:00.000000 +00:00
LGA,2013,2,25,0,33.98,21.02,58.66,300,13.80936,,0,1015.5,10,2013-02-25 05:00:00.000000 +00:00
LGA,2013,2,25,1,33.98,21.92,60.93,310,12.65858,,0,1016.1,10,2013-02-25 06:00:00.000000 +00:00
LGA,2013,2,25,2,33.98,21.92,60.93,300,11.5078,,0,1016.5,10,2013-02-25 07:00:00.000000 +00:00
LGA,2013,2,25,3,33.98,21.92,60.93,310,10.35702,,0,1016.8,10,2013-02-25 08:00:00.000000 +00:00
LGA,2013,2,25,4,33.08,23,66.11,310,6.90468,,0,1017.2,10,2013-02-25 09:00:00.000000 +00:00
LGA,2013,2,25,5,33.08,23,66.11,310,9.20624,,0,1017.9,10,2013-02-25 10:00:00.000000 +00:00
LGA,2013,2,25,6,33.98,24.08,66.72,320,10.35702,,0,1018.2,10,2013-02-25 11:00:00.000000 +00:00
LGA,2013,2,25,7,35.06,24.98,66.36,320,8.05546,,0,1019.5,10,2013-02-25 12:00:00.000000 +00:00
LGA,2013,2,25,8,37.04,24.08,59.09,340,9.20624,,0,1019.9,10,2013-02-25 13:00:00.000000 +00:00
LGA,2013,2,25,9,39.02,24.98,56.77,350,9.20624,,0,1020.3,10,2013-02-25 14:00:00.000000 +00:00
LGA,2013,2,25,10,41,24.08,50.63,340,11.5078,,0,1020.3,10,2013-02-25 15:00:00.000000 +00:00
LGA,2013,2,25,11,42.08,24.08,48.56,10,9.20624,,0,1020.2,10,2013-02-25 16:00:00.000000 +00:00
LGA,2013,2,25,12,42.98,23,44.83,360,6.90468,,0,1020.5,10,2013-02-25 17:00:00.000000 +00:00
LGA,2013,2,25,13,42.98,24.08,46.91,320,6.90468,,0,1020.3,10,2013-02-25 18:00:00.000000 +00:00
LGA,2013,2,25,14,42.98,24.08,46.91,320,8.05546,,0,1020.8,10,2013-02-25 19:00:00.000000 +00:00
LGA,2013,2,25,15,42.98,24.98,48.7,330,4.60312,,0,1020.8,10,2013-02-25 20:00:00.000000 +00:00
LGA,2013,2,25,16,42.98,24.08,46.91,330,5.7539,,0,1020.9,10,2013-02-25 21:00:00.000000 +00:00
LGA,2013,2,25,17,42.98,23,44.83,20,5.7539,,0,1021.5,10,2013-02-25 22:00:00.000000 +00:00
LGA,2013,2,25,18,42.08,26.06,52.73,320,6.90468,,0,1022.4,10,2013-02-25 23:00:00.000000 +00:00
LGA,2013,2,25,19,42.08,26.96,54.73,350,4.60312,,0,1023,10,2013-02-26 00:00:00.000000 +00:00
LGA,2013,2,25,20,42.08,26.96,54.73,0,0,,0,1023,10,2013-02-26 01:00:00.000000 +00:00
LGA,2013,2,25,21,41,26.96,57.06,0,0,,0,1023.6,10,2013-02-26 02:00:00.000000 +00:00
LGA,2013,2,25,22,39.02,28.94,66.85,50,4.60312,,0,1023.7,10,2013-02-26 03:00:00.000000 +00:00
LGA,2013,2,25,23,37.04,28.04,69.63,40,6.90468,,0,1023.3,10,2013-02-26 04:00:00.000000 +00:00
LGA,2013,2,26,0,37.04,28.94,72.24,50,9.20624,,0,1022.9,10,2013-02-26 05:00:00.000000 +00:00
LGA,2013,2,26,1,35.96,28.94,75.39,30,5.7539,,0,1024.3,10,2013-02-26 06:00:00.000000 +00:00
LGA,2013,2,26,2,35.96,28.94,75.39,50,5.7539,,0,1024.4,10,2013-02-26 07:00:00.000000 +00:00
LGA,2013,2,26,3,35.06,28.94,78.13,50,4.60312,,0,1024.1,10,2013-02-26 08:00:00.000000 +00:00
LGA,2013,2,26,4,33.98,28.04,78.62,70,3.45234,,0,1024.2,10,2013-02-26 09:00:00.000000 +00:00
LGA,2013,2,26,5,35.06,28.94,78.13,40,6.90468,,0,1024.1,10,2013-02-26 10:00:00.000000 +00:00
LGA,2013,2,26,6,35.06,30.02,81.65,50,9.20624,,0,1024.3,10,2013-02-26 11:00:00.000000 +00:00
LGA,2013,2,26,7,37.04,32,81.8,60,8.05546,,0,1025.2,7,2013-02-26 12:00:00.000000 +00:00
LGA,2013,2,26,8,37.04,32,81.8,40,8.05546,,0,1025.8,8,2013-02-26 13:00:00.000000 +00:00
LGA,2013,2,26,9,39.02,32,75.69,50,10.35702,,0,1025.1,10,2013-02-26 14:00:00.000000 +00:00
LGA,2013,2,26,10,37.94,32,78.96,50,11.5078,,0,1025.5,10,2013-02-26 15:00:00.000000 +00:00
LGA,2013,2,26,11,39.02,32,75.69,50,11.5078,,0,1024.9,10,2013-02-26 16:00:00.000000 +00:00
LGA,2013,2,26,12,41,32,70.08,30,9.20624,,0,1024.4,10,2013-02-26 17:00:00.000000 +00:00
LGA,2013,2,26,13,44.06,28.94,55.02,100,13.80936,,0,1023,10,2013-02-26 18:00:00.000000 +00:00
LGA,2013,2,26,14,42.98,26.96,52.87,100,18.41248,,0,1022.7,10,2013-02-26 19:00:00.000000 +00:00
LGA,2013,2,26,15,42.98,26.96,52.87,120,12.65858,,0,1022.1,10,2013-02-26 20:00:00.000000 +00:00
LGA,2013,2,26,16,42.98,28.04,55.27,100,14.96014,,0,1021.5,10,2013-02-26 21:00:00.000000 +00:00
LGA,2013,2,26,17,39.92,28.04,62.21,100,17.2617,,0,1020.7,10,2013-02-26 22:00:00.000000 +00:00
LGA,2013,2,26,18,39.92,26.06,57.33,100,17.2617,24.16638,0,1020.3,10,2013-02-26 23:00:00.000000 +00:00
LGA,2013,2,26,19,39.02,28.94,66.85,90,13.80936,,0,1019.4,10,2013-02-27 00:00:00.000000 +00:00
LGA,2013,2,26,20,39.92,30.92,69.96,70,14.96014,,0.01,1018,10,2013-02-27 01:00:00.000000 +00:00
LGA,2013,2,26,21,37.4,32,81.8,60,14.96014,,0,,10,2013-02-27 02:00:00.000000 +00:00
LGA,2013,2,26,22,37.4,33.8,89.16,70,17.2617,,0.04,,6,2013-02-27 03:00:00.000000 +00:00
LGA,2013,2,26,23,35.96,33.08,89.16,70,19.56326,,0.06,1012.8,10,2013-02-27 04:00:00.000000 +00:00
LGA,2013,2,27,0,37.04,33.98,88.57,60,19.56326,27.61872,0.12,1012.5,5,2013-02-27 05:00:00.000000 +00:00
LGA,2013,2,27,1,37.4,33.98,88.57,60,26.46794,32.22184,0.12,,7,2013-02-27 06:00:00.000000 +00:00
LGA,2013,2,27,2,37.04,35.06,92.46,60,21.86482,28.7695,0.07,1008.6,5,2013-02-27 07:00:00.000000 +00:00
LGA,2013,2,27,3,37.94,35.06,89.25,60,25.31716,31.07106,0.1,1007.1,3,2013-02-27 08:00:00.000000 +00:00
LGA,2013,2,27,4,37.94,35.96,93.14,60,27.61872,35.67418,0.1,,4,2013-02-27 09:00:00.000000 +00:00
LGA,2013,2,27,5,39.02,37.04,93.14,60,25.31716,32.22184,0.19,,3,2013-02-27 10:00:00.000000 +00:00
LGA,2013,2,27,6,39.92,37.4,93.19,50,21.86482,,0.14,,3,2013-02-27 11:00:00.000000 +00:00
LGA,2013,2,27,7,39.92,37.94,92.56,50,20.71404,33.37262,0.11,1002.3,2,2013-02-27 12:00:00.000000 +00:00
LGA,2013,2,27,8,41,39.2,93.24,60,24.16638,,0.08,,2,2013-02-27 13:00:00.000000 +00:00
LGA,2013,2,27,9,39.92,37.94,93.19,50,21.86482,,0.05,,3,2013-02-27 14:00:00.000000 +00:00
LGA,2013,2,27,10,41,37.94,88.76,60,18.41248,29.92028,0.02,1000.3,3,2013-02-27 15:00:00.000000 +00:00
LGA,2013,2,27,11,39.92,39.02,96.55,50,21.86482,,0.02,,2,2013-02-27 16:00:00.000000 +00:00
LGA,2013,2,27,12,41,37.94,93.19,40,19.56326,,0,,3,2013-02-27 17:00:00.000000 +00:00
LGA,2013,2,27,13,41,39.2,93.24,40,9.20624,,0,,1,2013-02-27 18:00:00.000000 +00:00
LGA,2013,2,27,14,42.08,39.92,91.98,310,3.45234,,0,999.5,1,2013-02-27 19:00:00.000000 +00:00
LGA,2013,2,27,15,44.96,42.8,93.35,250,3.45234,,0,,1,2013-02-27 20:00:00.000000 +00:00
LGA,2013,2,27,16,48.02,42.8,87.19,,9.20624,,0,,10,2013-02-27 21:00:00.000000 +00:00
LGA,2013,2,27,17,48.2,37.4,66.05,260,18.41248,24.16638,0,,10,2013-02-27 22:00:00.000000 +00:00
LGA,2013,2,27,18,44.96,33.98,65.18,260,16.11092,25.31716,0,1003.1,10,2013-02-27 23:00:00.000000 +00:00
LGA,2013,2,27,19,44.96,33.98,65.18,260,12.65858,,0,1003.5,10,2013-02-28 00:00:00.000000 +00:00
LGA,2013,2,27,20,44.96,33.98,65.18,270,10.35702,,0,1004.2,10,2013-02-28 01:00:00.000000 +00:00
LGA,2013,2,27,21,46.04,33.08,60.35,300,14.96014,,0,1004.1,10,2013-02-28 02:00:00.000000 +00:00
LGA,2013,2,27,22,44.06,33.98,67.45,310,10.35702,,0,1003.4,10,2013-02-28 03:00:00.000000 +00:00
LGA,2013,2,27,23,44.96,35.06,68.05,230,4.60312,,0,1003.1,10,2013-02-28 04:00:00.000000 +00:00
LGA,2013,2,28,0,46.04,33.98,62.56,250,4.60312,,0,1002.9,10,2013-02-28 05:00:00.000000 +00:00
LGA,2013,2,28,1,44.96,35.06,68.05,220,6.90468,,0,1002.7,10,2013-02-28 06:00:00.000000 +00:00
LGA,2013,2,28,2,42.98,35.06,73.39,0,0,,0,1002.3,10,2013-02-28 07:00:00.000000 +00:00
LGA,2013,2,28,3,44.96,35.06,68.05,200,3.45234,,0,1002.3,10,2013-02-28 08:00:00.000000 +00:00
LGA,2013,2,28,4,44.96,35.96,70.52,200,6.90468,,0,1002.3,10,2013-02-28 09:00:00.000000 +00:00
LGA,2013,2,28,5,44.06,35.96,72.98,0,0,,0,1002.3,10,2013-02-28 10:00:00.000000 +00:00
LGA,2013,2,28,6,44.06,33.98,67.45,260,11.5078,,0,1002.7,10,2013-02-28 11:00:00.000000 +00:00
LGA,2013,2,28,7,44.06,35.06,70.42,0,0,,0,1002.7,10,2013-02-28 12:00:00.000000 +00:00
LGA,2013,2,28,8,44.06,33.98,67.45,260,5.7539,,0,1003,10,2013-02-28 13:00:00.000000 +00:00
LGA,2013,2,28,9,44.6,33.98,67.45,270,8.05546,,0,,10,2013-02-28 14:00:00.000000 +00:00
LGA,2013,2,28,10,46.94,35.06,63.13,330,5.7539,,0,1001.9,10,2013-02-28 15:00:00.000000 +00:00
LGA,2013,2,28,11,48.02,32,53.63,0,0,,0,1001.1,10,2013-02-28 16:00:00.000000 +00:00
LGA,2013,2,28,12,48.92,30.02,47.86,330,4.60312,,0,1000.6,10,2013-02-28 17:00:00.000000 +00:00
LGA,2013,2,28,13,48.92,28.04,44.14,260,8.05546,,0,1000.4,10,2013-02-28 18:00:00.000000 +00:00
LGA,2013,2,28,14,46.94,28.94,49.33,300,10.35702,,0,1000.4,10,2013-02-28 19:00:00.000000 +00:00
LGA,2013,2,28,15,46.94,28.94,49.33,300,12.65858,,0,1000.3,10,2013-02-28 20:00:00.000000 +00:00
LGA,2013,2,28,16,46.04,30.02,53.33,300,5.7539,,0,1000.4,10,2013-02-28 21:00:00.000000 +00:00
LGA,2013,2,28,17,44.06,30.02,57.5,330,11.5078,,0,1000.9,10,2013-02-28 22:00:00.000000 +00:00
LGA,2013,2,28,18,44.06,28.94,55.02,330,8.05546,,0,1001.4,10,2013-02-28 23:00:00.000000 +00:00
LGA,2013,2,28,19,44.06,28.94,55.02,300,5.7539,,0,1001.7,10,2013-03-01 00:00:00.000000 +00:00
LGA,2013,2,28,20,42.98,28.04,55.27,300,16.11092,,0,1002,10,2013-03-01 01:00:00.000000 +00:00
LGA,2013,2,28,21,42.08,28.94,59.36,320,16.11092,,0,1002.4,10,2013-03-01 02:00:00.000000 +00:00
LGA,2013,2,28,22,41,28.94,61.89,290,13.80936,18.41248,0,1002.4,10,2013-03-01 03:00:00.000000 +00:00
LGA,2013,2,28,23,39.92,30.02,67.45,310,11.5078,,0,1002.4,10,2013-03-01 04:00:00.000000 +00:00
LGA,2013,3,1,0,39.02,30.02,69.86,320,10.35702,,0,1002.5,10,2013-03-01 05:00:00.000000 +00:00
LGA,2013,3,1,1,37.94,30.02,72.87,310,10.35702,,0,1002.4,10,2013-03-01 06:00:00.000000 +00:00
LGA,2013,3,1,2,37.94,28.94,69.73,310,9.20624,,0,1002.6,10,2013-03-01 07:00:00.000000 +00:00
LGA,2013,3,1,3,37.94,28.94,69.73,310,12.65858,,0,1003.1,10,2013-03-01 08:00:00.000000 +00:00
LGA,2013,3,1,4,37.04,28.94,72.24,310,13.80936,,0,1003.4,10,2013-03-01 09:00:00.000000 +00:00
LGA,2013,3,1,5,37.04,28.94,72.24,300,9.20624,,0,1003.8,10,2013-03-01 10:00:00.000000 +00:00
LGA,2013,3,1,6,37.04,28.94,72.24,310,8.05546,,0,1004.1,10,2013-03-01 11:00:00.000000 +00:00
LGA,2013,3,1,7,37.94,28.94,69.73,320,12.65858,,0,1004.8,10,2013-03-01 12:00:00.000000 +00:00
LGA,2013,3,1,8,39.92,28.94,64.54,320,13.80936,,0,1005.2,10,2013-03-01 13:00:00.000000 +00:00
LGA,2013,3,1,9,41,26.96,57.06,340,11.5078,,0,1005.4,10,2013-03-01 14:00:00.000000 +00:00
LGA,2013,3,1,10,42.08,26.96,54.73,320,12.65858,,0,1005.5,10,2013-03-01 15:00:00.000000 +00:00
LGA,2013,3,1,11,41,26.96,57.06,330,9.20624,,0,1005.7,10,2013-03-01 16:00:00.000000 +00:00
LGA,2013,3,1,12,42.98,26.96,52.87,330,6.90468,,0,1005.2,10,2013-03-01 17:00:00.000000 +00:00
LGA,2013,3,1,13,44.06,26.06,48.87,340,9.20624,,0,1004.9,10,2013-03-01 18:00:00.000000 +00:00
LGA,2013,3,1,14,42.98,26.06,50.94,310,17.2617,,0,1005.1,10,2013-03-01 19:00:00.000000 +00:00
LGA,2013,3,1,15,42.98,26.06,50.94,320,10.35702,,0,1005.1,10,2013-03-01 20:00:00.000000 +00:00
LGA,2013,3,8,1,33.98,30.2,86.49,340,13.80936,,0.01,,2,2013-03-08 06:00:00.000000 +00:00
LGA,2013,3,1,16,42.98,24.98,48.7,320,17.2617,,0,1005.5,10,2013-03-01 21:00:00.000000 +00:00
LGA,2013,3,1,17,42.08,26.06,52.73,310,17.2617,,0,1006.3,10,2013-03-01 22:00:00.000000 +00:00
LGA,2013,3,1,18,39.92,28.04,62.21,320,17.2617,,0,1006.9,10,2013-03-01 23:00:00.000000 +00:00
LGA,2013,3,1,19,39.92,26.96,59.5,330,16.11092,23.0156,0,1007.4,10,2013-03-02 00:00:00.000000 +00:00
LGA,2013,3,1,20,39.02,26.06,59.37,330,17.2617,21.86482,0,1007.6,10,2013-03-02 01:00:00.000000 +00:00
LGA,2013,3,1,21,39.02,24.98,56.77,320,16.11092,25.31716,0,1007.8,10,2013-03-02 02:00:00.000000 +00:00
LGA,2013,3,1,22,37.94,24.08,57.04,330,17.2617,24.16638,0,1008.1,10,2013-03-02 03:00:00.000000 +00:00
LGA,2013,3,1,23,37.94,24.08,57.04,330,12.65858,,0,1007.9,10,2013-03-02 04:00:00.000000 +00:00
LGA,2013,3,2,0,37.04,21.92,53.97,330,16.11092,,0,1007.9,10,2013-03-02 05:00:00.000000 +00:00
LGA,2013,3,2,1,35.96,21.92,56.32,330,14.96014,23.0156,0,1007.8,10,2013-03-02 06:00:00.000000 +00:00
LGA,2013,3,2,2,35.96,21.92,56.32,320,13.80936,,0,1007.7,10,2013-03-02 07:00:00.000000 +00:00
LGA,2013,3,2,3,35.06,21.92,58.37,320,13.80936,,0,1008,10,2013-03-02 08:00:00.000000 +00:00
LGA,2013,3,2,4,35.06,23,61.08,320,12.65858,,0,1007.9,10,2013-03-02 09:00:00.000000 +00:00
LGA,2013,3,2,5,35.06,23,61.08,320,11.5078,,0,1007.8,10,2013-03-02 10:00:00.000000 +00:00
LGA,2013,3,2,6,33.98,21.92,60.93,310,10.35702,,0,1008.1,10,2013-03-02 11:00:00.000000 +00:00
LGA,2013,3,2,7,35.06,21.92,58.37,330,9.20624,,0,1008.3,10,2013-03-02 12:00:00.000000 +00:00
LGA,2013,3,2,8,35.06,21.92,58.37,310,13.80936,,0,1007.9,10,2013-03-02 13:00:00.000000 +00:00
LGA,2013,3,2,9,37.04,21.92,53.97,310,13.80936,,0,1007.5,10,2013-03-02 14:00:00.000000 +00:00
LGA,2013,3,2,10,37.94,21.92,52.09,310,8.05546,,0,1007.3,10,2013-03-02 15:00:00.000000 +00:00
LGA,2013,3,2,11,39.02,21.92,49.93,340,8.05546,,0,1007,10,2013-03-02 16:00:00.000000 +00:00
LGA,2013,3,2,12,37.94,23,54.51,310,10.35702,,0,1006.5,10,2013-03-02 17:00:00.000000 +00:00
LGA,2013,3,2,13,37.94,23,54.51,340,10.35702,,0,1006.1,10,2013-03-02 18:00:00.000000 +00:00
LGA,2013,3,2,14,37.94,24.08,57.04,310,11.5078,,0,1005.7,10,2013-03-02 19:00:00.000000 +00:00
LGA,2013,3,2,15,37.94,23,54.51,310,14.96014,,0,1005.6,10,2013-03-02 20:00:00.000000 +00:00
LGA,2013,3,2,16,37.94,23,54.51,310,16.11092,,0,1005.9,10,2013-03-02 21:00:00.000000 +00:00
LGA,2013,3,2,17,37.04,23,56.48,320,14.96014,,0,1006.2,10,2013-03-02 22:00:00.000000 +00:00
LGA,2013,3,2,18,37.04,23,56.48,320,12.65858,,0,1006.8,10,2013-03-02 23:00:00.000000 +00:00
LGA,2013,3,2,19,35.06,24.98,66.36,320,12.65858,,0,1007,9,2013-03-03 00:00:00.000000 +00:00
LGA,2013,3,2,20,33.8,28.4,81.5,310,11.5078,,0,,5,2013-03-03 01:00:00.000000 +00:00
LGA,2013,3,2,21,32,26.96,81.42,310,14.96014,,0,,8,2013-03-03 02:00:00.000000 +00:00
LGA,2013,3,2,22,32,26.06,78.45,320,10.35702,,0,1006.9,10,2013-03-03 03:00:00.000000 +00:00
LGA,2013,3,2,23,32,23,69.04,320,11.5078,,0,1006.8,9,2013-03-03 04:00:00.000000 +00:00
LGA,2013,3,3,0,32,23,69.04,330,12.65858,,0,1006.9,5,2013-03-03 05:00:00.000000 +00:00
LGA,2013,3,3,1,30.92,21.92,68.92,320,12.65858,,0,1006.8,6,2013-03-03 06:00:00.000000 +00:00
LGA,2013,3,3,2,30.92,19.94,63.36,310,14.96014,,0,1006.4,7,2013-03-03 07:00:00.000000 +00:00
LGA,2013,3,3,3,30.02,19.94,65.72,320,13.80936,,0,1006.3,9,2013-03-03 08:00:00.000000 +00:00
LGA,2013,3,3,4,30.92,17.96,58.21,320,14.96014,,0,1006.5,9,2013-03-03 09:00:00.000000 +00:00
LGA,2013,3,3,5,30.02,17.96,60.38,330,14.96014,,0,1006.7,10,2013-03-03 10:00:00.000000 +00:00
LGA,2013,3,3,6,30.02,17.06,58.08,330,16.11092,,0,1006.9,10,2013-03-03 11:00:00.000000 +00:00
LGA,2013,3,3,7,30.02,17.06,58.08,320,12.65858,,0,1007.1,10,2013-03-03 12:00:00.000000 +00:00
LGA,2013,3,3,8,30.92,17.06,55.99,310,11.5078,,0,1007,10,2013-03-03 13:00:00.000000 +00:00
LGA,2013,3,3,9,30.92,15.98,53.44,310,14.96014,,0,1006.7,10,2013-03-03 14:00:00.000000 +00:00
LGA,2013,3,3,10,32,17.96,55.72,300,12.65858,,0,1006.5,10,2013-03-03 15:00:00.000000 +00:00
LGA,2013,3,3,11,33.08,17.96,53.36,310,14.96014,,0,1006.2,10,2013-03-03 16:00:00.000000 +00:00
LGA,2013,3,3,12,35.06,17.06,47.42,320,11.5078,,0,1005.2,10,2013-03-03 17:00:00.000000 +00:00
LGA,2013,3,3,13,37.04,15.98,41.84,310,10.35702,19.56326,0,1004.5,10,2013-03-03 18:00:00.000000 +00:00
LGA,2013,3,3,14,39.02,17.06,40.57,290,12.65858,21.86482,0,1004.2,10,2013-03-03 19:00:00.000000 +00:00
LGA,2013,3,3,15,39.92,19.04,42.65,310,14.96014,25.31716,0,1004.3,10,2013-03-03 20:00:00.000000 +00:00
LGA,2013,3,3,16,37.94,19.94,47.89,310,18.41248,24.16638,0,1004.7,10,2013-03-03 21:00:00.000000 +00:00
LGA,2013,3,3,17,35.96,19.04,49.83,320,17.2617,,0,1005.3,10,2013-03-03 22:00:00.000000 +00:00
LGA,2013,3,3,18,35.06,19.94,53.66,300,16.11092,24.16638,0,1006.1,10,2013-03-03 23:00:00.000000 +00:00
LGA,2013,3,3,19,33.98,17.96,51.47,320,17.2617,,0,1006.7,10,2013-03-04 00:00:00.000000 +00:00
LGA,2013,3,3,20,33.08,17.06,51.33,320,19.56326,28.7695,0,1007.2,10,2013-03-04 01:00:00.000000 +00:00
LGA,2013,3,3,21,32,17.06,53.6,310,17.2617,,0,1007.5,10,2013-03-04 02:00:00.000000 +00:00
LGA,2013,3,3,22,30.92,17.06,55.99,300,18.41248,26.46794,0,1007.5,10,2013-03-04 03:00:00.000000 +00:00
LGA,2013,3,3,23,30.02,15.98,55.42,310,19.56326,28.7695,0,1007.6,10,2013-03-04 04:00:00.000000 +00:00
LGA,2013,3,4,0,30.02,15.98,55.42,310,20.71404,27.61872,0,1008,10,2013-03-04 05:00:00.000000 +00:00
LGA,2013,3,4,1,28.94,15.98,57.92,310,19.56326,27.61872,0,1008,10,2013-03-04 06:00:00.000000 +00:00
LGA,2013,3,4,2,28.94,15.98,57.92,320,17.2617,25.31716,0,1007.9,10,2013-03-04 07:00:00.000000 +00:00
LGA,2013,3,4,3,28.94,17.06,60.69,320,18.41248,25.31716,0,1008.1,10,2013-03-04 08:00:00.000000 +00:00
LGA,2013,3,4,4,28.94,17.96,63.1,310,16.11092,23.0156,0,1008.3,10,2013-03-04 09:00:00.000000 +00:00
LGA,2013,3,4,5,30.02,17.96,60.38,300,14.96014,,0,1008.5,10,2013-03-04 10:00:00.000000 +00:00
LGA,2013,3,4,6,30.02,17.96,60.38,300,17.2617,25.31716,0,1009,10,2013-03-04 11:00:00.000000 +00:00
LGA,2013,3,4,7,30.92,19.04,60.97,320,19.56326,29.92028,0,1009.2,10,2013-03-04 12:00:00.000000 +00:00
LGA,2013,3,4,8,32,19.04,58.37,310,19.56326,29.92028,0,1009,10,2013-03-04 13:00:00.000000 +00:00
LGA,2013,3,4,9,33.08,19.04,55.89,320,18.41248,27.61872,0,1009,10,2013-03-04 14:00:00.000000 +00:00
LGA,2013,3,4,10,35.06,17.96,49.3,290,18.41248,,0,1009.1,10,2013-03-04 15:00:00.000000 +00:00
LGA,2013,3,4,11,37.04,19.04,47.75,320,17.2617,24.16638,0,1008.7,10,2013-03-04 16:00:00.000000 +00:00
LGA,2013,3,4,12,39.92,19.04,42.65,300,17.2617,27.61872,0,1008,10,2013-03-04 17:00:00.000000 +00:00
LGA,2013,3,4,13,39.92,19.04,42.65,310,20.71404,27.61872,0,1007.6,10,2013-03-04 18:00:00.000000 +00:00
LGA,2013,3,4,14,39.92,19.04,42.65,310,20.71404,29.92028,0,1008,10,2013-03-04 19:00:00.000000 +00:00
LGA,2013,3,4,15,39.02,19.04,44.18,320,25.31716,34.5234,0,1008.1,10,2013-03-04 20:00:00.000000 +00:00
LGA,2013,3,4,16,39.02,19.94,45.91,320,21.86482,33.37262,0,1008.8,10,2013-03-04 21:00:00.000000 +00:00
LGA,2013,3,4,17,37.94,17.96,44,320,19.56326,28.7695,0,1009.6,10,2013-03-04 22:00:00.000000 +00:00
LGA,2013,3,4,18,35.96,19.04,49.83,310,18.41248,28.7695,0,1010.3,10,2013-03-04 23:00:00.000000 +00:00
LGA,2013,3,4,19,35.96,19.04,49.83,320,17.2617,26.46794,0,1010.9,10,2013-03-05 00:00:00.000000 +00:00
LGA,2013,3,4,20,35.06,19.04,51.64,310,19.56326,29.92028,0,1011.5,10,2013-03-05 01:00:00.000000 +00:00
LGA,2013,3,4,21,33.98,19.94,56.02,310,19.56326,27.61872,0,1011.9,10,2013-03-05 02:00:00.000000 +00:00
LGA,2013,3,4,22,33.98,19.04,53.91,330,19.56326,27.61872,0,1012.4,10,2013-03-05 03:00:00.000000 +00:00
LGA,2013,3,4,23,33.98,19.94,56.02,310,20.71404,28.7695,0,1012.3,10,2013-03-05 04:00:00.000000 +00:00
LGA,2013,3,5,0,33.08,19.94,58.08,310,17.2617,23.0156,0,1013.1,10,2013-03-05 05:00:00.000000 +00:00
LGA,2013,3,5,2,33.08,21.02,60.81,320,10.35702,,0,1013.2,10,2013-03-05 07:00:00.000000 +00:00
LGA,2013,3,5,3,33.08,21.02,60.81,310,12.65858,,0,1013.5,10,2013-03-05 08:00:00.000000 +00:00
LGA,2013,3,5,4,33.08,21.02,60.81,330,12.65858,,0,1014.1,10,2013-03-05 09:00:00.000000 +00:00
LGA,2013,3,5,5,33.08,21.02,60.81,320,13.80936,,0,1014.7,10,2013-03-05 10:00:00.000000 +00:00
LGA,2013,3,5,6,33.08,21.02,60.81,320,9.20624,,0,1015.6,10,2013-03-05 11:00:00.000000 +00:00
LGA,2013,3,5,7,33.98,21.02,58.66,320,13.80936,,0,1015.9,10,2013-03-05 12:00:00.000000 +00:00
LGA,2013,3,5,8,35.06,21.02,56.18,340,11.5078,,0,1016.3,10,2013-03-05 13:00:00.000000 +00:00
LGA,2013,3,5,9,37.94,23,54.51,310,10.35702,,0,1016.2,10,2013-03-05 14:00:00.000000 +00:00
LGA,2013,3,5,10,41,23,48.39,340,12.65858,19.56326,0,1015.6,10,2013-03-05 15:00:00.000000 +00:00
LGA,2013,3,5,11,44.06,23,43.02,360,10.35702,19.56326,0,1015.4,10,2013-03-05 16:00:00.000000 +00:00
LGA,2013,3,5,12,44.06,24.08,45.01,350,10.35702,,0,1015,10,2013-03-05 17:00:00.000000 +00:00
LGA,2013,3,5,13,44.96,23,41.56,20,5.7539,,0,1015.2,10,2013-03-05 18:00:00.000000 +00:00
LGA,2013,3,5,14,46.94,23,38.56,10,8.05546,,0,1015.1,10,2013-03-05 19:00:00.000000 +00:00
LGA,2013,3,5,15,46.94,21.92,36.85,60,5.7539,,0,1014.9,10,2013-03-05 20:00:00.000000 +00:00
LGA,2013,3,5,16,46.94,23,38.56,70,6.90468,,0,1014.8,10,2013-03-05 21:00:00.000000 +00:00
LGA,2013,3,5,17,46.04,23,39.9,70,8.05546,,0,1015.3,10,2013-03-05 22:00:00.000000 +00:00
LGA,2013,3,5,18,44.96,23,41.56,50,3.45234,,0,1016,10,2013-03-05 23:00:00.000000 +00:00
LGA,2013,3,5,19,42.98,24.98,48.7,80,5.7539,,0,1015.9,10,2013-03-06 00:00:00.000000 +00:00
LGA,2013,3,5,20,44.06,24.08,45.01,,4.60312,,0,1015.8,10,2013-03-06 01:00:00.000000 +00:00
LGA,2013,3,5,21,42.08,24.08,48.56,130,8.05546,,0,1016.1,10,2013-03-06 02:00:00.000000 +00:00
LGA,2013,3,5,22,42.08,24.08,48.56,140,8.05546,,0,1016,10,2013-03-06 03:00:00.000000 +00:00
LGA,2013,3,5,23,41,26.06,54.97,120,9.20624,,0,1015.4,10,2013-03-06 04:00:00.000000 +00:00
LGA,2013,3,6,0,41,28.94,61.89,120,8.05546,,0,1014.9,10,2013-03-06 05:00:00.000000 +00:00
LGA,2013,3,6,1,39.02,30.02,69.86,60,6.90468,,0,1014.8,10,2013-03-06 06:00:00.000000 +00:00
LGA,2013,3,6,2,39.02,30.02,69.86,60,9.20624,,0,1013.8,10,2013-03-06 07:00:00.000000 +00:00
LGA,2013,3,6,3,37.94,28.94,69.73,80,16.11092,21.86482,0,1013.1,10,2013-03-06 08:00:00.000000 +00:00
LGA,2013,3,6,4,39.02,30.02,69.86,80,16.11092,25.31716,0,1013.4,10,2013-03-06 09:00:00.000000 +00:00
LGA,2013,3,6,5,39.02,28.94,66.85,70,19.56326,,0,1012.9,10,2013-03-06 10:00:00.000000 +00:00
LGA,2013,3,6,6,39.2,32,75.69,70,21.86482,28.7695,0,,10,2013-03-06 11:00:00.000000 +00:00
LGA,2013,3,6,7,39.02,32,75.69,70,23.0156,29.92028,0,1012.6,10,2013-03-06 12:00:00.000000 +00:00
LGA,2013,3,6,8,39.92,32,75.16,70,27.61872,33.37262,0,,10,2013-03-06 13:00:00.000000 +00:00
LGA,2013,3,6,9,39.92,32,73.08,60,28.7695,36.82496,0,1012.6,10,2013-03-06 14:00:00.000000 +00:00
LGA,2013,3,6,10,41,32,70.08,70,28.7695,35.67418,0,1012.1,10,2013-03-06 15:00:00.000000 +00:00
LGA,2013,3,6,11,41,33.98,75.88,70,35.67418,47.18198,0,1011.5,10,2013-03-06 16:00:00.000000 +00:00
LGA,2013,3,6,12,42.08,30.02,62.04,60,34.5234,46.0312,0,1011.5,10,2013-03-06 17:00:00.000000 +00:00
LGA,2013,3,6,13,42.8,28.4,57.22,70,31.07106,46.0312,0,,10,2013-03-06 18:00:00.000000 +00:00
LGA,2013,3,6,14,41,30.02,64.68,60,32.22184,41.42808,0,1011.2,10,2013-03-06 19:00:00.000000 +00:00
LGA,2013,3,6,15,39.92,30.02,67.45,50,25.31716,32.22184,0,1011.1,10,2013-03-06 20:00:00.000000 +00:00
LGA,2013,3,6,16,41,28.94,61.89,50,17.2617,28.7695,0,1011.5,10,2013-03-06 21:00:00.000000 +00:00
LGA,2013,3,6,17,41,28.94,61.89,30,24.16638,36.82496,0,1011.7,10,2013-03-06 22:00:00.000000 +00:00
LGA,2013,3,6,18,41,28.04,59.65,40,26.46794,40.2773,0,1012.7,10,2013-03-06 23:00:00.000000 +00:00
LGA,2013,3,6,19,39.92,26.96,59.5,30,25.31716,42.57886,0,1013.1,10,2013-03-07 00:00:00.000000 +00:00
LGA,2013,3,6,20,39.02,26.96,61.63,30,23.0156,36.82496,0,1013.3,10,2013-03-07 01:00:00.000000 +00:00
LGA,2013,3,6,21,39.02,26.06,59.37,40,27.61872,37.97574,0,1013.4,10,2013-03-07 02:00:00.000000 +00:00
LGA,2013,3,6,22,37.94,28.04,67.21,30,20.71404,35.67418,0,1013.4,10,2013-03-07 03:00:00.000000 +00:00
LGA,2013,3,6,23,37.94,26.96,64.29,30,20.71404,29.92028,0,1013.2,10,2013-03-07 04:00:00.000000 +00:00
LGA,2013,3,7,0,37.4,30.02,78.79,20,19.56326,31.07106,0,,10,2013-03-07 05:00:00.000000 +00:00
LGA,2013,3,7,1,35.06,30.02,81.65,10,14.96014,21.86482,0.01,1013.5,7,2013-03-07 06:00:00.000000 +00:00
LGA,2013,3,7,2,37.04,28.4,74.8,20,16.11092,26.46794,0,,9,2013-03-07 07:00:00.000000 +00:00
LGA,2013,3,7,3,37.04,26.96,66.6,20,23.0156,29.92028,0,1013.5,9,2013-03-07 08:00:00.000000 +00:00
LGA,2013,3,7,4,37.04,26.06,64.17,30,23.0156,31.07106,0,1014.3,9,2013-03-07 09:00:00.000000 +00:00
LGA,2013,3,7,5,37.04,24.98,61.35,20,23.0156,31.07106,0,1014.7,10,2013-03-07 10:00:00.000000 +00:00
LGA,2013,3,7,6,37.04,24.98,61.35,20,17.2617,27.61872,0,1015.2,10,2013-03-07 11:00:00.000000 +00:00
LGA,2013,3,7,7,35.06,28.04,75.31,10,21.86482,32.22184,0,1015.7,4,2013-03-07 12:00:00.000000 +00:00
LGA,2013,3,7,8,35.6,28.4,75.31,20,19.56326,25.31716,0,,4,2013-03-07 13:00:00.000000 +00:00
LGA,2013,3,7,9,37.04,26.96,66.6,360,19.56326,26.46794,0,1016.1,10,2013-03-07 14:00:00.000000 +00:00
LGA,2013,3,7,10,35.96,28.94,75.39,360,18.41248,25.31716,0,1016.2,10,2013-03-07 15:00:00.000000 +00:00
LGA,2013,3,7,11,37.04,28.94,72.24,350,13.80936,27.61872,0,1016.4,9,2013-03-07 16:00:00.000000 +00:00
LGA,2013,3,7,12,37.04,30.02,75.5,360,14.96014,24.16638,0,1016.2,10,2013-03-07 17:00:00.000000 +00:00
LGA,2013,3,7,13,37.04,28.94,72.24,350,20.71404,26.46794,0,1016.3,10,2013-03-07 18:00:00.000000 +00:00
LGA,2013,3,7,14,37.94,28.94,69.73,350,20.71404,28.7695,0,,10,2013-03-07 19:00:00.000000 +00:00
LGA,2013,3,7,15,37.4,30.2,75.5,350,21.86482,33.37262,0,,9,2013-03-07 20:00:00.000000 +00:00
LGA,2013,3,7,16,35.96,30.92,81.72,350,16.11092,,0.01,,9,2013-03-07 21:00:00.000000 +00:00
LGA,2013,3,7,17,35.6,30.92,84.69,340,14.96014,21.86482,0.02,,4,2013-03-07 22:00:00.000000 +00:00
LGA,2013,3,7,18,35.6,30.92,84.69,340,18.41248,,0,,7,2013-03-07 23:00:00.000000 +00:00
LGA,2013,3,7,19,35.6,30.92,84.69,340,16.11092,,0.01,,8,2013-03-08 00:00:00.000000 +00:00
LGA,2013,3,7,20,33.98,30.92,88.42,340,16.11092,21.86482,0.02,1018.1,3,2013-03-08 01:00:00.000000 +00:00
LGA,2013,3,7,21,35.06,30.92,84.69,340,11.5078,,0.02,1017.9,3,2013-03-08 02:00:00.000000 +00:00
LGA,2013,3,7,22,33.98,30.2,86.49,340,13.80936,,0.02,,2,2013-03-08 03:00:00.000000 +00:00
LGA,2013,3,7,23,33.98,30.2,86.49,340,11.5078,20.71404,0.02,,2,2013-03-08 04:00:00.000000 +00:00
LGA,2013,3,8,0,33.98,30.2,86.49,350,13.80936,,0,,2,2013-03-08 05:00:00.000000 +00:00
LGA,2013,3,8,2,33.8,28.94,84.56,350,14.96014,23.0156,0,,2,2013-03-08 07:00:00.000000 +00:00
LGA,2013,3,8,3,33.8,28.94,84.56,340,17.2617,26.46794,0.01,,2,2013-03-08 08:00:00.000000 +00:00
LGA,2013,3,8,4,33.8,28.94,84.56,340,16.11092,,0.01,,2,2013-03-08 09:00:00.000000 +00:00
LGA,2013,3,8,5,33.8,28.94,88.32,350,18.41248,25.31716,0.04,,0,2013-03-08 10:00:00.000000 +00:00
LGA,2013,3,8,6,32,28.4,86.39,350,20.71404,29.92028,0.02,,1,2013-03-08 11:00:00.000000 +00:00
LGA,2013,3,8,7,32,28.94,88.32,350,14.96014,26.46794,0.02,1016.1,1,2013-03-08 12:00:00.000000 +00:00
LGA,2013,3,8,8,32,28.94,88.32,350,19.56326,27.61872,0.04,,0,2013-03-08 13:00:00.000000 +00:00
LGA,2013,3,8,9,32,28.94,88.32,350,18.41248,24.16638,0.04,1016.6,0,2013-03-08 14:00:00.000000 +00:00
LGA,2013,3,8,10,33.8,28.94,84.56,350,20.71404,33.37262,0.02,,1,2013-03-08 15:00:00.000000 +00:00
LGA,2013,3,8,11,33.98,28.94,81.57,350,19.56326,,0.01,,5,2013-03-08 16:00:00.000000 +00:00
LGA,2013,3,8,12,33.98,30.02,85.24,350,14.96014,25.31716,0.02,1016.7,2,2013-03-08 17:00:00.000000 +00:00
LGA,2013,3,8,13,35.96,28.94,75.39,360,21.86482,29.92028,0.01,,6,2013-03-08 18:00:00.000000 +00:00
LGA,2013,3,8,14,37.04,28.94,72.24,350,18.41248,26.46794,0,1016.9,6,2013-03-08 19:00:00.000000 +00:00
LGA,2013,3,8,15,37.94,28.94,69.73,360,16.11092,26.46794,0,1017.2,10,2013-03-08 20:00:00.000000 +00:00
LGA,2013,3,8,16,39.02,28.04,64.43,360,14.96014,,0,1018,10,2013-03-08 21:00:00.000000 +00:00
LGA,2013,3,8,17,39.92,28.04,62.21,360,14.96014,23.0156,0,1019.2,10,2013-03-08 22:00:00.000000 +00:00
LGA,2013,3,8,18,42.08,28.04,57.22,350,19.56326,27.61872,0,1020.2,10,2013-03-08 23:00:00.000000 +00:00
LGA,2013,3,8,19,42.08,28.94,59.36,350,19.56326,29.92028,0,1020.9,10,2013-03-09 00:00:00.000000 +00:00
LGA,2013,3,8,20,42.08,28.04,57.22,360,16.11092,25.31716,0,1021.4,10,2013-03-09 01:00:00.000000 +00:00
LGA,2013,3,8,21,42.08,26.96,54.73,360,20.71404,29.92028,0,1021.7,10,2013-03-09 02:00:00.000000 +00:00
LGA,2013,3,8,22,41,24.98,52.56,360,21.86482,33.37262,0,1021.8,10,2013-03-09 03:00:00.000000 +00:00
LGA,2013,3,8,23,39.92,24.08,52.79,350,17.2617,26.46794,0,1021.8,10,2013-03-09 04:00:00.000000 +00:00
LGA,2013,3,9,0,39.02,24.08,54.68,350,18.41248,29.92028,0,1021.9,10,2013-03-09 05:00:00.000000 +00:00
LGA,2013,3,9,1,39.02,24.08,54.68,350,13.80936,26.46794,0,1021.8,10,2013-03-09 06:00:00.000000 +00:00
LGA,2013,3,9,2,37.94,23,54.51,350,19.56326,26.46794,0,1021.6,10,2013-03-09 07:00:00.000000 +00:00
LGA,2013,3,9,3,37.04,21.92,53.97,350,20.71404,27.61872,0,1021.6,10,2013-03-09 08:00:00.000000 +00:00
LGA,2013,3,9,4,37.04,21.92,53.97,350,18.41248,25.31716,0,1022.5,10,2013-03-09 09:00:00.000000 +00:00
LGA,2013,3,9,5,37.04,21.92,53.97,350,18.41248,27.61872,0,1023.2,10,2013-03-09 10:00:00.000000 +00:00
LGA,2013,3,9,6,37.04,21.92,53.97,350,11.5078,19.56326,0,1024,10,2013-03-09 11:00:00.000000 +00:00
LGA,2013,3,9,7,39.02,21.92,49.93,10,12.65858,20.71404,0,1024.3,10,2013-03-09 12:00:00.000000 +00:00
LGA,2013,3,9,8,39.92,23,50.46,360,16.11092,,0,1024.4,10,2013-03-09 13:00:00.000000 +00:00
LGA,2013,3,9,9,42.08,21.92,44.34,350,13.80936,21.86482,0,1024.6,10,2013-03-09 14:00:00.000000 +00:00
LGA,2013,3,9,10,44.96,21.92,39.72,360,12.65858,21.86482,0,1024.7,10,2013-03-09 15:00:00.000000 +00:00
LGA,2013,3,9,11,46.94,21.92,36.85,10,12.65858,,0,1024.6,10,2013-03-09 16:00:00.000000 +00:00
LGA,2013,3,9,12,48.92,19.94,31.45,350,13.80936,,0,1024.1,10,2013-03-09 17:00:00.000000 +00:00
LGA,2013,3,9,13,51.08,19.04,27.93,20,13.80936,18.41248,0,1023.3,10,2013-03-09 18:00:00.000000 +00:00
LGA,2013,3,9,14,53.06,19.04,25.96,340,5.7539,,0,1023.4,10,2013-03-09 19:00:00.000000 +00:00
LGA,2013,3,9,15,53.96,17.96,23.98,350,9.20624,,0,1023.7,10,2013-03-09 20:00:00.000000 +00:00
LGA,2013,3,9,16,53.06,17.96,24.79,10,6.90468,,0,1023.7,10,2013-03-09 21:00:00.000000 +00:00
LGA,2013,3,9,17,51.08,17.96,26.66,360,8.05546,,0,1024.3,10,2013-03-09 22:00:00.000000 +00:00
LGA,2013,3,9,18,50,17.06,26.7,340,4.60312,,0,1024.9,10,2013-03-09 23:00:00.000000 +00:00
LGA,2013,3,9,19,48.02,17.06,28.75,20,6.90468,,0,1025.2,10,2013-03-10 00:00:00.000000 +00:00
LGA,2013,3,9,20,46.94,17.96,31.12,20,5.7539,,0,1025.8,10,2013-03-10 01:00:00.000000 +00:00
LGA,2013,3,9,21,44.96,19.04,35.14,130,8.05546,,0,1025.9,10,2013-03-10 02:00:00.000000 +00:00
LGA,2013,3,9,22,42.08,30.92,64.35,140,5.7539,,0,1026.3,10,2013-03-10 03:00:00.000000 +00:00
LGA,2013,3,9,23,39.92,32,73.08,150,6.90468,,0,1026.7,10,2013-03-10 04:00:00.000000 +00:00
LGA,2013,3,10,0,39.02,32,75.69,130,5.7539,,0,1027.3,10,2013-03-10 05:00:00.000000 +00:00
LGA,2013,3,10,1,37.94,32,78.96,100,3.45234,,0,1027.2,10,2013-03-10 06:00:00.000000 +00:00
LGA,2013,3,10,3,35.96,32,85.37,60,3.45234,,0,1026.9,10,2013-03-10 07:00:00.000000 +00:00
LGA,2013,3,10,4,35.96,32,85.37,60,4.60312,,0,1027.5,10,2013-03-10 08:00:00.000000 +00:00
LGA,2013,3,10,5,35.06,32,88.47,40,4.60312,,0,1027.9,10,2013-03-10 09:00:00.000000 +00:00
LGA,2013,3,10,6,35.06,30.92,84.69,70,4.60312,,0,1028.2,10,2013-03-10 10:00:00.000000 +00:00
LGA,2013,3,10,7,35.06,30.92,84.69,60,4.60312,,0,1028.8,10,2013-03-10 11:00:00.000000 +00:00
LGA,2013,3,10,8,37.04,30.92,78.31,60,5.7539,,0,1028.9,10,2013-03-10 12:00:00.000000 +00:00
LGA,2013,3,10,9,37.94,30.92,75.58,60,6.90468,,0,1029,10,2013-03-10 13:00:00.000000 +00:00
LGA,2013,3,10,10,41,32,70.08,40,5.7539,,0,1029.2,10,2013-03-10 14:00:00.000000 +00:00
LGA,2013,3,10,11,42.08,32,67.22,50,8.05546,,0,1028.8,10,2013-03-10 15:00:00.000000 +00:00
LGA,2013,3,10,12,42.98,32,64.93,50,9.20624,,0,1028.1,10,2013-03-10 16:00:00.000000 +00:00
LGA,2013,3,10,13,44.06,33.08,65.07,50,5.7539,,0,1027.7,10,2013-03-10 17:00:00.000000 +00:00
LGA,2013,3,10,14,46.04,33.08,60.35,,5.7539,,0,1027.3,10,2013-03-10 18:00:00.000000 +00:00
LGA,2013,3,10,15,44.06,33.08,65.07,180,10.35702,,0,1027.2,10,2013-03-10 19:00:00.000000 +00:00
LGA,2013,3,10,16,44.06,32,62.3,160,8.05546,,0,1026.8,10,2013-03-10 20:00:00.000000 +00:00
LGA,2013,3,10,17,42.98,32,64.93,140,9.20624,,0,1026.5,10,2013-03-10 21:00:00.000000 +00:00
LGA,2013,3,10,18,41,30.92,67.09,160,8.05546,,0,1027,10,2013-03-10 22:00:00.000000 +00:00
LGA,2013,3,10,19,39.92,32,73.08,160,6.90468,,0,1027.2,10,2013-03-10 23:00:00.000000 +00:00
LGA,2013,3,10,20,39.02,32,75.69,140,8.05546,,0,1027.2,10,2013-03-11 00:00:00.000000 +00:00
LGA,2013,3,10,21,39.02,33.08,79.05,160,8.05546,,0,1027,10,2013-03-11 01:00:00.000000 +00:00
LGA,2013,3,10,22,39.02,33.08,79.05,180,9.20624,,0,1026.8,10,2013-03-11 02:00:00.000000 +00:00
LGA,2013,3,10,23,39.92,33.08,76.32,160,8.05546,,0,1026.9,10,2013-03-11 03:00:00.000000 +00:00
LGA,2013,3,11,0,39.92,33.98,79.12,180,8.05546,,0,1026.7,10,2013-03-11 04:00:00.000000 +00:00
LGA,2013,3,11,1,39.92,33.98,80.79,180,5.7539,,0,,10,2013-03-11 05:00:00.000000 +00:00
LGA,2013,3,11,2,39.92,35.06,82.6,180,8.05546,,0,1025.6,10,2013-03-11 06:00:00.000000 +00:00
LGA,2013,3,11,3,41,35.6,80.93,170,6.90468,,0,,10,2013-03-11 07:00:00.000000 +00:00
LGA,2013,3,11,4,41,35.96,82.09,170,5.7539,,0,1024.6,10,2013-03-11 08:00:00.000000 +00:00
LGA,2013,3,11,5,42.08,37.04,82.17,170,3.45234,,0,1024.5,10,2013-03-11 09:00:00.000000 +00:00
LGA,2013,3,11,6,42.08,37.04,82.17,0,0,,0,1024.2,10,2013-03-11 10:00:00.000000 +00:00
LGA,2013,3,11,7,42.98,37.4,81.07,180,6.90468,,0,,10,2013-03-11 11:00:00.000000 +00:00
LGA,2013,3,11,8,44.06,37.94,81.07,180,5.7539,,0,,10,2013-03-11 12:00:00.000000 +00:00
LGA,2013,3,11,9,44.96,39.02,79.54,180,6.90468,,0,1024.8,10,2013-03-11 13:00:00.000000 +00:00
LGA,2013,3,11,10,46.94,39.92,76.43,170,6.90468,,0,,10,2013-03-11 14:00:00.000000 +00:00
LGA,2013,3,11,11,48.92,41,73.99,170,11.5078,,0,1023.5,10,2013-03-11 15:00:00.000000 +00:00
LGA,2013,3,11,12,50,41,71.07,170,12.65858,17.2617,0,1023.3,10,2013-03-11 16:00:00.000000 +00:00
LGA,2013,3,11,13,51.98,41,66.04,170,13.80936,19.56326,0,1022.5,10,2013-03-11 17:00:00.000000 +00:00
LGA,2013,3,11,14,51.98,42.8,71.26,180,14.96014,,0,,10,2013-03-11 18:00:00.000000 +00:00
LGA,2013,3,11,15,51.98,42.98,71.28,180,16.11092,,0,,10,2013-03-11 19:00:00.000000 +00:00
LGA,2013,3,11,16,51.98,42.98,71.28,160,17.2617,21.86482,0,1020.7,10,2013-03-11 20:00:00.000000 +00:00
LGA,2013,3,11,17,51.08,42.98,73.69,140,10.35702,17.2617,0,1020.3,10,2013-03-11 21:00:00.000000 +00:00
LGA,2013,3,11,18,50,44.06,79.94,150,12.65858,,0,1020.2,10,2013-03-11 22:00:00.000000 +00:00
LGA,2013,3,11,19,50,44.6,81.61,170,11.5078,,0,,10,2013-03-11 23:00:00.000000 +00:00
LGA,2013,3,11,20,50,44.6,81.61,180,14.96014,,0,,10,2013-03-12 00:00:00.000000 +00:00
LGA,2013,3,11,21,48.02,44.06,86.08,170,18.41248,,0,1019.5,10,2013-03-12 01:00:00.000000 +00:00
LGA,2013,3,11,22,48.92,44.96,87.28,180,17.2617,24.16638,0,,10,2013-03-12 02:00:00.000000 +00:00
LGA,2013,3,11,23,48.02,44.96,89.08,180,14.96014,,0,1019.3,10,2013-03-12 03:00:00.000000 +00:00
LGA,2013,3,12,0,48.2,44.96,89.08,170,13.80936,,0,,10,2013-03-12 04:00:00.000000 +00:00
LGA,2013,3,12,1,48.92,44.96,86.13,160,18.41248,24.16638,0,1016.7,10,2013-03-12 05:00:00.000000 +00:00
LGA,2013,3,12,2,50,44.96,82.73,180,14.96014,24.16638,0,1016.4,10,2013-03-12 06:00:00.000000 +00:00
LGA,2013,3,12,3,48.92,44.96,86.13,180,12.65858,18.41248,0,1016.1,10,2013-03-12 07:00:00.000000 +00:00
LGA,2013,3,12,4,48.92,44.06,83.23,170,14.96014,20.71404,0,1015.3,10,2013-03-12 08:00:00.000000 +00:00
LGA,2013,3,12,5,48.02,44.06,86.08,170,9.20624,,0.02,1014.9,10,2013-03-12 09:00:00.000000 +00:00
LGA,2013,3,12,6,48.92,44.96,86.13,180,11.5078,,0.02,1014.5,7,2013-03-12 10:00:00.000000 +00:00
LGA,2013,3,12,7,48.92,44.96,86.13,180,11.5078,18.41248,0.03,1014.1,7,2013-03-12 11:00:00.000000 +00:00
LGA,2013,3,12,8,50,44.96,82.73,180,13.80936,19.56326,0.03,1013.8,7,2013-03-12 12:00:00.000000 +00:00
LGA,2013,3,12,9,48.92,44.96,86.13,180,11.5078,,0.03,1013.4,6,2013-03-12 13:00:00.000000 +00:00
LGA,2013,3,12,10,50,46.94,89.17,170,14.96014,25.31716,0.04,,6,2013-03-12 14:00:00.000000 +00:00
LGA,2013,3,12,11,50,46.94,89.17,180,17.2617,27.61872,0.1,,2,2013-03-12 15:00:00.000000 +00:00
LGA,2013,3,12,12,53.06,48.92,85.78,170,20.71404,36.82496,0.06,1009.9,2,2013-03-12 16:00:00.000000 +00:00
LGA,2013,3,12,13,53.06,50,89.31,160,25.31716,37.97574,0.1,1008.2,2,2013-03-12 17:00:00.000000 +00:00
LGA,2013,3,12,14,53.06,50,89.31,160,28.7695,42.57886,0.11,,2,2013-03-12 18:00:00.000000 +00:00
LGA,2013,3,12,15,53.6,51.8,93.6,170,28.7695,40.2773,0.11,,5,2013-03-12 19:00:00.000000 +00:00
LGA,2013,3,12,16,53.6,50,89.31,170,21.86482,33.37262,0.13,,7,2013-03-12 20:00:00.000000 +00:00
LGA,2013,3,12,17,53.06,50,93.55,190,19.56326,26.46794,0,,4,2013-03-12 21:00:00.000000 +00:00
LGA,2013,3,12,18,55.04,51.98,93.6,210,9.20624,,0,,10,2013-03-12 22:00:00.000000 +00:00
LGA,2013,3,12,19,53.6,46.4,76.5,310,19.56326,,0.01,,10,2013-03-12 23:00:00.000000 +00:00
LGA,2013,3,12,20,51.8,42.8,71.26,320,19.56326,,0,,10,2013-03-13 00:00:00.000000 +00:00
LGA,2013,3,12,21,46.94,37.04,68.28,310,16.11092,25.31716,0,1009.6,10,2013-03-13 01:00:00.000000 +00:00
LGA,2013,3,12,22,44.96,35.96,70.52,310,17.2617,24.16638,0,1009.7,10,2013-03-13 02:00:00.000000 +00:00
LGA,2013,3,12,23,44.06,35.06,70.42,310,11.5078,,0,1009.9,10,2013-03-13 03:00:00.000000 +00:00
LGA,2013,3,13,0,44.06,33.98,67.45,320,11.5078,,0,1010.3,10,2013-03-13 04:00:00.000000 +00:00
LGA,2013,3,13,1,42.98,33.98,70.3,320,11.5078,,0,1010.7,10,2013-03-13 05:00:00.000000 +00:00
LGA,2013,3,13,2,42.08,33.08,70.2,330,10.35702,,0,1010.6,10,2013-03-13 06:00:00.000000 +00:00
LGA,2013,3,13,3,42.08,32,67.22,320,12.65858,,0,1010.9,10,2013-03-13 07:00:00.000000 +00:00
LGA,2013,3,13,4,41,32,70.08,310,11.5078,,0,1011.1,10,2013-03-13 08:00:00.000000 +00:00
LGA,2013,3,13,5,41,32,70.08,310,9.20624,,0,1011.7,10,2013-03-13 09:00:00.000000 +00:00
LGA,2013,3,13,6,41,28.94,61.89,310,12.65858,,0,1011.7,10,2013-03-13 10:00:00.000000 +00:00
LGA,2013,3,13,7,41,28.04,59.65,300,9.20624,,0,1011.9,10,2013-03-13 11:00:00.000000 +00:00
LGA,2013,3,13,8,42.08,28.94,59.36,300,11.5078,,0,1011.9,10,2013-03-13 12:00:00.000000 +00:00
LGA,2013,3,13,9,42.98,26.96,52.87,280,12.65858,,0,1011.8,10,2013-03-13 13:00:00.000000 +00:00
LGA,2013,3,13,10,42.98,26.06,50.94,310,10.35702,18.41248,0,1011.5,10,2013-03-13 14:00:00.000000 +00:00
LGA,2013,3,13,11,46.04,26.06,45.33,330,11.5078,18.41248,0,1011,10,2013-03-13 15:00:00.000000 +00:00
LGA,2013,3,13,12,48.02,24.08,38.74,260,16.11092,19.56326,0,1010.6,10,2013-03-13 16:00:00.000000 +00:00
LGA,2013,3,13,13,48.02,23,37.03,290,14.96014,20.71404,0,1009.7,10,2013-03-13 17:00:00.000000 +00:00
LGA,2013,3,13,14,51.08,21.02,30.39,260,14.96014,19.56326,0,1008.9,10,2013-03-13 18:00:00.000000 +00:00
LGA,2013,3,13,15,51.08,19.94,29.02,290,6.90468,,0,1008.4,10,2013-03-13 19:00:00.000000 +00:00
LGA,2013,3,13,16,50,19.04,29.07,270,14.96014,25.31716,0,1008.7,10,2013-03-13 20:00:00.000000 +00:00
LGA,2013,3,13,17,48.02,19.04,31.3,270,16.11092,26.46794,0,1009.2,10,2013-03-13 21:00:00.000000 +00:00
LGA,2013,3,13,18,46.94,21.92,36.85,290,19.56326,26.46794,0,1009.9,10,2013-03-13 22:00:00.000000 +00:00
LGA,2013,3,13,19,44.96,23,41.56,260,13.80936,,0,1010.5,10,2013-03-13 23:00:00.000000 +00:00
LGA,2013,3,13,20,44.06,24.08,45.01,290,10.35702,,0,1010.8,10,2013-03-14 00:00:00.000000 +00:00
LGA,2013,3,13,21,42.98,26.06,50.94,260,11.5078,,0,1011.2,10,2013-03-14 01:00:00.000000 +00:00
LGA,2013,3,13,22,42.98,24.08,46.91,280,11.5078,,0,1011.5,10,2013-03-14 02:00:00.000000 +00:00
LGA,2013,3,13,23,41,23,48.39,280,13.80936,23.0156,0,1011.6,10,2013-03-14 03:00:00.000000 +00:00
LGA,2013,3,14,0,39.02,26.06,59.37,310,17.2617,,0,1011.4,10,2013-03-14 04:00:00.000000 +00:00
LGA,2013,3,14,1,37.94,24.98,59.22,310,20.71404,27.61872,0,1011.6,10,2013-03-14 05:00:00.000000 +00:00
LGA,2013,3,14,2,35.96,21.02,54.21,310,17.2617,26.46794,0,1011.9,10,2013-03-14 06:00:00.000000 +00:00
LGA,2013,3,14,3,35.96,15.08,41.99,310,24.16638,28.7695,0,1011.5,10,2013-03-14 07:00:00.000000 +00:00
LGA,2013,3,14,4,33.98,14,43.33,310,19.56326,29.92028,0,1012,10,2013-03-14 08:00:00.000000 +00:00
LGA,2013,3,14,5,32,10.94,40.99,300,16.11092,31.07106,0,1012.6,10,2013-03-14 09:00:00.000000 +00:00
LGA,2013,3,14,6,32,10.04,39.38,290,16.11092,23.0156,0,1012.6,10,2013-03-14 10:00:00.000000 +00:00
LGA,2013,3,14,7,33.08,12.92,42.84,310,26.46794,33.37262,0,1013,10,2013-03-14 11:00:00.000000 +00:00
LGA,2013,3,14,8,30.92,12.92,46.74,310,24.16638,34.5234,0,1013.8,10,2013-03-14 12:00:00.000000 +00:00
LGA,2013,3,14,9,30.02,10.04,42.66,320,29.92028,39.12652,0,1014.2,10,2013-03-14 13:00:00.000000 +00:00
LGA,2013,3,14,10,30.92,10.94,42.82,300,28.7695,36.82496,0,1013.9,10,2013-03-14 14:00:00.000000 +00:00
LGA,2013,3,14,11,32,12.02,43,320,21.86482,28.7695,0,1013.7,10,2013-03-14 15:00:00.000000 +00:00
LGA,2013,3,14,12,33.08,12.92,42.84,290,19.56326,32.22184,0,1013,10,2013-03-14 16:00:00.000000 +00:00
LGA,2013,3,14,13,33.98,14,43.33,310,26.46794,32.22184,0,1012.1,10,2013-03-14 17:00:00.000000 +00:00
LGA,2013,3,14,14,35.96,12.92,38.2,310,25.31716,33.37262,0,1011.6,10,2013-03-14 18:00:00.000000 +00:00
LGA,2013,3,14,15,39.02,10.94,31.02,300,21.86482,28.7695,0,1011,10,2013-03-14 19:00:00.000000 +00:00
LGA,2013,3,14,16,41,12.02,30.13,310,20.71404,32.22184,0,1010.5,10,2013-03-14 20:00:00.000000 +00:00
LGA,2013,3,14,17,41,6.08,23.08,300,20.71404,36.82496,0,1010.6,10,2013-03-14 21:00:00.000000 +00:00
LGA,2013,3,14,18,39.92,6.98,25.07,310,20.71404,32.22184,0,1011.2,10,2013-03-14 22:00:00.000000 +00:00
LGA,2013,3,14,19,39.02,3.92,22.58,290,24.16638,32.22184,0,1011.8,10,2013-03-14 23:00:00.000000 +00:00
LGA,2013,3,14,20,37.04,8.06,29.47,300,25.31716,36.82496,0,1012.6,10,2013-03-15 00:00:00.000000 +00:00
LGA,2013,3,14,21,37.04,6.98,28.07,300,20.71404,29.92028,0,1013.1,10,2013-03-15 01:00:00.000000 +00:00
LGA,2013,3,14,22,35.06,6.98,30.35,330,14.96014,,0,1014,10,2013-03-15 02:00:00.000000 +00:00
LGA,2013,3,14,23,35.06,8.96,33.19,310,18.41248,23.0156,0,1014.3,10,2013-03-15 03:00:00.000000 +00:00
LGA,2013,3,15,0,33.98,12.02,39.72,330,19.56326,27.61872,0,1014.3,10,2013-03-15 04:00:00.000000 +00:00
LGA,2013,3,15,1,33.08,10.04,37.7,330,19.56326,27.61872,0,1014.5,10,2013-03-15 05:00:00.000000 +00:00
LGA,2013,3,15,2,33.08,12.02,41.17,320,12.65858,,0,1014.5,10,2013-03-15 06:00:00.000000 +00:00
LGA,2013,3,15,3,32,12.02,43,320,18.41248,,0,1014.4,10,2013-03-15 07:00:00.000000 +00:00
LGA,2013,3,15,4,32,12.92,44.74,300,21.86482,27.61872,0,1014.3,10,2013-03-15 08:00:00.000000 +00:00
LGA,2013,3,15,5,32,14,46.92,300,14.96014,,0,1014.6,10,2013-03-15 09:00:00.000000 +00:00
LGA,2013,3,15,6,32,14,46.92,310,13.80936,,0,1014.7,10,2013-03-15 10:00:00.000000 +00:00
LGA,2013,3,15,7,30.92,12.92,46.74,290,11.5078,20.71404,0,1015.1,10,2013-03-15 11:00:00.000000 +00:00
LGA,2013,3,15,8,32,10.94,40.99,280,11.5078,,0,1014.8,10,2013-03-15 12:00:00.000000 +00:00
LGA,2013,3,15,9,33.98,10.04,36.37,270,11.5078,21.86482,0,1014.2,10,2013-03-15 13:00:00.000000 +00:00
LGA,2013,3,15,10,35.06,10.94,36.26,260,6.90468,,0,1013.2,10,2013-03-15 14:00:00.000000 +00:00
LGA,2013,3,15,11,39.02,12.92,33.87,230,12.65858,17.2617,0,1012.3,10,2013-03-15 15:00:00.000000 +00:00
LGA,2013,3,15,12,39.92,15.08,35.95,220,14.96014,25.31716,0,1010.9,10,2013-03-15 16:00:00.000000 +00:00
LGA,2013,3,15,13,41,17.06,37.57,250,13.80936,23.0156,0,1009.8,10,2013-03-15 17:00:00.000000 +00:00
LGA,2013,3,15,14,42.08,19.04,39.23,230,13.80936,26.46794,0,1008.7,10,2013-03-15 18:00:00.000000 +00:00
LGA,2013,3,15,15,44.06,21.02,39.57,240,14.96014,24.16638,0,1007.3,10,2013-03-15 19:00:00.000000 +00:00
LGA,2013,3,15,16,44.96,21.02,38.23,250,18.41248,21.86482,0,1006.7,10,2013-03-15 20:00:00.000000 +00:00
LGA,2013,3,15,17,46.04,21.92,38.12,250,11.5078,,0,1006.2,10,2013-03-15 21:00:00.000000 +00:00
LGA,2013,3,15,18,46.94,23,38.56,270,11.5078,23.0156,0,1006.3,10,2013-03-15 22:00:00.000000 +00:00
LGA,2013,3,15,19,46.94,24.08,40.35,300,8.05546,17.2617,0,1006.8,10,2013-03-15 23:00:00.000000 +00:00
LGA,2013,3,15,20,46.94,28.04,47.54,290,14.96014,,0,1007.1,10,2013-03-16 00:00:00.000000 +00:00
LGA,2013,3,15,21,46.04,28.04,49.19,340,12.65858,,0,1007.4,10,2013-03-16 01:00:00.000000 +00:00
LGA,2013,3,15,22,42.98,28.04,55.27,330,11.5078,,0,1008.2,10,2013-03-16 02:00:00.000000 +00:00
LGA,2013,3,15,23,42.08,28.04,57.22,310,13.80936,23.0156,0,1008.5,10,2013-03-16 03:00:00.000000 +00:00
LGA,2013,3,16,0,42.08,26.96,54.73,310,14.96014,21.86482,0,1008.4,10,2013-03-16 04:00:00.000000 +00:00
LGA,2013,3,16,1,41,24.08,50.63,320,12.65858,,0,1008.7,10,2013-03-16 05:00:00.000000 +00:00
LGA,2013,3,16,2,39.92,23,50.46,310,11.5078,23.0156,0,1008.9,10,2013-03-16 06:00:00.000000 +00:00
LGA,2013,3,16,3,39.02,21.92,49.93,310,10.35702,,0,1009.2,10,2013-03-16 07:00:00.000000 +00:00
LGA,2013,3,16,4,37.94,21.02,50.14,330,11.5078,,0,1009.5,10,2013-03-16 08:00:00.000000 +00:00
LGA,2013,3,16,5,37.04,19.94,49.62,330,10.35702,,0,1010.1,10,2013-03-16 09:00:00.000000 +00:00
LGA,2013,3,16,6,37.04,19.04,47.75,320,9.20624,,0,1010.6,10,2013-03-16 10:00:00.000000 +00:00
LGA,2013,3,16,7,35.96,19.04,49.83,360,9.20624,,0,1010.8,10,2013-03-16 11:00:00.000000 +00:00
LGA,2013,3,16,8,37.04,17.06,43.85,340,4.60312,,0,1011.3,10,2013-03-16 12:00:00.000000 +00:00
LGA,2013,3,16,9,35.96,21.02,54.21,60,12.65858,,0,1010.9,10,2013-03-16 13:00:00.000000 +00:00
LGA,2013,3,16,10,35.96,21.02,54.21,60,10.35702,,0,1010.9,10,2013-03-16 14:00:00.000000 +00:00
LGA,2013,3,16,11,35.96,21.02,54.21,50,5.7539,,0,1010.9,10,2013-03-16 15:00:00.000000 +00:00
LGA,2013,3,16,12,35.96,21.92,56.32,20,3.45234,,0,1010.2,10,2013-03-16 16:00:00.000000 +00:00
LGA,2013,3,16,13,35.6,26.06,69.4,0,0,,0,,2,2013-03-16 17:00:00.000000 +00:00
LGA,2013,3,16,14,33.8,28.94,84.56,350,4.60312,,0.03,,1,2013-03-16 18:00:00.000000 +00:00
LGA,2013,3,16,15,33.8,30.2,88.37,60,6.90468,,0.03,,1,2013-03-16 19:00:00.000000 +00:00
LGA,2013,3,16,16,33.08,30.02,88.37,60,8.05546,,0.01,1008.9,2,2013-03-16 20:00:00.000000 +00:00
LGA,2013,3,16,17,33.8,30.2,88.37,60,8.05546,,0,,4,2013-03-16 21:00:00.000000 +00:00
LGA,2013,3,16,18,33.8,28.94,84.56,50,8.05546,,0,,6,2013-03-16 22:00:00.000000 +00:00
LGA,2013,3,16,19,33.8,30.2,88.37,70,8.05546,,0.01,,7,2013-03-16 23:00:00.000000 +00:00
LGA,2013,3,16,20,33.98,30.2,86.49,50,6.90468,,0,,7,2013-03-17 00:00:00.000000 +00:00
LGA,2013,3,16,21,33.98,28.4,80.36,360,5.7539,,0,,9,2013-03-17 01:00:00.000000 +00:00
LGA,2013,3,16,22,35.06,28.04,75.31,320,8.05546,,0,1012.3,10,2013-03-17 02:00:00.000000 +00:00
LGA,2013,3,16,23,35.06,26.96,72.03,320,9.20624,,0,1012.8,10,2013-03-17 03:00:00.000000 +00:00
LGA,2013,3,17,0,35.06,26.96,72.03,320,8.05546,,0,1013.1,10,2013-03-17 04:00:00.000000 +00:00
LGA,2013,3,17,1,35.06,26.96,72.03,320,9.20624,,0,1013.2,10,2013-03-17 05:00:00.000000 +00:00
LGA,2013,3,17,2,33.98,26.96,75.2,330,10.35702,,0,1013.5,10,2013-03-17 06:00:00.000000 +00:00
LGA,2013,3,17,3,33.08,24.98,71.82,330,11.5078,,0,1014.4,10,2013-03-17 07:00:00.000000 +00:00
LGA,2013,3,17,4,33.08,23,66.11,320,12.65858,,0,1014.9,10,2013-03-17 08:00:00.000000 +00:00
LGA,2013,3,17,5,32,21.02,63.51,330,14.96014,,0,1015.8,10,2013-03-17 09:00:00.000000 +00:00
LGA,2013,3,17,6,30.92,19.94,63.36,320,14.96014,,0,1017,10,2013-03-17 10:00:00.000000 +00:00
LGA,2013,3,17,7,30.02,17.06,58.08,330,16.11092,,0,1018.3,10,2013-03-17 11:00:00.000000 +00:00
LGA,2013,3,17,8,30.92,15.08,51.38,340,10.35702,,0,1019.3,10,2013-03-17 12:00:00.000000 +00:00
LGA,2013,3,17,9,32,15.98,51.15,320,17.2617,,0,1020,10,2013-03-17 13:00:00.000000 +00:00
LGA,2013,3,17,10,33.08,14,44.92,330,14.96014,,0,1020.4,10,2013-03-17 14:00:00.000000 +00:00
LGA,2013,3,17,11,33.98,14,43.33,320,12.65858,23.0156,0,1020.1,10,2013-03-17 15:00:00.000000 +00:00
LGA,2013,3,17,12,33.98,15.08,45.43,320,11.5078,21.86482,0,1020.6,10,2013-03-17 16:00:00.000000 +00:00
LGA,2013,3,17,13,35.06,15.98,45.26,310,17.2617,23.0156,0,1020.6,10,2013-03-17 17:00:00.000000 +00:00
LGA,2013,3,17,14,35.96,15.08,41.99,320,16.11092,,0,1020.6,10,2013-03-17 18:00:00.000000 +00:00
LGA,2013,3,17,15,37.04,15.08,40.24,310,14.96014,,0,1020.5,10,2013-03-17 19:00:00.000000 +00:00
LGA,2013,3,17,16,37.94,12.92,35.33,350,10.35702,18.41248,0,1020.8,10,2013-03-17 20:00:00.000000 +00:00
LGA,2013,3,17,17,37.04,12.92,36.6,320,14.96014,,0,1021.5,10,2013-03-17 21:00:00.000000 +00:00
LGA,2013,3,17,18,37.04,14,38.38,300,11.5078,,0,1022.4,10,2013-03-17 22:00:00.000000 +00:00
LGA,2013,3,17,19,37.04,14,38.38,310,11.5078,,0,1023.3,10,2013-03-17 23:00:00.000000 +00:00
LGA,2013,3,17,20,37.04,14,38.38,310,11.5078,,0,1024.2,10,2013-03-18 00:00:00.000000 +00:00
LGA,2013,3,17,21,37.04,12.02,35.17,340,8.05546,,0,1025.2,10,2013-03-18 01:00:00.000000 +00:00
LGA,2013,3,17,22,35.96,12.02,36.71,10,5.7539,,0,1026.1,10,2013-03-18 02:00:00.000000 +00:00
LGA,2013,3,17,23,35.06,8.96,33.19,30,8.05546,,0,1026.1,10,2013-03-18 03:00:00.000000 +00:00
LGA,2013,3,18,0,33.08,10.04,37.7,30,9.20624,,0,1026.7,10,2013-03-18 04:00:00.000000 +00:00
LGA,2013,3,18,1,32,8.06,36.03,40,10.35702,,0,1026.9,10,2013-03-18 05:00:00.000000 +00:00
LGA,2013,3,18,2,30.92,8.96,39.19,30,11.5078,,0,1027.5,10,2013-03-18 06:00:00.000000 +00:00
LGA,2013,3,18,3,30.02,6.98,37.17,40,6.90468,,0,1028.4,10,2013-03-18 07:00:00.000000 +00:00
LGA,2013,3,18,4,28.94,6.98,38.85,50,6.90468,,0,1028.5,10,2013-03-18 08:00:00.000000 +00:00
LGA,2013,3,18,5,28.94,8.06,40.79,30,9.20624,,0,1029.1,10,2013-03-18 09:00:00.000000 +00:00
LGA,2013,3,18,6,30.02,12.92,48.48,40,12.65858,,0,1029.3,10,2013-03-18 10:00:00.000000 +00:00
LGA,2013,3,18,7,30.92,12.92,46.74,60,12.65858,,0,1029.7,10,2013-03-18 11:00:00.000000 +00:00
LGA,2013,3,18,8,30.92,12.92,46.74,50,11.5078,,0,1029.4,10,2013-03-18 12:00:00.000000 +00:00
LGA,2013,3,18,9,32,12.02,43,60,11.5078,,0,1029.6,10,2013-03-18 13:00:00.000000 +00:00
LGA,2013,3,18,10,33.98,15.08,45.43,50,10.35702,,0,1029.1,10,2013-03-18 14:00:00.000000 +00:00
LGA,2013,3,18,11,33.08,17.06,51.33,60,11.5078,21.86482,0,1028.5,10,2013-03-18 15:00:00.000000 +00:00
LGA,2013,3,18,12,33.98,17.96,51.47,50,16.11092,,0,1027.9,10,2013-03-18 16:00:00.000000 +00:00
LGA,2013,3,18,13,33.98,19.94,56.02,50,18.41248,,0,1026.6,10,2013-03-18 17:00:00.000000 +00:00
LGA,2013,3,18,14,33.98,17.96,51.47,60,16.11092,,0,1025.3,10,2013-03-18 18:00:00.000000 +00:00
LGA,2013,3,18,15,33.98,19.94,56.02,50,16.11092,,0,1024.6,10,2013-03-18 19:00:00.000000 +00:00
LGA,2013,3,18,16,35.06,23,61.08,70,12.65858,,0,1023.9,4,2013-03-18 20:00:00.000000 +00:00
LGA,2013,3,18,17,33.8,26.96,81.42,100,11.5078,,0.03,,2,2013-03-18 21:00:00.000000 +00:00
LGA,2013,3,18,18,33.08,28.94,86.39,90,17.2617,,0.04,,2,2013-03-18 22:00:00.000000 +00:00
LGA,2013,3,18,19,32,28.94,88.32,80,14.96014,,0.06,,1,2013-03-18 23:00:00.000000 +00:00
LGA,2013,3,18,20,32,28.94,88.32,70,13.80936,,0.12,1020.2,1,2013-03-19 00:00:00.000000 +00:00
LGA,2013,3,18,21,32,28.94,88.32,60,12.65858,,0.1,1019.1,1,2013-03-19 01:00:00.000000 +00:00
LGA,2013,3,18,22,33.08,30.2,92.97,60,12.65858,,0.07,,3,2013-03-19 02:00:00.000000 +00:00
LGA,2013,3,18,23,33.98,30.92,88.42,60,13.80936,,0.08,,3,2013-03-19 03:00:00.000000 +00:00
LGA,2013,3,19,0,33.98,30.92,88.42,60,13.80936,,0.05,,3,2013-03-19 04:00:00.000000 +00:00
LGA,2013,3,19,1,33.98,30.92,88.42,70,16.11092,,0.04,,3,2013-03-19 05:00:00.000000 +00:00
LGA,2013,3,19,2,35.06,32,88.47,60,17.2617,,0.07,1012.6,3,2013-03-19 06:00:00.000000 +00:00
LGA,2013,3,19,3,35.6,32,88.47,60,14.96014,,0.04,,3,2013-03-19 07:00:00.000000 +00:00
LGA,2013,3,19,4,35.96,33.08,89.16,70,17.2617,,0.01,1009.9,9,2013-03-19 08:00:00.000000 +00:00
LGA,2013,3,19,5,35.96,33.08,89.16,60,19.56326,24.16638,0.01,1009.4,10,2013-03-19 09:00:00.000000 +00:00
LGA,2013,3,19,6,37.04,33.08,85.43,60,18.41248,26.46794,0,1008.3,10,2013-03-19 10:00:00.000000 +00:00
LGA,2013,3,19,7,37.04,33.08,85.43,50,18.41248,24.16638,0,1008.3,10,2013-03-19 11:00:00.000000 +00:00
LGA,2013,3,19,8,37.94,33.98,93.08,60,24.16638,33.37262,0,,10,2013-03-19 12:00:00.000000 +00:00
LGA,2013,3,19,9,37.94,33.98,85.49,50,14.96014,24.16638,0,1007.3,10,2013-03-19 13:00:00.000000 +00:00
LGA,2013,3,19,10,35.96,33.08,89.16,30,12.65858,,0,1007,4,2013-03-19 14:00:00.000000 +00:00
LGA,2013,3,19,11,37.4,33.98,88.57,330,9.20624,,0.11,,5,2013-03-19 15:00:00.000000 +00:00
LGA,2013,3,19,12,35.96,33.08,89.16,330,11.5078,,0.05,1007.2,10,2013-03-19 16:00:00.000000 +00:00
LGA,2013,3,19,13,37.94,33.8,86.69,350,12.65858,,0,,10,2013-03-19 17:00:00.000000 +00:00
LGA,2013,3,19,14,39.02,33.08,79.05,320,12.65858,,0,1005.7,10,2013-03-19 18:00:00.000000 +00:00
LGA,2013,3,19,15,39.2,33.8,80.79,320,13.80936,,0,,10,2013-03-19 19:00:00.000000 +00:00
LGA,2013,3,19,16,41,33.08,73.19,340,9.20624,,0,,10,2013-03-19 20:00:00.000000 +00:00
LGA,2013,3,19,17,42.98,32,64.93,310,6.90468,,0,1006,10,2013-03-19 21:00:00.000000 +00:00
LGA,2013,3,19,18,42.98,32,64.93,0,0,,0,1006.2,10,2013-03-19 22:00:00.000000 +00:00
LGA,2013,3,19,19,44.06,32,62.3,280,9.20624,,0,1006.6,10,2013-03-19 23:00:00.000000 +00:00
LGA,2013,3,19,20,42.98,33.08,67.81,300,8.05546,,0,1007.2,10,2013-03-20 00:00:00.000000 +00:00
LGA,2013,3,19,21,41,30.92,67.09,340,12.65858,,0,1008.3,10,2013-03-20 01:00:00.000000 +00:00
LGA,2013,3,19,22,39.92,28.94,64.54,320,13.80936,,0,1008.6,10,2013-03-20 02:00:00.000000 +00:00
LGA,2013,3,19,23,39.02,28.04,64.43,300,12.65858,,0,1009.3,10,2013-03-20 03:00:00.000000 +00:00
LGA,2013,3,20,0,37.04,24.98,61.35,330,9.20624,,0,1009.7,10,2013-03-20 04:00:00.000000 +00:00
LGA,2013,3,20,1,37.04,24.08,59.09,320,11.5078,,0,1010.2,10,2013-03-20 05:00:00.000000 +00:00
LGA,2013,3,20,2,35.96,17.06,45.76,290,14.96014,23.0156,0,1010.8,10,2013-03-20 06:00:00.000000 +00:00
LGA,2013,3,20,3,35.06,15.08,43.52,260,13.80936,19.56326,0,1011,10,2013-03-20 07:00:00.000000 +00:00
LGA,2013,3,20,4,33.98,15.98,47.25,270,19.56326,26.46794,0,1011.3,10,2013-03-20 08:00:00.000000 +00:00
LGA,2013,3,20,5,33.98,15.98,47.25,260,13.80936,23.0156,0,1011.7,10,2013-03-20 09:00:00.000000 +00:00
LGA,2013,3,20,6,33.98,15.98,47.25,260,16.11092,26.46794,0,1011.8,10,2013-03-20 10:00:00.000000 +00:00
LGA,2013,3,20,7,35.06,15.98,45.26,270,18.41248,25.31716,0,1011.9,10,2013-03-20 11:00:00.000000 +00:00
LGA,2013,3,20,8,35.96,15.08,41.99,260,20.71404,28.7695,0,1011.7,10,2013-03-20 12:00:00.000000 +00:00
LGA,2013,3,20,9,37.04,15.08,40.24,270,14.96014,25.31716,0,1011.6,10,2013-03-20 13:00:00.000000 +00:00
LGA,2013,3,20,10,37.94,15.08,38.84,290,20.71404,32.22184,0,1011.7,10,2013-03-20 14:00:00.000000 +00:00
LGA,2013,3,20,11,39.02,19.04,44.18,300,12.65858,20.71404,0,1011.5,10,2013-03-20 15:00:00.000000 +00:00
LGA,2013,3,20,12,41,15.08,34.47,250,14.96014,24.16638,0,1010.8,10,2013-03-20 16:00:00.000000 +00:00
LGA,2013,3,20,13,42.98,12.92,29.05,270,18.41248,24.16638,0,1010.1,10,2013-03-20 17:00:00.000000 +00:00
LGA,2013,3,20,14,44.96,14,28.25,260,10.35702,23.0156,0,1009.1,10,2013-03-20 18:00:00.000000 +00:00
LGA,2013,3,20,15,44.96,14,28.25,260,13.80936,26.46794,0,1008.9,10,2013-03-20 19:00:00.000000 +00:00
LGA,2013,3,20,16,44.96,12.92,26.94,280,14.96014,31.07106,0,1008.9,10,2013-03-20 20:00:00.000000 +00:00
LGA,2013,3,20,17,44.06,12.92,27.88,260,13.80936,24.16638,0,1008.7,10,2013-03-20 21:00:00.000000 +00:00
LGA,2013,3,20,18,44.96,12.92,26.94,260,16.11092,25.31716,0,1008.8,10,2013-03-20 22:00:00.000000 +00:00
LGA,2013,3,20,19,44.06,12.02,26.79,270,12.65858,23.0156,0,1008.8,10,2013-03-20 23:00:00.000000 +00:00
LGA,2013,3,20,20,42.08,19.94,40.77,300,8.05546,,0,1009.2,10,2013-03-21 00:00:00.000000 +00:00
LGA,2013,3,20,21,42.08,17.06,36.03,310,8.05546,,0,1009.5,10,2013-03-21 01:00:00.000000 +00:00
LGA,2013,3,20,22,42.08,17.06,36.03,280,6.90468,,0,1009.8,10,2013-03-21 02:00:00.000000 +00:00
LGA,2013,3,20,23,39.92,19.94,44.33,330,12.65858,,0,1010,10,2013-03-21 03:00:00.000000 +00:00
LGA,2013,3,21,0,37.04,24.08,59.09,340,10.35702,,0,1010.3,7,2013-03-21 04:00:00.000000 +00:00
LGA,2013,3,21,1,37.04,24.08,59.09,330,9.20624,,0,1009.8,10,2013-03-21 05:00:00.000000 +00:00
LGA,2013,3,21,2,35.06,24.08,63.91,350,10.35702,,0,1009.1,10,2013-03-21 06:00:00.000000 +00:00
LGA,2013,3,21,3,33.08,26.06,75.11,340,10.35702,,0,1008.9,10,2013-03-21 07:00:00.000000 +00:00
LGA,2013,3,21,4,33.08,23,66.11,350,8.05546,,0,1008.1,10,2013-03-21 08:00:00.000000 +00:00
LGA,2013,3,21,5,33.98,21.02,58.66,360,10.35702,,0,1008.1,10,2013-03-21 09:00:00.000000 +00:00
LGA,2013,3,21,6,33.08,17.96,53.36,350,12.65858,,0,1008.5,10,2013-03-21 10:00:00.000000 +00:00
LGA,2013,3,21,7,33.08,12.92,42.84,350,12.65858,,0,1008.4,10,2013-03-21 11:00:00.000000 +00:00
LGA,2013,3,21,8,33.08,10.94,39.25,340,9.20624,,0,1008.1,10,2013-03-21 12:00:00.000000 +00:00
LGA,2013,3,21,9,33.08,12.02,41.17,330,8.05546,,0,1007.8,10,2013-03-21 13:00:00.000000 +00:00
LGA,2013,3,21,10,33.98,15.98,47.25,20,6.90468,,0,1007.4,10,2013-03-21 14:00:00.000000 +00:00
LGA,2013,3,21,11,35.06,12.92,39.58,340,10.35702,,0,1006.6,10,2013-03-21 15:00:00.000000 +00:00
LGA,2013,3,21,12,33.98,15.08,45.43,,4.60312,17.2617,0,1006.1,9,2013-03-21 16:00:00.000000 +00:00
LGA,2013,3,21,13,33.08,15.08,47.1,50,5.7539,17.2617,0,1005.4,10,2013-03-21 17:00:00.000000 +00:00
LGA,2013,3,21,14,35.06,14,41.51,320,6.90468,,0,1004.5,10,2013-03-21 18:00:00.000000 +00:00
LGA,2013,3,21,15,35.96,14,40.05,310,6.90468,16.11092,0,1003.9,10,2013-03-21 19:00:00.000000 +00:00
LGA,2013,3,21,16,37.94,12.02,33.95,320,5.7539,,0,1003.3,10,2013-03-21 20:00:00.000000 +00:00
LGA,2013,3,21,17,37.94,12.02,33.95,300,11.5078,,0,1003.6,10,2013-03-21 21:00:00.000000 +00:00
LGA,2013,3,21,18,37.94,12.02,33.95,310,12.65858,17.2617,0,1004,10,2013-03-21 22:00:00.000000 +00:00
LGA,2013,3,21,19,37.04,10.94,33.53,300,19.56326,24.16638,0,1004.5,10,2013-03-21 23:00:00.000000 +00:00
LGA,2013,3,21,20,35.96,10.94,34.99,300,17.2617,26.46794,0,1005.2,10,2013-03-22 00:00:00.000000 +00:00
LGA,2013,3,21,21,35.06,12.92,39.58,310,18.41248,26.46794,0,1005.9,10,2013-03-22 01:00:00.000000 +00:00
LGA,2013,3,21,22,33.98,14,43.33,310,14.96014,,0,1006.2,10,2013-03-22 02:00:00.000000 +00:00
LGA,2013,3,21,23,33.08,12.92,42.84,310,18.41248,,0,1006.8,10,2013-03-22 03:00:00.000000 +00:00
LGA,2013,3,22,0,32,12.02,43,320,16.11092,,0,1007.1,10,2013-03-22 04:00:00.000000 +00:00
LGA,2013,3,22,1,30.92,12.02,44.92,290,10.35702,,0,1007.6,10,2013-03-22 05:00:00.000000 +00:00
LGA,2013,3,22,2,30.92,12.02,44.92,290,13.80936,,0,1007.3,10,2013-03-22 06:00:00.000000 +00:00
LGA,2013,3,22,3,30.92,10.94,42.82,300,10.35702,,0,1006.9,10,2013-03-22 07:00:00.000000 +00:00
LGA,2013,3,22,4,30.92,12.02,44.92,270,12.65858,19.56326,0,1006.9,10,2013-03-22 08:00:00.000000 +00:00
LGA,2013,3,22,5,30.02,15.08,53.29,280,10.35702,,0,1007,10,2013-03-22 09:00:00.000000 +00:00
LGA,2013,3,22,6,30.02,15.98,55.42,280,11.5078,,0,1007.6,10,2013-03-22 10:00:00.000000 +00:00
LGA,2013,3,22,7,30.92,15.98,53.44,290,13.80936,,0,1008.4,10,2013-03-22 11:00:00.000000 +00:00
LGA,2013,3,22,8,32,15.98,51.15,280,9.20624,,0,1008.7,10,2013-03-22 12:00:00.000000 +00:00
LGA,2013,3,22,9,33.08,15.08,47.1,280,13.80936,21.86482,0,1008.9,10,2013-03-22 13:00:00.000000 +00:00
LGA,2013,3,22,10,35.06,14,41.51,260,13.80936,,0,1008.9,10,2013-03-22 14:00:00.000000 +00:00
LGA,2013,3,22,11,37.04,14,38.38,260,14.96014,,0,1009,10,2013-03-22 15:00:00.000000 +00:00
LGA,2013,3,22,12,37.94,14,37.05,280,13.80936,27.61872,0,1008.6,10,2013-03-22 16:00:00.000000 +00:00
LGA,2013,3,22,13,37.94,15.98,40.39,310,17.2617,26.46794,0,1008.4,10,2013-03-22 17:00:00.000000 +00:00
LGA,2013,3,22,14,39.02,15.98,38.72,320,17.2617,23.0156,0,1008.3,10,2013-03-22 18:00:00.000000 +00:00
LGA,2013,3,22,15,41,14,32.88,280,17.2617,26.46794,0,1008.2,10,2013-03-22 19:00:00.000000 +00:00
LGA,2013,3,22,16,41,15.08,34.47,270,14.96014,23.0156,0,1008.5,10,2013-03-22 20:00:00.000000 +00:00
LGA,2013,3,22,17,41,15.08,34.47,290,19.56326,25.31716,0,1008.8,10,2013-03-22 21:00:00.000000 +00:00
LGA,2013,3,22,18,41,15.08,34.47,290,19.56326,29.92028,0,1009.5,10,2013-03-22 22:00:00.000000 +00:00
LGA,2013,3,22,19,39.92,15.98,37.38,290,12.65858,,0,1010.3,10,2013-03-22 23:00:00.000000 +00:00
LGA,2013,3,22,20,39.92,17.06,39.17,290,13.80936,,0,1010.8,10,2013-03-23 00:00:00.000000 +00:00
LGA,2013,3,22,21,39.02,17.06,40.57,260,12.65858,,0,1011.1,10,2013-03-23 01:00:00.000000 +00:00
LGA,2013,3,22,22,37.94,17.96,44,260,11.5078,21.86482,0,1011.4,10,2013-03-23 02:00:00.000000 +00:00
LGA,2013,3,22,23,37.04,19.94,49.62,270,11.5078,20.71404,0,1011.7,10,2013-03-23 03:00:00.000000 +00:00
LGA,2013,3,23,0,37.04,21.02,51.95,280,11.5078,,0,1011.6,10,2013-03-23 04:00:00.000000 +00:00
LGA,2013,3,23,1,37.04,21.02,51.95,280,9.20624,,0,1011.7,10,2013-03-23 05:00:00.000000 +00:00
LGA,2013,3,23,2,37.04,17.96,45.58,310,13.80936,20.71404,0,1011.7,10,2013-03-23 06:00:00.000000 +00:00
LGA,2013,3,23,3,35.96,15.98,43.67,270,14.96014,21.86482,0,1010.9,10,2013-03-23 07:00:00.000000 +00:00
LGA,2013,3,23,4,35.96,15.98,43.67,290,10.35702,,0,1011.1,10,2013-03-23 08:00:00.000000 +00:00
LGA,2013,3,23,5,35.06,15.98,45.26,290,13.80936,23.0156,0,1011.5,10,2013-03-23 09:00:00.000000 +00:00
LGA,2013,3,23,6,35.06,17.06,47.42,270,12.65858,,0,1011.7,10,2013-03-23 10:00:00.000000 +00:00
LGA,2013,3,23,7,35.06,17.96,49.3,290,10.35702,19.56326,0,1012,10,2013-03-23 11:00:00.000000 +00:00
LGA,2013,3,23,8,37.04,17.96,45.58,290,17.2617,24.16638,0,1011.5,10,2013-03-23 12:00:00.000000 +00:00
LGA,2013,3,23,9,37.94,17.96,44,300,19.56326,31.07106,0,1011.1,10,2013-03-23 13:00:00.000000 +00:00
LGA,2013,3,23,10,39.92,17.96,40.72,290,18.41248,26.46794,0,1010.9,10,2013-03-23 14:00:00.000000 +00:00
LGA,2013,3,23,11,42.08,17.06,36.03,290,19.56326,27.61872,0,1011.3,10,2013-03-23 15:00:00.000000 +00:00
LGA,2013,3,23,12,42.08,19.04,39.23,310,19.56326,29.92028,0,1010.9,10,2013-03-23 16:00:00.000000 +00:00
LGA,2013,3,23,13,42.08,17.96,37.46,290,21.86482,32.22184,0,1010.4,10,2013-03-23 17:00:00.000000 +00:00
LGA,2013,3,23,14,42.98,17.96,36.18,310,17.2617,27.61872,0,1009.9,10,2013-03-23 18:00:00.000000 +00:00
LGA,2013,3,23,15,44.06,17.96,34.72,320,19.56326,,0,1009.7,10,2013-03-23 19:00:00.000000 +00:00
LGA,2013,3,23,16,44.96,17.06,32.27,310,14.96014,29.92028,0,1009.8,10,2013-03-23 20:00:00.000000 +00:00
LGA,2013,3,23,17,44.06,17.96,34.72,320,20.71404,,0,1010.2,10,2013-03-23 21:00:00.000000 +00:00
LGA,2013,3,23,18,42.98,19.04,37.9,310,19.56326,24.16638,0,1010.8,10,2013-03-23 22:00:00.000000 +00:00
LGA,2013,3,23,19,42.08,17.96,37.46,310,20.71404,26.46794,0,1011.5,10,2013-03-23 23:00:00.000000 +00:00
LGA,2013,3,23,20,41,17.96,39.05,310,19.56326,27.61872,0,1012.3,10,2013-03-24 00:00:00.000000 +00:00
LGA,2013,3,23,21,39.92,17.96,40.72,320,23.0156,28.7695,0,1012.6,10,2013-03-24 01:00:00.000000 +00:00
LGA,2013,3,23,22,39.02,17.96,42.18,320,19.56326,26.46794,0,1013.2,10,2013-03-24 02:00:00.000000 +00:00
LGA,2013,3,23,23,37.94,19.04,46.09,320,16.11092,27.61872,0,1013.5,10,2013-03-24 03:00:00.000000 +00:00
LGA,2013,3,24,0,37.04,19.04,47.75,310,12.65858,21.86482,0,1013.5,10,2013-03-24 04:00:00.000000 +00:00
LGA,2013,3,24,1,35.96,19.04,49.83,320,13.80936,,0,1013.2,10,2013-03-24 05:00:00.000000 +00:00
LGA,2013,3,24,2,35.96,19.04,49.83,330,12.65858,,0,1012.4,10,2013-03-24 06:00:00.000000 +00:00
LGA,2013,3,24,3,35.06,17.96,49.3,300,12.65858,,0,1012.7,10,2013-03-24 07:00:00.000000 +00:00
LGA,2013,3,24,4,35.06,17.96,49.3,300,6.90468,,0,1012.9,10,2013-03-24 08:00:00.000000 +00:00
LGA,2013,3,24,5,35.06,17.96,49.3,290,10.35702,,0,1013.3,10,2013-03-24 09:00:00.000000 +00:00
LGA,2013,3,24,6,33.98,17.96,51.47,290,12.65858,,0,1013.2,10,2013-03-24 10:00:00.000000 +00:00
LGA,2013,3,24,7,35.06,17.96,49.3,300,9.20624,,0,1013.6,10,2013-03-24 11:00:00.000000 +00:00
LGA,2013,3,24,8,35.96,19.04,49.83,310,13.80936,,0,1013.8,10,2013-03-24 12:00:00.000000 +00:00
LGA,2013,3,24,9,37.94,19.94,47.89,320,12.65858,,0,1013.4,10,2013-03-24 13:00:00.000000 +00:00
LGA,2013,3,24,10,39.92,19.04,42.65,330,9.20624,,0,1012.5,10,2013-03-24 14:00:00.000000 +00:00
LGA,2013,3,24,11,41,19.04,40.9,360,8.05546,,0,1011.3,10,2013-03-24 15:00:00.000000 +00:00
LGA,2013,3,24,12,42.98,19.04,37.9,360,11.5078,16.11092,0,1010.1,10,2013-03-24 16:00:00.000000 +00:00
LGA,2013,3,24,13,44.06,19.04,36.36,360,4.60312,,0,1009.7,10,2013-03-24 17:00:00.000000 +00:00
LGA,2013,3,24,14,44.96,19.04,35.14,360,6.90468,,0,1007.7,10,2013-03-24 18:00:00.000000 +00:00
LGA,2013,3,24,15,46.04,19.04,33.73,350,6.90468,,0,1006.9,10,2013-03-24 19:00:00.000000 +00:00
LGA,2013,3,24,16,44.96,17.96,33.55,0,0,,0,1006.2,10,2013-03-24 20:00:00.000000 +00:00
LGA,2013,3,24,17,44.96,19.04,35.14,70,6.90468,,0,1006.4,10,2013-03-24 21:00:00.000000 +00:00
LGA,2013,3,24,18,44.06,19.94,37.79,60,8.05546,,0,1006.3,10,2013-03-24 22:00:00.000000 +00:00
LGA,2013,3,24,19,42.08,24.08,48.56,180,9.20624,,0,1007.6,10,2013-03-24 23:00:00.000000 +00:00
LGA,2013,3,24,20,41,24.08,50.63,170,6.90468,,0,1007.7,10,2013-03-25 00:00:00.000000 +00:00
LGA,2013,3,24,21,39.92,24.08,52.79,180,4.60312,,0,1007.8,10,2013-03-25 01:00:00.000000 +00:00
LGA,2013,3,24,22,39.92,23,50.46,0,0,,0,1007.2,10,2013-03-25 02:00:00.000000 +00:00
LGA,2013,3,24,23,41,24.98,52.56,110,5.7539,,0,1006.2,10,2013-03-25 03:00:00.000000 +00:00
LGA,2013,3,25,0,39.92,24.08,52.79,150,8.05546,,0,1005.6,10,2013-03-25 04:00:00.000000 +00:00
LGA,2013,3,25,1,39.92,24.08,52.79,140,5.7539,,0,1005.8,10,2013-03-25 05:00:00.000000 +00:00
LGA,2013,3,25,2,39.02,24.08,54.68,100,4.60312,,0,1004.7,10,2013-03-25 06:00:00.000000 +00:00
LGA,2013,3,25,3,39.02,24.98,56.77,70,6.90468,,0,1003.7,10,2013-03-25 07:00:00.000000 +00:00
LGA,2013,3,25,4,37.94,28.04,67.21,60,10.35702,,0,1003.1,10,2013-03-25 08:00:00.000000 +00:00
LGA,2013,3,25,5,37.94,30.02,72.87,60,16.11092,,0,1003.1,10,2013-03-25 09:00:00.000000 +00:00
LGA,2013,3,25,6,37.94,30.02,72.87,60,17.2617,,0,1002.7,10,2013-03-25 10:00:00.000000 +00:00
LGA,2013,3,25,7,37.94,28.94,69.73,50,16.11092,,0,1002.3,10,2013-03-25 11:00:00.000000 +00:00
LGA,2013,3,25,8,39.92,26.06,57.33,60,17.2617,24.16638,0,1003,10,2013-03-25 12:00:00.000000 +00:00
LGA,2013,3,25,9,39.02,26.06,59.37,60,20.71404,,0,1002.4,10,2013-03-25 13:00:00.000000 +00:00
LGA,2013,3,25,10,39.92,24.08,52.79,70,14.96014,,0,1001.8,10,2013-03-25 14:00:00.000000 +00:00
LGA,2013,3,25,11,39.92,26.96,59.5,70,16.11092,24.16638,0,1001.1,10,2013-03-25 15:00:00.000000 +00:00
LGA,2013,3,25,12,39.92,26.96,59.5,70,23.0156,31.07106,0,1000.1,10,2013-03-25 16:00:00.000000 +00:00
LGA,2013,3,25,13,37.94,30.02,72.87,70,21.86482,34.5234,0,999.1,10,2013-03-25 17:00:00.000000 +00:00
LGA,2013,3,25,14,37.94,32,78.96,70,17.2617,,0.01,,3,2013-03-25 18:00:00.000000 +00:00
LGA,2013,3,25,15,39.02,32,75.69,60,12.65858,,0.01,998,3,2013-03-25 19:00:00.000000 +00:00
LGA,2013,3,25,16,39.02,32,75.69,50,9.20624,,0.02,997.9,5,2013-03-25 20:00:00.000000 +00:00
LGA,2013,3,25,17,37.04,33.08,85.43,40,9.20624,,0.03,998.1,4,2013-03-25 21:00:00.000000 +00:00
LGA,2013,3,25,18,37.94,33.08,82.46,30,4.60312,,0.03,998.9,4,2013-03-25 22:00:00.000000 +00:00
LGA,2013,3,25,19,37.94,33.98,85.49,330,5.7539,,0.03,999.6,4,2013-03-25 23:00:00.000000 +00:00
LGA,2013,3,25,20,37.94,32,78.96,350,9.20624,,0.02,1000.5,5,2013-03-26 00:00:00.000000 +00:00
LGA,2013,3,25,21,39.2,32,81.8,360,6.90468,,0.01,,6,2013-03-26 01:00:00.000000 +00:00
LGA,2013,3,25,22,39.02,28.94,66.85,10,5.7539,,0,1001.2,10,2013-03-26 02:00:00.000000 +00:00
LGA,2013,3,25,23,39.02,30.02,69.86,0,0,,0,1001.6,10,2013-03-26 03:00:00.000000 +00:00
LGA,2013,3,26,0,41,24.98,52.56,360,8.05546,,0,1001.9,10,2013-03-26 04:00:00.000000 +00:00
LGA,2013,3,26,1,39.02,28.94,66.85,330,6.90468,,0,1002.6,10,2013-03-26 05:00:00.000000 +00:00
LGA,2013,3,26,2,39.02,30.02,69.86,310,5.7539,,0,1002.9,10,2013-03-26 06:00:00.000000 +00:00
LGA,2013,3,26,3,39.02,28.04,64.43,320,9.20624,,0,1003.4,10,2013-03-26 07:00:00.000000 +00:00
LGA,2013,3,26,4,39.92,28.04,62.21,330,6.90468,,0,1003.9,10,2013-03-26 08:00:00.000000 +00:00
LGA,2013,3,26,5,39.02,28.04,64.43,300,8.05546,,0,1004.7,10,2013-03-26 09:00:00.000000 +00:00
LGA,2013,3,26,6,39.02,28.94,66.85,310,6.90468,,0,1005.4,10,2013-03-26 10:00:00.000000 +00:00
LGA,2013,3,26,7,39.92,28.04,62.21,310,5.7539,,0,1006,10,2013-03-26 11:00:00.000000 +00:00
LGA,2013,3,26,8,41,28.04,59.65,310,5.7539,,0,1006.7,10,2013-03-26 12:00:00.000000 +00:00
LGA,2013,3,26,9,42.08,26.96,54.73,300,3.45234,,0,1006.6,10,2013-03-26 13:00:00.000000 +00:00
LGA,2013,3,26,10,44.06,26.96,50.73,300,11.5078,,0,1007,10,2013-03-26 14:00:00.000000 +00:00
LGA,2013,3,26,11,46.94,26.96,45.48,310,6.90468,,0,1006.9,10,2013-03-26 15:00:00.000000 +00:00
LGA,2013,3,26,12,48.92,23,35.8,330,11.5078,21.86482,0,1006.7,10,2013-03-26 16:00:00.000000 +00:00
LGA,2013,3,26,13,48.92,24.08,37.46,320,12.65858,,0,1006.6,10,2013-03-26 17:00:00.000000 +00:00
LGA,2013,3,26,14,48.92,24.08,37.46,320,11.5078,19.56326,0,1006.7,10,2013-03-26 18:00:00.000000 +00:00
LGA,2013,3,26,15,48.92,24.08,37.46,310,6.90468,,0,1006.8,10,2013-03-26 19:00:00.000000 +00:00
LGA,2013,3,26,16,46.94,26.06,43.81,20,10.35702,19.56326,0,1007.2,10,2013-03-26 20:00:00.000000 +00:00
LGA,2013,3,26,17,46.94,26.96,45.48,20,6.90468,,0,1007.9,10,2013-03-26 21:00:00.000000 +00:00
LGA,2013,3,26,18,46.94,24.08,40.35,340,12.65858,18.41248,0,1008.4,10,2013-03-26 22:00:00.000000 +00:00
LGA,2013,3,26,19,44.96,26.96,49.02,310,11.5078,,0,1009.2,10,2013-03-26 23:00:00.000000 +00:00
LGA,2013,3,26,20,44.96,26.06,47.23,310,12.65858,,0,1009.8,10,2013-03-27 00:00:00.000000 +00:00
LGA,2013,3,26,21,44.96,26.06,47.23,320,9.20624,,0,1010.5,10,2013-03-27 01:00:00.000000 +00:00
LGA,2013,3,26,22,44.06,26.06,48.87,320,11.5078,,0,1010.8,10,2013-03-27 02:00:00.000000 +00:00
LGA,2013,3,26,23,42.98,26.96,52.87,310,8.05546,,0,1011,10,2013-03-27 03:00:00.000000 +00:00
LGA,2013,3,27,0,42.08,26.96,54.73,320,8.05546,,0,1011.2,10,2013-03-27 04:00:00.000000 +00:00
LGA,2013,3,27,1,41,24.98,52.56,300,12.65858,,0,1011.3,10,2013-03-27 05:00:00.000000 +00:00
LGA,2013,3,27,2,39.92,24.08,52.79,310,17.2617,,0,1011.1,10,2013-03-27 06:00:00.000000 +00:00
LGA,2013,3,27,3,39.02,24.08,54.68,320,10.35702,,0,1011,10,2013-03-27 07:00:00.000000 +00:00
LGA,2013,3,27,4,39.02,24.08,54.68,310,14.96014,,0,1011.2,10,2013-03-27 08:00:00.000000 +00:00
LGA,2013,3,27,5,39.02,23,52.26,310,12.65858,,0,1011.7,10,2013-03-27 09:00:00.000000 +00:00
LGA,2013,3,27,6,37.94,21.92,52.09,300,11.5078,,0,1012.4,10,2013-03-27 10:00:00.000000 +00:00
LGA,2013,3,27,7,39.02,23,52.26,300,12.65858,,0,1012.8,10,2013-03-27 11:00:00.000000 +00:00
LGA,2013,3,27,8,39.92,26.06,57.33,320,12.65858,21.86482,0,1013.1,10,2013-03-27 12:00:00.000000 +00:00
LGA,2013,3,27,9,42.98,26.06,50.94,310,13.80936,,0,1013.1,10,2013-03-27 13:00:00.000000 +00:00
LGA,2013,3,27,10,44.96,26.06,47.23,320,12.65858,,0,1012.8,10,2013-03-27 14:00:00.000000 +00:00
LGA,2013,3,27,11,48.02,24.08,38.74,310,9.20624,,0,1012.5,10,2013-03-27 15:00:00.000000 +00:00
LGA,2013,3,27,12,48.02,21.02,34.06,310,10.35702,19.56326,0,1012,10,2013-03-27 16:00:00.000000 +00:00
LGA,2013,3,27,13,48.92,19.04,30.27,320,12.65858,,0,1011.6,10,2013-03-27 17:00:00.000000 +00:00
LGA,2013,3,27,14,48.92,21.92,34.21,290,10.35702,,0,1011.5,10,2013-03-27 18:00:00.000000 +00:00
LGA,2013,3,27,15,51.08,19.04,27.93,310,13.80936,19.56326,0,1011.2,10,2013-03-27 19:00:00.000000 +00:00
LGA,2013,3,27,16,51.08,21.02,30.39,300,13.80936,,0,1011.3,10,2013-03-27 20:00:00.000000 +00:00
LGA,2013,3,27,17,51.08,23,33.04,320,12.65858,,0,1011.6,10,2013-03-27 21:00:00.000000 +00:00
LGA,2013,3,27,18,48.92,23,35.8,320,12.65858,25.31716,0,1012.3,10,2013-03-27 22:00:00.000000 +00:00
LGA,2013,3,27,19,48.02,24.98,40.22,290,24.16638,28.7695,0,1013.2,10,2013-03-27 23:00:00.000000 +00:00
LGA,2013,3,27,20,44.96,28.94,53.17,310,17.2617,26.46794,0,1013.9,10,2013-03-28 00:00:00.000000 +00:00
LGA,2013,3,27,21,44.06,28.04,53.03,310,18.41248,,0,1014.5,10,2013-03-28 01:00:00.000000 +00:00
LGA,2013,3,27,22,42.98,28.04,55.27,300,16.11092,,0,1014.6,10,2013-03-28 02:00:00.000000 +00:00
LGA,2013,3,27,23,42.08,28.94,59.36,300,14.96014,,0,1014.7,10,2013-03-28 03:00:00.000000 +00:00
LGA,2013,3,28,0,41,28.94,61.89,300,20.71404,27.61872,0,1014.6,10,2013-03-28 04:00:00.000000 +00:00
LGA,2013,3,28,1,39.92,28.94,64.54,300,20.71404,25.31716,0,1014.5,10,2013-03-28 05:00:00.000000 +00:00
LGA,2013,3,28,2,39.92,28.04,62.21,300,19.56326,,0,1014.4,10,2013-03-28 06:00:00.000000 +00:00
LGA,2013,3,28,3,39.02,28.04,64.43,300,18.41248,23.0156,0,1014.2,10,2013-03-28 07:00:00.000000 +00:00
LGA,2013,3,28,4,39.02,28.04,64.43,300,12.65858,,0,1014.3,10,2013-03-28 08:00:00.000000 +00:00
LGA,2013,3,28,5,39.02,28.04,64.43,320,11.5078,,0,1014.4,10,2013-03-28 09:00:00.000000 +00:00
LGA,2013,3,28,6,39.02,28.04,64.43,300,9.20624,,0,1014.9,10,2013-03-28 10:00:00.000000 +00:00
LGA,2013,3,28,7,39.92,28.04,62.21,300,11.5078,,0,1015.3,10,2013-03-28 11:00:00.000000 +00:00
LGA,2013,3,28,8,41,28.04,59.65,320,8.05546,,0,1015.5,10,2013-03-28 12:00:00.000000 +00:00
LGA,2013,3,28,9,44.06,26.96,50.73,320,12.65858,,0,1015.6,10,2013-03-28 13:00:00.000000 +00:00
LGA,2013,3,28,10,44.96,26.06,47.23,340,13.80936,20.71404,0,1015.9,10,2013-03-28 14:00:00.000000 +00:00
LGA,2013,3,28,11,46.04,26.06,45.33,20,12.65858,,0,1015.9,10,2013-03-28 15:00:00.000000 +00:00
LGA,2013,3,28,12,48.02,26.96,43.67,20,16.11092,21.86482,0,1015.8,10,2013-03-28 16:00:00.000000 +00:00
LGA,2013,3,28,13,48.02,28.04,45.65,360,13.80936,20.71404,0,1015.7,10,2013-03-28 17:00:00.000000 +00:00
LGA,2013,3,28,14,48.92,28.94,45.79,340,9.20624,,0,1015.7,10,2013-03-28 18:00:00.000000 +00:00
LGA,2013,3,28,15,48.02,30.02,49.5,330,8.05546,,0,1015.6,10,2013-03-28 19:00:00.000000 +00:00
LGA,2013,3,28,16,46.94,30.92,53.47,320,12.65858,,0,1015.9,10,2013-03-28 20:00:00.000000 +00:00
LGA,2013,3,28,17,48.02,28.04,45.65,350,9.20624,,0,1016.4,10,2013-03-28 21:00:00.000000 +00:00
LGA,2013,3,28,18,48.02,28.94,47.36,330,11.5078,,0,1017.1,10,2013-03-28 22:00:00.000000 +00:00
LGA,2013,3,28,19,46.94,28.94,49.33,330,14.96014,,0,1017.7,10,2013-03-28 23:00:00.000000 +00:00
LGA,2013,3,28,20,46.94,28.94,49.33,310,14.96014,,0,1018.1,10,2013-03-29 00:00:00.000000 +00:00
LGA,2013,3,28,21,46.04,28.94,51.03,310,11.5078,20.71404,0,1018.9,10,2013-03-29 01:00:00.000000 +00:00
LGA,2013,3,28,22,44.96,30.02,55.56,320,9.20624,,0,1019.2,10,2013-03-29 02:00:00.000000 +00:00
LGA,2013,3,28,23,44.96,28.94,53.17,320,10.35702,20.71404,0,1019.2,10,2013-03-29 03:00:00.000000 +00:00
LGA,2013,3,29,0,44.96,28.94,53.17,320,9.20624,,0,1019.4,10,2013-03-29 04:00:00.000000 +00:00
LGA,2013,3,29,1,44.06,28.94,55.02,310,10.35702,,0,1019.7,10,2013-03-29 05:00:00.000000 +00:00
LGA,2013,3,29,2,44.06,28.04,53.03,320,12.65858,,0,1019.8,10,2013-03-29 06:00:00.000000 +00:00
LGA,2013,3,29,3,44.06,28.94,55.02,320,11.5078,,0,1019.7,10,2013-03-29 07:00:00.000000 +00:00
LGA,2013,3,29,4,42.98,28.04,55.27,310,10.35702,,0,1019.7,10,2013-03-29 08:00:00.000000 +00:00
LGA,2013,3,29,5,42.08,28.94,59.36,310,11.5078,,0,1019.7,10,2013-03-29 09:00:00.000000 +00:00
LGA,2013,3,29,6,42.08,28.04,57.22,320,10.35702,,0,1019.9,10,2013-03-29 10:00:00.000000 +00:00
LGA,2013,3,29,7,42.08,28.04,57.22,300,16.11092,,0,1020.4,10,2013-03-29 11:00:00.000000 +00:00
LGA,2013,3,29,8,44.06,28.04,53.03,310,11.5078,,0,1020.4,10,2013-03-29 12:00:00.000000 +00:00
LGA,2013,3,29,9,46.04,28.04,49.19,310,9.20624,,0,1020.3,10,2013-03-29 13:00:00.000000 +00:00
LGA,2013,3,29,10,48.92,26.96,42.22,320,9.20624,,0,1020.2,10,2013-03-29 14:00:00.000000 +00:00
LGA,2013,3,29,11,51.08,26.96,38.96,310,9.20624,,0,1020,10,2013-03-29 15:00:00.000000 +00:00
LGA,2013,3,29,12,51.98,23,31.96,,5.7539,,0,1019.3,10,2013-03-29 16:00:00.000000 +00:00
LGA,2013,3,29,13,53.96,21.92,28.39,270,10.35702,,0,1018.5,10,2013-03-29 17:00:00.000000 +00:00
LGA,2013,3,29,14,53.06,24.08,32.13,310,5.7539,,0,1017.9,10,2013-03-29 18:00:00.000000 +00:00
LGA,2013,3,29,15,51.98,24.08,33.44,310,12.65858,,0,1017.4,10,2013-03-29 19:00:00.000000 +00:00
LGA,2013,3,29,16,51.08,26.06,37.54,310,17.2617,24.16638,0,1017.5,10,2013-03-29 20:00:00.000000 +00:00
LGA,2013,3,29,17,50,26.96,40.55,310,19.56326,,0,1018.1,10,2013-03-29 21:00:00.000000 +00:00
LGA,2013,3,29,18,48.92,26.96,42.22,300,17.2617,,0,1018.4,10,2013-03-29 22:00:00.000000 +00:00
LGA,2013,3,29,19,48.02,24.98,40.22,330,14.96014,23.0156,0,1018.8,10,2013-03-29 23:00:00.000000 +00:00
LGA,2013,3,29,20,46.94,28.04,47.54,320,11.5078,,0,1019.5,10,2013-03-30 00:00:00.000000 +00:00
LGA,2013,3,29,21,46.94,26.06,43.81,330,10.35702,,0,1020,10,2013-03-30 01:00:00.000000 +00:00
LGA,2013,3,29,22,46.04,26.06,45.33,330,10.35702,18.41248,0,1020.2,10,2013-03-30 02:00:00.000000 +00:00
LGA,2013,3,29,23,44.96,26.96,49.02,320,8.05546,,0,1020.2,10,2013-03-30 03:00:00.000000 +00:00
LGA,2013,3,30,0,44.06,28.94,55.02,320,8.05546,,0,1020.3,10,2013-03-30 04:00:00.000000 +00:00
LGA,2013,3,30,1,44.06,26.96,50.73,290,8.05546,,0,1020.2,10,2013-03-30 05:00:00.000000 +00:00
LGA,2013,3,30,2,44.06,28.94,55.02,300,6.90468,,0,1020,10,2013-03-30 06:00:00.000000 +00:00
LGA,2013,3,30,3,42.98,28.94,57.35,310,13.80936,,0,1020,10,2013-03-30 07:00:00.000000 +00:00
LGA,2013,3,30,4,42.08,28.94,59.36,300,10.35702,,0,1020.1,10,2013-03-30 08:00:00.000000 +00:00
LGA,2013,3,30,5,42.08,28.94,59.36,300,11.5078,,0,1020.3,10,2013-03-30 09:00:00.000000 +00:00
LGA,2013,3,30,6,42.08,28.94,59.36,300,12.65858,,0,1020.6,10,2013-03-30 10:00:00.000000 +00:00
LGA,2013,3,30,7,42.08,28.94,59.36,310,11.5078,,0,1021.2,10,2013-03-30 11:00:00.000000 +00:00
LGA,2013,3,30,8,44.06,28.94,55.02,310,10.35702,,0,1021.3,10,2013-03-30 12:00:00.000000 +00:00
LGA,2013,3,30,9,46.94,28.94,49.33,310,9.20624,,0,1021.3,10,2013-03-30 13:00:00.000000 +00:00
LGA,2013,3,30,10,50,26.06,39.07,300,4.60312,,0,1021.2,10,2013-03-30 14:00:00.000000 +00:00
LGA,2013,3,30,11,51.98,23,31.96,280,6.90468,,0,1020.7,10,2013-03-30 15:00:00.000000 +00:00
LGA,2013,3,30,12,53.96,21.92,28.39,310,8.05546,17.2617,0,1020.1,10,2013-03-30 16:00:00.000000 +00:00
LGA,2013,3,30,13,53.96,19.94,26.11,360,4.60312,,0,1019.2,10,2013-03-30 17:00:00.000000 +00:00
LGA,2013,3,30,14,55.94,19.04,23.37,300,12.65858,,0,1018.5,10,2013-03-30 18:00:00.000000 +00:00
LGA,2013,3,30,15,55.04,17.06,22.18,310,10.35702,,0,1018.1,10,2013-03-30 19:00:00.000000 +00:00
LGA,2013,3,30,16,55.94,17.96,22.32,300,9.20624,,0,1017.9,10,2013-03-30 20:00:00.000000 +00:00
LGA,2013,3,30,17,57.02,15.08,18.94,0,0,,0,1018.1,10,2013-03-30 21:00:00.000000 +00:00
LGA,2013,3,30,18,53.06,26.06,34.89,170,11.5078,,0,1018.3,10,2013-03-30 22:00:00.000000 +00:00
LGA,2013,3,30,19,50,28.94,43.99,180,8.05546,,0,1018.9,10,2013-03-30 23:00:00.000000 +00:00
LGA,2013,3,30,20,50,30.02,45.97,160,4.60312,,0,1019.3,10,2013-03-31 00:00:00.000000 +00:00
LGA,2013,3,30,21,48.92,32,51.85,130,3.45234,,0,1019.5,10,2013-03-31 01:00:00.000000 +00:00
LGA,2013,3,30,22,48.02,33.98,58.07,0,0,,0,1019.7,10,2013-03-31 02:00:00.000000 +00:00
LGA,2013,3,30,23,46.94,33.98,60.47,0,0,,0,1020,10,2013-03-31 03:00:00.000000 +00:00
LGA,2013,3,31,0,44.06,35.06,70.42,60,3.45234,,0,1019.8,10,2013-03-31 04:00:00.000000 +00:00
LGA,2013,3,31,1,42.98,35.06,73.39,50,11.5078,,0,1019.7,10,2013-03-31 05:00:00.000000 +00:00
LGA,2013,3,31,2,41,33.98,75.88,0,0,,0,1019.8,10,2013-03-31 06:00:00.000000 +00:00
LGA,2013,3,31,3,41,33.08,73.19,0,0,,0,1019.5,10,2013-03-31 07:00:00.000000 +00:00
LGA,2013,3,31,4,41,35.06,79.21,0,0,,0,1019.4,10,2013-03-31 08:00:00.000000 +00:00
LGA,2013,3,31,5,39.92,35.96,85.61,0,0,,0,1019.3,10,2013-03-31 09:00:00.000000 +00:00
LGA,2013,3,31,6,41,33.98,75.88,0,0,,0,1019.1,10,2013-03-31 10:00:00.000000 +00:00
LGA,2013,3,31,7,44.06,32,62.3,,3.45234,,0,1019.1,10,2013-03-31 11:00:00.000000 +00:00
LGA,2013,3,31,8,46.94,30.02,51.55,200,5.7539,,0,1018.9,10,2013-03-31 12:00:00.000000 +00:00
LGA,2013,3,31,9,51.08,28.04,40.73,190,8.05546,,0,1018.5,10,2013-03-31 13:00:00.000000 +00:00
LGA,2013,3,31,10,51.98,28.94,40.88,170,12.65858,,0,1018.3,10,2013-03-31 14:00:00.000000 +00:00
LGA,2013,3,31,11,51.98,33.08,48.34,170,16.11092,21.86482,0,1017.5,10,2013-03-31 15:00:00.000000 +00:00
LGA,2013,3,31,12,53.06,35.96,52.11,180,18.41248,26.46794,0,1016.4,10,2013-03-31 16:00:00.000000 +00:00
LGA,2013,3,31,13,53.06,32,44.48,160,20.71404,27.61872,0,1015.4,10,2013-03-31 17:00:00.000000 +00:00
LGA,2013,3,31,14,51.98,33.08,48.34,170,21.86482,,0,1014.4,10,2013-03-31 18:00:00.000000 +00:00
LGA,2013,3,31,15,53.06,32,44.48,170,19.56326,29.92028,0,1012.9,10,2013-03-31 19:00:00.000000 +00:00
LGA,2013,3,31,16,51.08,33.98,51.81,170,19.56326,29.92028,0,1012.5,10,2013-03-31 20:00:00.000000 +00:00
LGA,2013,3,31,17,51.08,35.96,56.05,140,12.65858,23.0156,0,1011.1,10,2013-03-31 21:00:00.000000 +00:00
LGA,2013,3,31,18,48.92,39.92,70.95,140,14.96014,20.71404,0,1009.9,10,2013-03-31 22:00:00.000000 +00:00
LGA,2013,3,31,19,48.02,39.92,73.39,130,13.80936,20.71404,0,1008.3,10,2013-03-31 23:00:00.000000 +00:00
LGA,2013,3,31,20,46.4,42.8,87.19,140,17.2617,,0.06,,3,2013-04-01 00:00:00.000000 +00:00
LGA,2013,3,31,21,46.04,42.98,88.99,110,9.20624,,0.06,1006.3,3,2013-04-01 01:00:00.000000 +00:00
LGA,2013,3,31,22,46.04,42.98,88.99,70,4.60312,,0.02,1005.4,3,2013-04-01 02:00:00.000000 +00:00
LGA,2013,3,31,23,46.4,42.98,93.35,40,4.60312,,0,,4,2013-04-01 03:00:00.000000 +00:00
LGA,2013,4,1,0,44.96,42.98,92.72,0,0,,0,1004.7,2,2013-04-01 04:00:00.000000 +00:00
LGA,2013,4,1,1,46.94,44.6,93.4,290,8.05546,,0,,7,2013-04-01 05:00:00.000000 +00:00
LGA,2013,4,1,2,48.2,42.8,81.47,240,10.35702,,0,,10,2013-04-01 06:00:00.000000 +00:00
LGA,2013,4,1,3,48.2,42.8,83.09,230,8.05546,,0,,10,2013-04-01 07:00:00.000000 +00:00
LGA,2013,4,1,4,46.94,41,79.7,210,6.90468,,0,1005.6,10,2013-04-01 08:00:00.000000 +00:00
LGA,2013,4,1,5,46.94,42.8,87.19,260,11.5078,,0,,10,2013-04-01 09:00:00.000000 +00:00
LGA,2013,4,1,6,46.94,42.8,87.19,250,6.90468,,0,,10,2013-04-01 10:00:00.000000 +00:00
LGA,2013,4,1,7,48.92,41,73.99,250,9.20624,,0,1005.8,10,2013-04-01 11:00:00.000000 +00:00
LGA,2013,4,1,8,50,42.08,74.1,220,8.05546,,0,1005.6,9,2013-04-01 12:00:00.000000 +00:00
LGA,2013,4,1,9,53.06,42.08,66.17,240,10.35702,,0,1005.3,10,2013-04-01 13:00:00.000000 +00:00
LGA,2013,4,1,10,53.96,41,61.41,210,13.80936,,0,1005.2,10,2013-04-01 14:00:00.000000 +00:00
LGA,2013,4,1,11,57.92,41,53.2,230,16.11092,23.0156,0,1004.5,10,2013-04-01 15:00:00.000000 +00:00
LGA,2013,4,1,12,60.98,37.94,42.33,270,13.80936,23.0156,0,1003.6,10,2013-04-01 16:00:00.000000 +00:00
LGA,2013,4,1,13,60.98,33.98,36.19,230,17.2617,23.0156,0,1003,10,2013-04-01 17:00:00.000000 +00:00
LGA,2013,4,1,14,60.08,37.94,43.71,290,19.56326,33.37262,0,1003,10,2013-04-01 18:00:00.000000 +00:00
LGA,2013,4,1,15,57.92,33.98,40.37,300,21.86482,36.82496,0,1003.5,10,2013-04-01 19:00:00.000000 +00:00
LGA,2013,4,1,16,44.96,37.04,73.59,320,28.7695,37.97574,0,1005.6,6,2013-04-01 20:00:00.000000 +00:00
LGA,2013,4,1,17,44.96,35.06,68.05,300,11.5078,,0.01,1006.6,10,2013-04-01 21:00:00.000000 +00:00
LGA,2013,4,1,18,46.94,33.08,58.33,310,10.35702,,0,1006.9,10,2013-04-01 22:00:00.000000 +00:00
LGA,2013,4,1,19,46.94,33.08,58.33,290,6.90468,,0,1007.6,10,2013-04-01 23:00:00.000000 +00:00
LGA,2013,4,1,20,44.06,19.94,37.79,340,19.56326,27.61872,0,1009.6,10,2013-04-02 00:00:00.000000 +00:00
LGA,2013,4,1,21,42.08,14,31.54,340,24.16638,29.92028,0,1011.2,10,2013-04-02 01:00:00.000000 +00:00
LGA,2013,4,1,22,39.92,14,34.29,320,20.71404,28.7695,0,1012,10,2013-04-02 02:00:00.000000 +00:00
LGA,2013,4,1,23,39.02,14,35.51,320,18.41248,25.31716,0,1012.5,10,2013-04-02 03:00:00.000000 +00:00
LGA,2013,4,2,0,37.94,12.02,33.95,310,18.41248,27.61872,0,1013.4,10,2013-04-02 04:00:00.000000 +00:00
LGA,2013,4,2,1,37.04,14,38.38,320,12.65858,,0,1013.8,10,2013-04-02 05:00:00.000000 +00:00
LGA,2013,4,2,2,37.04,12.92,36.6,320,18.41248,23.0156,0,1013.7,10,2013-04-02 06:00:00.000000 +00:00
LGA,2013,4,2,3,35.96,14,40.05,310,11.5078,,0,1013.5,10,2013-04-02 07:00:00.000000 +00:00
LGA,2013,4,2,4,35.96,12.02,36.71,300,12.65858,,0,1013.8,10,2013-04-02 08:00:00.000000 +00:00
LGA,2013,4,2,5,35.06,12.02,38.04,310,13.80936,19.56326,0,1014.3,10,2013-04-02 09:00:00.000000 +00:00
LGA,2013,4,2,6,33.98,15.08,45.43,310,16.11092,23.0156,0,1015.3,10,2013-04-02 10:00:00.000000 +00:00
LGA,2013,4,2,7,35.06,15.98,45.26,310,13.80936,20.71404,0,1016,10,2013-04-02 11:00:00.000000 +00:00
LGA,2013,4,2,8,35.06,15.08,43.52,300,13.80936,24.16638,0,1016.4,10,2013-04-02 12:00:00.000000 +00:00
LGA,2013,4,2,9,35.96,14,40.05,310,21.86482,27.61872,0,1016.2,10,2013-04-02 13:00:00.000000 +00:00
LGA,2013,4,2,10,37.04,12.92,36.6,260,19.56326,26.46794,0,1016.4,10,2013-04-02 14:00:00.000000 +00:00
LGA,2013,4,2,11,37.94,8.96,29.62,260,13.80936,24.16638,0,1016,10,2013-04-02 15:00:00.000000 +00:00
LGA,2013,4,2,12,39.02,8.96,28.4,290,13.80936,26.46794,0,1015.5,10,2013-04-02 16:00:00.000000 +00:00
LGA,2013,4,2,13,42.08,10.04,26.47,270,23.0156,41.42808,0,1015.1,10,2013-04-02 17:00:00.000000 +00:00
LGA,2013,4,2,14,42.08,6.98,23.06,290,21.86482,33.37262,0,1014.5,10,2013-04-02 18:00:00.000000 +00:00
LGA,2013,4,2,15,42.98,8.06,23.39,290,24.16638,32.22184,0,1014.2,10,2013-04-02 19:00:00.000000 +00:00
LGA,2013,4,2,16,44.06,8.96,23.37,300,13.80936,26.46794,0,1014.3,10,2013-04-02 20:00:00.000000 +00:00
LGA,2013,4,2,17,44.06,8.06,22.45,300,14.96014,31.07106,0,1014.9,10,2013-04-02 21:00:00.000000 +00:00
LGA,2013,4,2,18,42.98,6.98,22.28,290,21.86482,29.92028,0,1015.6,10,2013-04-02 22:00:00.000000 +00:00
LGA,2013,4,2,19,42.98,8.96,24.36,300,14.96014,26.46794,0,1016,10,2013-04-02 23:00:00.000000 +00:00
LGA,2013,4,2,20,42.08,8.96,25.22,300,13.80936,24.16638,0,1016.9,10,2013-04-03 00:00:00.000000 +00:00
LGA,2013,4,2,21,41,12.02,30.13,330,12.65858,,0,1017.5,10,2013-04-03 01:00:00.000000 +00:00
LGA,2013,4,2,22,39.92,14,34.29,310,13.80936,,0,1018,10,2013-04-03 02:00:00.000000 +00:00
LGA,2013,4,2,23,39.02,12.92,33.87,320,17.2617,25.31716,0,1018.5,10,2013-04-03 03:00:00.000000 +00:00
LGA,2013,4,3,0,37.94,10.04,31.09,310,16.11092,23.0156,0,1019.1,10,2013-04-03 04:00:00.000000 +00:00
LGA,2013,4,3,1,37.04,10.04,32.21,300,20.71404,33.37262,0,1018.9,10,2013-04-03 05:00:00.000000 +00:00
LGA,2013,4,3,2,35.96,10.04,33.61,290,12.65858,21.86482,0,1018.8,10,2013-04-03 06:00:00.000000 +00:00
LGA,2013,4,3,3,35.96,12.92,38.2,300,17.2617,26.46794,0,1018.8,10,2013-04-03 07:00:00.000000 +00:00
LGA,2013,4,3,4,35.06,10.94,36.26,280,12.65858,24.16638,0,1019.1,10,2013-04-03 08:00:00.000000 +00:00
LGA,2013,4,3,5,35.06,10.94,36.26,260,18.41248,24.16638,0,1019.6,10,2013-04-03 09:00:00.000000 +00:00
LGA,2013,4,3,6,35.06,12.02,38.04,300,20.71404,26.46794,0,1020.5,10,2013-04-03 10:00:00.000000 +00:00
LGA,2013,4,3,7,35.06,12.02,38.04,260,17.2617,21.86482,0,1021.3,10,2013-04-03 11:00:00.000000 +00:00
LGA,2013,4,3,8,35.06,12.02,38.04,300,17.2617,31.07106,0,1021.2,10,2013-04-03 12:00:00.000000 +00:00
LGA,2013,4,3,9,37.04,12.92,36.6,270,13.80936,24.16638,0,1020.9,10,2013-04-03 13:00:00.000000 +00:00
LGA,2013,4,3,10,39.02,10.94,31.02,290,20.71404,26.46794,0,1020.8,10,2013-04-03 14:00:00.000000 +00:00
LGA,2013,4,3,11,39.92,10.04,28.78,280,11.5078,23.0156,0,1020.8,10,2013-04-03 15:00:00.000000 +00:00
LGA,2013,4,3,12,42.08,8.96,25.22,290,14.96014,23.0156,0,1020.4,10,2013-04-03 16:00:00.000000 +00:00
LGA,2013,4,3,13,44.06,8.96,23.37,290,16.11092,25.31716,0,1019.8,10,2013-04-03 17:00:00.000000 +00:00
LGA,2013,4,3,14,44.96,10.04,23.7,290,20.71404,28.7695,0,1019.2,10,2013-04-03 18:00:00.000000 +00:00
LGA,2013,4,3,15,46.04,8.96,21.68,290,17.2617,32.22184,0,1019.3,10,2013-04-03 19:00:00.000000 +00:00
LGA,2013,4,3,16,44.96,12.02,25.89,330,19.56326,34.5234,0,1019.6,10,2013-04-03 20:00:00.000000 +00:00
LGA,2013,4,3,17,44.96,12.02,25.89,300,21.86482,27.61872,0,1020.6,10,2013-04-03 21:00:00.000000 +00:00
LGA,2013,4,3,18,44.06,8.96,23.37,310,23.0156,34.5234,0,1021.8,10,2013-04-03 22:00:00.000000 +00:00
LGA,2013,4,3,19,42.08,10.04,26.47,300,24.16638,36.82496,0,1023.1,10,2013-04-03 23:00:00.000000 +00:00
LGA,2013,4,3,20,41,10.94,28.72,320,14.96014,28.7695,0,1024.2,10,2013-04-04 00:00:00.000000 +00:00
LGA,2013,4,3,21,39.92,12.02,31.42,310,18.41248,,0,1025.2,10,2013-04-04 01:00:00.000000 +00:00
LGA,2013,4,3,22,39.02,12.92,33.87,310,23.0156,31.07106,0,1025.3,10,2013-04-04 02:00:00.000000 +00:00
LGA,2013,4,3,23,37.94,14,37.05,310,23.0156,35.67418,0,1025.3,10,2013-04-04 03:00:00.000000 +00:00
LGA,2013,4,4,0,37.04,15.08,40.24,330,12.65858,29.92028,0,1025,10,2013-04-04 04:00:00.000000 +00:00
LGA,2013,4,4,1,35.96,14,40.05,340,12.65858,20.71404,0,1025.2,10,2013-04-04 05:00:00.000000 +00:00
LGA,2013,4,4,2,35.96,14,40.05,340,9.20624,,0,1025.8,10,2013-04-04 06:00:00.000000 +00:00
LGA,2013,4,4,3,35.96,14,40.05,310,11.5078,,0,1026.6,10,2013-04-04 07:00:00.000000 +00:00
LGA,2013,4,4,4,35.06,14,41.51,260,6.90468,,0,1026.8,10,2013-04-04 08:00:00.000000 +00:00
LGA,2013,4,4,5,35.06,15.08,43.52,300,8.05546,,0,1027.6,10,2013-04-04 09:00:00.000000 +00:00
LGA,2013,4,4,6,35.06,15.98,45.26,300,9.20624,,0,1028.3,10,2013-04-04 10:00:00.000000 +00:00
LGA,2013,4,4,7,35.96,15.98,43.67,300,8.05546,,0,1029.1,10,2013-04-04 11:00:00.000000 +00:00
LGA,2013,4,4,8,37.04,15.08,40.24,330,4.60312,,0,1028.4,10,2013-04-04 12:00:00.000000 +00:00
LGA,2013,4,4,9,39.92,15.98,37.38,,3.45234,,0,1028,10,2013-04-04 13:00:00.000000 +00:00
LGA,2013,4,4,10,42.08,15.98,34.38,,5.7539,,0,1027.9,10,2013-04-04 14:00:00.000000 +00:00
LGA,2013,4,4,11,44.06,15.08,30.65,,6.90468,,0,1027,10,2013-04-04 15:00:00.000000 +00:00
LGA,2013,4,4,12,46.94,15.98,28.57,,6.90468,,0,1025.8,10,2013-04-04 16:00:00.000000 +00:00
LGA,2013,4,4,13,48.02,14,25.16,220,8.05546,16.11092,0,1024.7,10,2013-04-04 17:00:00.000000 +00:00
LGA,2013,4,4,14,48.92,19.94,31.45,190,10.35702,,0,1023.5,10,2013-04-04 18:00:00.000000 +00:00
LGA,2013,4,4,15,48.02,23,37.03,170,18.41248,,0,1022.5,10,2013-04-04 19:00:00.000000 +00:00
LGA,2013,4,4,16,46.04,24.98,43.34,170,16.11092,,0,1022,10,2013-04-04 20:00:00.000000 +00:00
LGA,2013,4,4,17,44.96,26.06,47.23,170,13.80936,21.86482,0,1021.5,10,2013-04-04 21:00:00.000000 +00:00
LGA,2013,4,4,18,42.98,28.94,57.35,170,9.20624,25.31716,0,1021.7,10,2013-04-04 22:00:00.000000 +00:00
LGA,2013,4,4,19,44.06,30.02,57.5,180,10.35702,,0,1021.1,10,2013-04-04 23:00:00.000000 +00:00
LGA,2013,4,4,20,44.96,28.94,53.17,180,10.35702,,0,1020.4,10,2013-04-05 00:00:00.000000 +00:00
LGA,2013,4,4,21,46.04,28.04,49.19,180,11.5078,,0,1020.1,10,2013-04-05 01:00:00.000000 +00:00
LGA,2013,4,4,22,44.06,21.92,41.1,200,11.5078,,0,1019.9,10,2013-04-05 02:00:00.000000 +00:00
LGA,2013,4,4,23,44.06,17.06,33.4,220,11.5078,,0,1019,10,2013-04-05 03:00:00.000000 +00:00
LGA,2013,4,5,0,42.98,17.96,36.18,210,11.5078,,0,1018.1,10,2013-04-05 04:00:00.000000 +00:00
LGA,2013,4,5,1,42.08,24.08,48.56,210,12.65858,,0,1017.9,10,2013-04-05 05:00:00.000000 +00:00
LGA,2013,4,5,2,42.08,26.06,52.73,210,8.05546,,0,1016.5,10,2013-04-05 06:00:00.000000 +00:00
LGA,2013,4,5,3,42.08,26.96,54.73,210,9.20624,,0,1015.8,10,2013-04-05 07:00:00.000000 +00:00
LGA,2013,4,5,4,42.08,28.04,57.22,190,8.05546,,0,1014.9,10,2013-04-05 08:00:00.000000 +00:00
LGA,2013,4,5,5,42.08,28.04,57.22,190,5.7539,,0,1014.6,10,2013-04-05 09:00:00.000000 +00:00
LGA,2013,4,5,6,42.98,28.04,55.27,210,4.60312,,0,1013.9,10,2013-04-05 10:00:00.000000 +00:00
LGA,2013,4,5,7,42.98,30.92,62.16,170,3.45234,,0,1013.5,10,2013-04-05 11:00:00.000000 +00:00
LGA,2013,4,5,8,44.06,30.92,59.64,0,0,,0,1013,10,2013-04-05 12:00:00.000000 +00:00
LGA,2013,4,5,9,46.04,28.04,49.19,0,0,,0,1011.7,10,2013-04-05 13:00:00.000000 +00:00
LGA,2013,4,5,10,48.92,24.08,37.46,310,9.20624,,0,1011,10,2013-04-05 14:00:00.000000 +00:00
LGA,2013,4,5,11,51.08,26.06,37.54,320,5.7539,,0,1010,10,2013-04-05 15:00:00.000000 +00:00
LGA,2013,4,5,12,55.04,21.02,26.28,290,4.60312,,0,1008.6,10,2013-04-05 16:00:00.000000 +00:00
LGA,2013,4,5,13,59,14,16.83,0,0,,0,1007.1,10,2013-04-05 17:00:00.000000 +00:00
LGA,2013,4,5,14,60.98,17.96,18.63,330,13.80936,23.0156,0,1006.3,10,2013-04-05 18:00:00.000000 +00:00
LGA,2013,4,5,15,60.08,23,23.83,310,18.41248,24.16638,0,1005.8,10,2013-04-05 19:00:00.000000 +00:00
LGA,2013,4,5,16,60.08,23,23.83,330,20.71404,28.7695,0,1006.2,10,2013-04-05 20:00:00.000000 +00:00
LGA,2013,4,5,17,57.92,19.04,21.76,320,17.2617,,0,1007.8,10,2013-04-05 21:00:00.000000 +00:00
LGA,2013,4,5,18,57.02,15.08,18.94,330,17.2617,27.61872,0,1009,10,2013-04-05 22:00:00.000000 +00:00
LGA,2013,4,5,19,53.96,15.98,22.02,340,19.56326,26.46794,0,1010.3,10,2013-04-05 23:00:00.000000 +00:00
LGA,2013,4,5,20,51.08,17.06,25.65,330,18.41248,,0,1011.8,10,2013-04-06 00:00:00.000000 +00:00
LGA,2013,4,5,21,48.92,19.04,30.27,320,25.31716,32.22184,0,1013.5,10,2013-04-06 01:00:00.000000 +00:00
LGA,2013,4,5,22,46.04,21.02,36.7,330,16.11092,24.16638,0,1014.5,10,2013-04-06 02:00:00.000000 +00:00
LGA,2013,4,5,23,42.98,19.04,37.9,330,18.41248,26.46794,0,1015.4,10,2013-04-06 03:00:00.000000 +00:00
LGA,2013,4,6,0,42.08,19.94,40.77,320,20.71404,27.61872,0,1016.2,10,2013-04-06 04:00:00.000000 +00:00
LGA,2013,4,6,1,41,17.96,39.05,330,21.86482,32.22184,0,1016.9,10,2013-04-06 05:00:00.000000 +00:00
LGA,2013,4,6,2,39.92,15.98,37.38,320,17.2617,25.31716,0,1017.7,10,2013-04-06 06:00:00.000000 +00:00
LGA,2013,4,6,3,39.02,15.98,38.72,320,17.2617,,0,1018.6,10,2013-04-06 07:00:00.000000 +00:00
LGA,2013,4,6,4,37.94,17.96,44,320,17.2617,,0,1019.6,10,2013-04-06 08:00:00.000000 +00:00
LGA,2013,4,6,5,37.04,17.96,45.58,310,12.65858,,0,1020.8,10,2013-04-06 09:00:00.000000 +00:00
LGA,2013,4,6,6,37.04,17.96,45.58,330,14.96014,20.71404,0,1022.1,10,2013-04-06 10:00:00.000000 +00:00
LGA,2013,4,6,7,37.94,17.96,44,340,5.7539,,0,1023.2,10,2013-04-06 11:00:00.000000 +00:00
LGA,2013,4,6,8,37.94,14,37.05,10,13.80936,,0,1024.2,10,2013-04-06 12:00:00.000000 +00:00
LGA,2013,4,6,9,39.02,10.04,29.8,10,12.65858,18.41248,0,1025.2,10,2013-04-06 13:00:00.000000 +00:00
LGA,2013,4,6,10,41,6.98,24.04,350,10.35702,18.41248,0,1025.7,10,2013-04-06 14:00:00.000000 +00:00
LGA,2013,4,6,11,42.98,10.04,25.57,310,10.35702,,0,1025.8,10,2013-04-06 15:00:00.000000 +00:00
LGA,2013,4,6,12,46.04,8.96,21.68,340,9.20624,,0,1025.5,10,2013-04-06 16:00:00.000000 +00:00
LGA,2013,4,6,13,46.04,8.06,20.82,320,6.90468,,0,1025.3,10,2013-04-06 17:00:00.000000 +00:00
LGA,2013,4,6,14,48.92,3.92,15.47,290,8.05546,,0,1024.8,10,2013-04-06 18:00:00.000000 +00:00
LGA,2013,4,6,15,50,1.04,13,0,0,,0,1024.4,10,2013-04-06 19:00:00.000000 +00:00
LGA,2013,4,6,16,51.98,5,14.51,240,4.60312,,0,1024.6,10,2013-04-06 20:00:00.000000 +00:00
LGA,2013,4,6,17,48.92,14,24.33,200,14.96014,,0,1025,10,2013-04-06 21:00:00.000000 +00:00
LGA,2013,4,6,18,46.04,24.08,41.74,190,14.96014,,0,1025.6,10,2013-04-06 22:00:00.000000 +00:00
LGA,2013,4,6,19,44.06,24.98,46.73,170,11.5078,,0,1025.8,10,2013-04-06 23:00:00.000000 +00:00
LGA,2013,4,6,20,42.98,26.96,52.87,180,11.5078,,0,1026.2,10,2013-04-07 00:00:00.000000 +00:00
LGA,2013,4,6,21,42.08,28.94,59.36,170,10.35702,,0,1026.3,10,2013-04-07 01:00:00.000000 +00:00
LGA,2013,4,6,22,42.08,28.94,59.36,170,10.35702,,0,1026.5,10,2013-04-07 02:00:00.000000 +00:00
LGA,2013,4,6,23,42.08,28.04,57.22,180,5.7539,,0,1026.2,10,2013-04-07 03:00:00.000000 +00:00
LGA,2013,4,7,0,42.08,28.94,59.36,180,6.90468,,0,1026.1,10,2013-04-07 04:00:00.000000 +00:00
LGA,2013,4,7,1,41,26.96,57.06,200,6.90468,,0,1026,10,2013-04-07 05:00:00.000000 +00:00
LGA,2013,4,7,2,41,26.96,57.06,200,9.20624,,0,1025.6,10,2013-04-07 06:00:00.000000 +00:00
LGA,2013,4,7,3,41,28.04,59.65,210,8.05546,,0,1025.5,10,2013-04-07 07:00:00.000000 +00:00
LGA,2013,4,7,4,41,28.94,61.89,220,8.05546,,0,1025.3,10,2013-04-07 08:00:00.000000 +00:00
LGA,2013,4,7,5,42.08,26.96,54.73,210,10.35702,,0,1025.3,10,2013-04-07 09:00:00.000000 +00:00
LGA,2013,4,7,6,42.98,23,44.83,210,10.35702,,0,1025.5,10,2013-04-07 10:00:00.000000 +00:00
LGA,2013,4,7,7,44.06,21.92,41.1,220,9.20624,,0,1025.4,10,2013-04-07 11:00:00.000000 +00:00
LGA,2013,4,7,8,46.04,21.92,38.12,190,10.35702,19.56326,0,1025.2,10,2013-04-07 12:00:00.000000 +00:00
LGA,2013,4,7,9,46.94,28.94,49.33,170,17.2617,23.0156,0,1024.7,10,2013-04-07 13:00:00.000000 +00:00
LGA,2013,4,7,10,50,32,49.81,170,21.86482,28.7695,0,1024,10,2013-04-07 14:00:00.000000 +00:00
LGA,2013,4,7,11,51.98,33.08,48.34,170,19.56326,23.0156,0,1023.1,10,2013-04-07 15:00:00.000000 +00:00
LGA,2013,4,7,12,53.06,35.06,50.28,170,21.86482,27.61872,0,1021.3,10,2013-04-07 16:00:00.000000 +00:00
LGA,2013,4,7,13,53.96,37.04,52.61,170,21.86482,,0,1020.5,10,2013-04-07 17:00:00.000000 +00:00
LGA,2013,4,7,14,53.96,37.94,54.51,170,21.86482,28.7695,0,1019.4,10,2013-04-07 18:00:00.000000 +00:00
LGA,2013,4,7,15,51.08,37.94,60.6,180,24.16638,35.67418,0,1017.9,10,2013-04-07 19:00:00.000000 +00:00
LGA,2013,4,7,16,51.08,39.92,65.48,170,21.86482,37.97574,0,1016.8,10,2013-04-07 20:00:00.000000 +00:00
LGA,2013,4,7,17,51.08,41,68.28,160,28.7695,35.67418,0,1015.4,10,2013-04-07 21:00:00.000000 +00:00
LGA,2013,4,7,18,50,41,71.07,180,14.96014,21.86482,0,1016.5,10,2013-04-07 22:00:00.000000 +00:00
LGA,2013,4,7,19,50,42.08,74.1,180,12.65858,,0,1016.8,10,2013-04-07 23:00:00.000000 +00:00
LGA,2013,4,7,20,50,42.08,74.1,170,13.80936,,0,1017,10,2013-04-08 00:00:00.000000 +00:00
LGA,2013,4,7,21,50,42.08,74.1,170,5.7539,,0,1017.1,10,2013-04-08 01:00:00.000000 +00:00
LGA,2013,4,7,22,50,42.08,74.1,170,6.90468,,0,1016.7,10,2013-04-08 02:00:00.000000 +00:00
LGA,2013,4,7,23,50,41,71.07,130,4.60312,,0,1016.1,10,2013-04-08 03:00:00.000000 +00:00
LGA,2013,4,8,0,48.92,42.08,77.14,140,6.90468,,0,1015.8,10,2013-04-08 04:00:00.000000 +00:00
LGA,2013,4,8,1,48.92,42.08,77.14,130,4.60312,,0,1015.3,10,2013-04-08 05:00:00.000000 +00:00
LGA,2013,4,8,2,48.92,42.08,77.14,180,3.45234,,0,1015,10,2013-04-08 06:00:00.000000 +00:00
LGA,2013,4,8,3,46.94,42.08,83.09,70,5.7539,,0,1015.3,10,2013-04-08 07:00:00.000000 +00:00
LGA,2013,4,8,4,48.02,42.08,79.79,0,0,,0,1015.3,10,2013-04-08 08:00:00.000000 +00:00
LGA,2013,4,8,5,51.98,42.08,68.86,0,0,,0,1015.6,10,2013-04-08 09:00:00.000000 +00:00
LGA,2013,4,8,6,50,42.08,74.1,0,0,,0,1016.6,10,2013-04-08 10:00:00.000000 +00:00
LGA,2013,4,8,7,50,42.08,74.1,60,3.45234,,0,1017.4,10,2013-04-08 11:00:00.000000 +00:00
LGA,2013,4,8,8,53.96,42.98,66.28,40,4.60312,,0,1017.5,10,2013-04-08 12:00:00.000000 +00:00
LGA,2013,4,8,9,53.96,42.98,66.28,60,5.7539,,0,1018.3,10,2013-04-08 13:00:00.000000 +00:00
LGA,2013,4,8,10,59,39.92,49.08,50,6.90468,,0,1018.2,10,2013-04-08 14:00:00.000000 +00:00
LGA,2013,4,8,11,62.96,39.02,41.18,330,3.45234,,0,1018.2,10,2013-04-08 15:00:00.000000 +00:00
LGA,2013,4,8,12,66.02,37.94,35.47,30,4.60312,,0,1017.8,10,2013-04-08 16:00:00.000000 +00:00
LGA,2013,4,8,13,69.98,37.04,29.87,0,0,,0,1017,10,2013-04-08 17:00:00.000000 +00:00
LGA,2013,4,8,14,71.06,39.02,31.12,120,10.35702,,0,1016.3,10,2013-04-08 18:00:00.000000 +00:00
LGA,2013,4,8,15,69.98,39.02,32.29,180,11.5078,,0,1015.9,10,2013-04-08 19:00:00.000000 +00:00
LGA,2013,4,8,16,66.92,39.92,37.15,180,12.65858,,0,1016.1,10,2013-04-08 20:00:00.000000 +00:00
LGA,2013,4,8,17,62.96,39.92,42.65,190,12.65858,,0,1016.3,10,2013-04-08 21:00:00.000000 +00:00
LGA,2013,4,8,18,62.06,39.92,44.02,160,11.5078,,0,1016.1,10,2013-04-08 22:00:00.000000 +00:00
LGA,2013,4,8,19,60.08,41,49.25,170,8.05546,,0,1016.6,10,2013-04-08 23:00:00.000000 +00:00
LGA,2013,4,8,20,57.92,42.98,57.42,170,9.20624,,0,1016.7,10,2013-04-09 00:00:00.000000 +00:00
LGA,2013,4,8,21,57.02,44.96,63.97,160,9.20624,,0,1016.7,10,2013-04-09 01:00:00.000000 +00:00
LGA,2013,4,8,22,55.04,44.96,68.73,190,3.45234,,0,1016.5,10,2013-04-09 02:00:00.000000 +00:00
LGA,2013,4,8,23,53.96,46.04,74.48,150,6.90468,,0,1015.9,10,2013-04-09 03:00:00.000000 +00:00
LGA,2013,4,9,0,51.98,46.04,80.1,130,4.60312,,0,1015.5,10,2013-04-09 04:00:00.000000 +00:00
LGA,2013,4,9,1,51.98,46.04,80.1,120,5.7539,,0,1014.6,10,2013-04-09 05:00:00.000000 +00:00
LGA,2013,4,9,2,51.08,44.96,79.48,60,3.45234,,0,1014.2,10,2013-04-09 06:00:00.000000 +00:00
LGA,2013,4,9,3,50,46.04,86.19,70,5.7539,,0.01,1013.8,9,2013-04-09 07:00:00.000000 +00:00
LGA,2013,4,9,4,48.92,44.96,86.13,60,3.45234,,0,1013.5,7,2013-04-09 08:00:00.000000 +00:00
LGA,2013,4,9,5,46.94,44.06,89.65,30,3.45234,,0,1013.6,7,2013-04-09 09:00:00.000000 +00:00
LGA,2013,4,9,6,48.92,44.96,86.13,60,4.60312,,0,1014.1,6,2013-04-09 10:00:00.000000 +00:00
LGA,2013,4,9,7,51.08,44.96,79.48,0,0,,0,1014.3,7,2013-04-09 11:00:00.000000 +00:00
LGA,2013,4,9,8,60.98,48.02,62.33,30,3.45234,,0,1014,9,2013-04-09 12:00:00.000000 +00:00
LGA,2013,4,9,9,71.96,48.02,42.6,260,13.80936,21.86482,0,1013.6,10,2013-04-09 13:00:00.000000 +00:00
LGA,2013,4,9,10,75.02,44.06,33.08,280,24.16638,34.5234,0,1013.5,10,2013-04-09 14:00:00.000000 +00:00
LGA,2013,4,9,11,75.92,41,28.54,300,17.2617,25.31716,0,1013.8,10,2013-04-09 15:00:00.000000 +00:00
LGA,2013,4,9,12,77,39.02,25.49,300,19.56326,28.7695,0,1013.7,10,2013-04-09 16:00:00.000000 +00:00
LGA,2013,4,9,13,78.08,39.02,24.6,280,10.35702,26.46794,0,1013.6,10,2013-04-09 17:00:00.000000 +00:00
LGA,2013,4,9,14,80.06,37.94,22.1,310,12.65858,,0,1013.2,10,2013-04-09 18:00:00.000000 +00:00
LGA,2013,4,9,15,78.98,33.08,18.88,310,13.80936,,0,1013,10,2013-04-09 19:00:00.000000 +00:00
LGA,2013,4,9,16,78.98,30.92,17.3,340,12.65858,18.41248,0,1012.7,10,2013-04-09 20:00:00.000000 +00:00
LGA,2013,4,9,17,78.98,30.02,16.68,320,11.5078,,0,1013.1,10,2013-04-09 21:00:00.000000 +00:00
LGA,2013,4,9,18,77,32,19.3,10,5.7539,,0,1013.5,10,2013-04-09 22:00:00.000000 +00:00
LGA,2013,4,9,19,71.06,35.06,26.62,60,4.60312,,0,1013.8,10,2013-04-09 23:00:00.000000 +00:00
LGA,2013,4,9,20,75.92,35.96,23.43,80,9.20624,,0,1014.2,10,2013-04-10 00:00:00.000000 +00:00
LGA,2013,4,9,21,71.96,37.04,27.93,70,6.90468,,0,1015,10,2013-04-10 01:00:00.000000 +00:00
LGA,2013,4,9,22,64.04,39.02,39.65,60,5.7539,,0,1013,10,2013-04-10 02:00:00.000000 +00:00
LGA,2013,4,9,23,64.94,42.08,43.26,150,6.90468,,0,1012.2,10,2013-04-10 03:00:00.000000 +00:00
LGA,2013,4,10,0,64.94,44.06,46.67,160,4.60312,,0,1011.7,10,2013-04-10 04:00:00.000000 +00:00
LGA,2013,4,10,1,60.98,44.06,53.65,30,4.60312,,0,1011,10,2013-04-10 05:00:00.000000 +00:00
LGA,2013,4,10,2,66.92,48.02,50.62,180,8.05546,,0,1009.4,10,2013-04-10 06:00:00.000000 +00:00
LGA,2013,4,10,3,57.92,42.98,57.42,50,8.05546,,0,1011.1,10,2013-04-10 07:00:00.000000 +00:00
LGA,2013,4,10,4,57.02,42.08,57.29,100,4.60312,,0,1011.3,10,2013-04-10 08:00:00.000000 +00:00
LGA,2013,4,10,5,55.04,42.98,63.72,50,8.05546,,0,1012.1,10,2013-04-10 09:00:00.000000 +00:00
LGA,2013,4,10,6,53.06,44.06,71.4,40,5.7539,,0,1012.6,10,2013-04-10 10:00:00.000000 +00:00
LGA,2013,4,10,7,55.04,44.96,68.73,30,3.45234,,0,1013.8,10,2013-04-10 11:00:00.000000 +00:00
LGA,2013,4,10,8,55.94,44.96,66.52,90,8.05546,,0,1013.6,10,2013-04-10 12:00:00.000000 +00:00
LGA,2013,4,10,9,57.02,46.04,66.65,70,8.05546,,0,1013.7,10,2013-04-10 13:00:00.000000 +00:00
LGA,2013,4,10,10,59,46.04,62.07,50,9.20624,,0,1013.6,10,2013-04-10 14:00:00.000000 +00:00
LGA,2013,4,10,11,60.98,46.04,57.84,50,10.35702,,0,1013.6,10,2013-04-10 15:00:00.000000 +00:00
LGA,2013,4,10,12,64.04,46.04,51.93,50,9.20624,,0,1013.4,10,2013-04-10 16:00:00.000000 +00:00
LGA,2013,4,10,13,66.92,48.02,50.62,50,9.20624,,0,1013,10,2013-04-10 17:00:00.000000 +00:00
LGA,2013,4,10,14,69.08,48.92,48.6,50,10.35702,,0,1012.5,10,2013-04-10 18:00:00.000000 +00:00
LGA,2013,4,10,15,69.08,50,50.6,,5.7539,,0,1011.4,10,2013-04-10 19:00:00.000000 +00:00
LGA,2013,4,10,16,66.02,46.94,50.14,120,11.5078,,0,1011.7,10,2013-04-10 20:00:00.000000 +00:00
LGA,2013,4,10,17,62.06,46.04,55.68,150,16.11092,25.31716,0,1010.6,10,2013-04-10 21:00:00.000000 +00:00
LGA,2013,4,10,18,59,46.04,62.07,160,9.20624,,0,1010.3,10,2013-04-10 22:00:00.000000 +00:00
LGA,2013,4,10,19,60.08,53.06,77.59,310,33.37262,,0.14,,7,2013-04-10 23:00:00.000000 +00:00
LGA,2013,4,10,20,60.8,53.6,77.59,,11.5078,,0.02,,10,2013-04-11 00:00:00.000000 +00:00
LGA,2013,4,10,21,60.8,51.98,77.49,150,5.7539,,0,,10,2013-04-11 01:00:00.000000 +00:00
LGA,2013,4,10,22,57.92,53.96,86.63,,3.45234,,0.17,1012.2,4,2013-04-11 02:00:00.000000 +00:00
LGA,2013,4,10,23,60.8,55.4,86.69,160,8.05546,,0.07,,7,2013-04-11 03:00:00.000000 +00:00
LGA,2013,4,11,0,59,55.94,89.57,220,10.35702,,0.01,1010.6,5,2013-04-11 04:00:00.000000 +00:00
LGA,2013,4,11,1,59,55.94,89.57,200,3.45234,,0,1010.2,5,2013-04-11 05:00:00.000000 +00:00
LGA,2013,4,11,2,57.92,55.4,93.69,200,6.90468,,0,,5,2013-04-11 06:00:00.000000 +00:00
LGA,2013,4,11,3,55.04,53.06,93.02,0,0,,0,1009.4,3,2013-04-11 07:00:00.000000 +00:00
LGA,2013,4,11,4,55.94,53.96,93.65,360,5.7539,,0,,2,2013-04-11 08:00:00.000000 +00:00
LGA,2013,4,11,5,55.94,51.8,87.65,350,10.35702,,0,,10,2013-04-11 09:00:00.000000 +00:00
LGA,2013,4,11,6,55.4,48.92,83,360,6.90468,,0,,10,2013-04-11 10:00:00.000000 +00:00
LGA,2013,4,11,7,53.96,46.94,77.06,360,9.20624,,0,,10,2013-04-11 11:00:00.000000 +00:00
LGA,2013,4,11,8,53.06,46.04,76.98,360,9.20624,,0,1013.7,10,2013-04-11 12:00:00.000000 +00:00
LGA,2013,4,11,9,55.04,44.96,68.73,40,11.5078,,0,1014.1,10,2013-04-11 13:00:00.000000 +00:00
LGA,2013,4,11,10,53.96,46.04,74.48,60,11.5078,,0,1014.6,10,2013-04-11 14:00:00.000000 +00:00
LGA,2013,4,11,11,55.94,46.94,71.7,60,9.20624,,0,1014.5,10,2013-04-11 15:00:00.000000 +00:00
LGA,2013,4,11,12,57.92,46.04,64.52,50,6.90468,,0,1014.5,10,2013-04-11 16:00:00.000000 +00:00
LGA,2013,4,11,13,59,46.04,62.07,50,8.05546,,0,1014.7,10,2013-04-11 17:00:00.000000 +00:00
LGA,2013,4,11,14,59,46.04,62.07,40,6.90468,,0,1014.4,10,2013-04-11 18:00:00.000000 +00:00
LGA,2013,4,11,15,59,46.04,62.07,40,8.05546,,0,1014.2,10,2013-04-11 19:00:00.000000 +00:00
LGA,2013,4,11,16,57.92,46.94,66.75,130,10.35702,,0,1014,10,2013-04-11 20:00:00.000000 +00:00
LGA,2013,4,11,17,53.06,44.96,73.89,150,14.96014,,0,1015.1,10,2013-04-11 21:00:00.000000 +00:00
LGA,2013,4,11,18,51.08,42.98,73.69,130,13.80936,,0,1015.8,10,2013-04-11 22:00:00.000000 +00:00
LGA,2013,4,11,19,50,42.08,74.1,120,18.41248,,0,1015.8,10,2013-04-11 23:00:00.000000 +00:00
LGA,2013,4,11,20,51.08,39.2,70.88,140,14.96014,,0,,10,2013-04-12 00:00:00.000000 +00:00
LGA,2013,4,11,21,48.92,39.02,68.51,80,12.65858,,0,1017.2,10,2013-04-12 01:00:00.000000 +00:00
LGA,2013,4,11,22,48.2,39.2,70.88,80,14.96014,,0,,10,2013-04-12 02:00:00.000000 +00:00
LGA,2013,4,11,23,48.2,39.2,73.79,50,12.65858,,0,,10,2013-04-12 03:00:00.000000 +00:00
LGA,2013,4,12,0,46.94,39.02,73.79,50,14.96014,,0,1016.4,10,2013-04-12 04:00:00.000000 +00:00
LGA,2013,4,12,1,46.04,39.02,76.35,60,14.96014,,0,1016.2,10,2013-04-12 05:00:00.000000 +00:00
LGA,2013,4,12,2,46.4,39.2,76.35,60,12.65858,,0,,10,2013-04-12 06:00:00.000000 +00:00
LGA,2013,4,12,3,46.94,37.94,70.74,90,21.86482,,0,1015.7,10,2013-04-12 07:00:00.000000 +00:00
LGA,2013,4,12,4,44.96,41,85.9,90,17.2617,,0,,6,2013-04-12 08:00:00.000000 +00:00
LGA,2013,4,12,5,44.6,39.2,81.2,80,20.71404,,0,,10,2013-04-12 09:00:00.000000 +00:00
LGA,2013,4,12,6,44.96,35.96,70.52,90,20.71404,27.61872,0,1014.1,10,2013-04-12 10:00:00.000000 +00:00
LGA,2013,4,12,7,44.06,35.96,72.98,80,18.41248,27.61872,0.01,1013.1,10,2013-04-12 11:00:00.000000 +00:00
LGA,2013,4,12,8,42.98,37.4,81.07,80,21.86482,31.07106,0.01,,7,2013-04-12 12:00:00.000000 +00:00
LGA,2013,4,12,9,42.8,39.2,86.99,80,16.11092,,0.22,,3,2013-04-12 13:00:00.000000 +00:00
LGA,2013,4,12,10,42.8,37.94,85.13,80,19.56326,25.31716,0.11,,5,2013-04-12 14:00:00.000000 +00:00
LGA,2013,4,12,11,42.98,37.94,82.24,60,19.56326,26.46794,0.08,1011.9,7,2013-04-12 15:00:00.000000 +00:00
LGA,2013,4,12,12,42.98,39.02,85.79,70,14.96014,,0.04,1009.7,10,2013-04-12 16:00:00.000000 +00:00
LGA,2013,4,12,13,42.98,39.02,85.79,50,17.2617,,0,1009.1,10,2013-04-12 17:00:00.000000 +00:00
LGA,2013,4,12,14,42.98,39.2,86.99,50,23.0156,,0.06,,5,2013-04-12 18:00:00.000000 +00:00
LGA,2013,4,12,15,42.98,39.2,86.99,50,23.0156,,0.01,,2,2013-04-12 19:00:00.000000 +00:00
LGA,2013,4,12,16,42.98,39.2,86.99,50,25.31716,31.07106,0,,7,2013-04-12 20:00:00.000000 +00:00
LGA,2013,4,12,17,42.98,39.02,85.79,50,19.56326,28.7695,0,1007.2,7,2013-04-12 21:00:00.000000 +00:00
LGA,2013,4,12,18,42.98,39.02,85.79,50,19.56326,29.92028,0,1006.9,4,2013-04-12 22:00:00.000000 +00:00
LGA,2013,4,12,19,42.98,39.92,88.85,50,18.41248,,0,1006.4,6,2013-04-12 23:00:00.000000 +00:00
LGA,2013,4,12,20,44.06,39.92,85.25,50,17.2617,,0,1006.6,7,2013-04-13 00:00:00.000000 +00:00
LGA,2013,4,12,21,42.98,39.02,85.79,30,12.65858,,0,1006.8,7,2013-04-13 01:00:00.000000 +00:00
LGA,2013,4,12,22,42.98,39.92,88.85,30,6.90468,,0,1007.3,10,2013-04-13 02:00:00.000000 +00:00
LGA,2013,4,12,23,42.98,39.92,88.85,40,9.20624,,0,1007.2,10,2013-04-13 03:00:00.000000 +00:00
LGA,2013,4,13,0,42.08,37.94,85.13,360,10.35702,,0.03,1007.6,10,2013-04-13 04:00:00.000000 +00:00
LGA,2013,4,13,1,42.8,37.4,82.17,360,10.35702,,0.01,,10,2013-04-13 05:00:00.000000 +00:00
LGA,2013,4,13,2,42.08,37.04,82.17,350,10.35702,,0,1008.7,10,2013-04-13 06:00:00.000000 +00:00
LGA,2013,4,13,3,42.08,37.04,82.17,350,11.5078,,0,1009.5,10,2013-04-13 07:00:00.000000 +00:00
LGA,2013,4,13,4,42.8,37.4,82.17,350,10.35702,,0,,10,2013-04-13 08:00:00.000000 +00:00
LGA,2013,4,13,5,42.8,35.96,78.74,20,6.90468,,0,,10,2013-04-13 09:00:00.000000 +00:00
LGA,2013,4,13,6,42.08,35.96,78.74,350,6.90468,,0,1010.8,10,2013-04-13 10:00:00.000000 +00:00
LGA,2013,4,13,7,42.98,35.96,76.06,350,4.60312,,0,1011.2,10,2013-04-13 11:00:00.000000 +00:00
LGA,2013,4,13,8,44.96,37.04,73.59,340,3.45234,,0,1011.8,10,2013-04-13 12:00:00.000000 +00:00
LGA,2013,4,13,9,48.02,37.04,65.56,0,0,,0,1012.2,10,2013-04-13 13:00:00.000000 +00:00
LGA,2013,4,13,10,48.02,35.96,62.82,310,6.90468,,0,1012.8,10,2013-04-13 14:00:00.000000 +00:00
LGA,2013,4,13,11,50,30.92,47.68,300,6.90468,,0,1012.5,10,2013-04-13 15:00:00.000000 +00:00
LGA,2013,4,13,12,51.08,32,47.85,330,4.60312,,0,1011.8,10,2013-04-13 16:00:00.000000 +00:00
LGA,2013,4,13,13,53.96,30.02,39.72,,3.45234,,0,1011.5,10,2013-04-13 17:00:00.000000 +00:00
LGA,2013,4,13,14,55.94,30.92,38.34,250,9.20624,,0,1011.1,10,2013-04-13 18:00:00.000000 +00:00
LGA,2013,4,13,15,55.94,30.92,38.34,230,8.05546,,0,1011.3,10,2013-04-13 19:00:00.000000 +00:00
LGA,2013,4,13,16,53.96,35.96,50.42,170,11.5078,19.56326,0,1011,10,2013-04-13 20:00:00.000000 +00:00
LGA,2013,4,13,17,53.06,35.96,52.11,180,11.5078,20.71404,0,1011.8,10,2013-04-13 21:00:00.000000 +00:00
LGA,2013,4,13,18,51.08,37.94,60.6,190,11.5078,,0,1012.4,10,2013-04-13 22:00:00.000000 +00:00
LGA,2013,4,13,19,50,37.04,60.89,180,10.35702,,0,1012.7,10,2013-04-13 23:00:00.000000 +00:00
LGA,2013,4,13,20,48.92,37.94,65.67,180,8.05546,,0,1013.6,10,2013-04-14 00:00:00.000000 +00:00
LGA,2013,4,13,21,48.92,39.02,68.51,0,0,,0,1014.3,10,2013-04-14 01:00:00.000000 +00:00
LGA,2013,4,13,22,48.92,39.92,70.95,180,5.7539,,0,1014.8,10,2013-04-14 02:00:00.000000 +00:00
LGA,2013,4,13,23,48.92,41,73.99,180,5.7539,,0,1014.8,10,2013-04-14 03:00:00.000000 +00:00
LGA,2013,4,14,0,50,42.98,76.71,0,0,,0,1015.4,10,2013-04-14 04:00:00.000000 +00:00
LGA,2013,4,14,1,50,42.98,76.71,190,5.7539,,0,1015.3,10,2013-04-14 05:00:00.000000 +00:00
LGA,2013,4,14,2,50,42.08,74.1,200,4.60312,,0,1014.8,10,2013-04-14 06:00:00.000000 +00:00
LGA,2013,4,14,3,51.08,39.92,65.48,200,5.7539,,0,1014.6,10,2013-04-14 07:00:00.000000 +00:00
LGA,2013,4,14,4,51.08,39.02,63.22,200,5.7539,,0,1015.1,10,2013-04-14 08:00:00.000000 +00:00
LGA,2013,4,14,5,50,37.94,63.08,200,5.7539,,0,1015.2,10,2013-04-14 09:00:00.000000 +00:00
LGA,2013,4,14,6,51.08,33.08,49.97,250,8.05546,,0,1016.2,10,2013-04-14 10:00:00.000000 +00:00
LGA,2013,4,14,7,53.06,30.02,41.05,260,13.80936,,0,1016.5,10,2013-04-14 11:00:00.000000 +00:00
LGA,2013,4,14,8,51.98,30.02,42.72,270,17.2617,,0,1016.9,10,2013-04-14 12:00:00.000000 +00:00
LGA,2013,4,14,9,51.08,33.08,49.97,330,11.5078,,0,1017.2,10,2013-04-14 13:00:00.000000 +00:00
LGA,2013,4,14,10,51.98,32,46.28,320,17.2617,26.46794,0,1017.4,10,2013-04-14 14:00:00.000000 +00:00
LGA,2013,4,14,11,53.96,26.06,33.76,280,14.96014,23.0156,0,1018.1,10,2013-04-14 15:00:00.000000 +00:00
LGA,2013,4,14,12,53.96,26.06,33.76,320,13.80936,28.7695,0,1017.8,10,2013-04-14 16:00:00.000000 +00:00
LGA,2013,4,14,13,55.04,24.98,31.03,320,10.35702,25.31716,0,1017.9,10,2013-04-14 17:00:00.000000 +00:00
LGA,2013,4,14,14,55.04,24.98,31.03,330,18.41248,27.61872,0,1018.1,10,2013-04-14 18:00:00.000000 +00:00
LGA,2013,4,14,15,55.04,24.98,31.03,330,14.96014,29.92028,0,1018,10,2013-04-14 19:00:00.000000 +00:00
LGA,2013,4,14,16,55.04,24.08,29.89,330,14.96014,24.16638,0,1018.5,10,2013-04-14 20:00:00.000000 +00:00
LGA,2013,4,14,17,55.04,24.98,31.03,340,12.65858,20.71404,0,1018.9,10,2013-04-14 21:00:00.000000 +00:00
LGA,2013,4,14,18,53.06,26.06,34.89,10,9.20624,,0,1019.8,10,2013-04-14 22:00:00.000000 +00:00
LGA,2013,4,14,19,53.06,26.06,34.89,350,9.20624,,0,1020.9,10,2013-04-14 23:00:00.000000 +00:00
LGA,2013,4,14,20,51.98,26.96,37.68,30,8.05546,,0,1021.8,10,2013-04-15 00:00:00.000000 +00:00
LGA,2013,4,14,21,50,28.94,43.99,60,8.05546,,0,1022.4,10,2013-04-15 01:00:00.000000 +00:00
LGA,2013,4,14,22,48.92,30.02,47.86,50,8.05546,,0,1023,10,2013-04-15 02:00:00.000000 +00:00
LGA,2013,4,14,23,48.02,26.96,43.67,60,9.20624,,0,1023.4,10,2013-04-15 03:00:00.000000 +00:00
LGA,2013,4,15,0,46.94,28.04,47.54,70,8.05546,,0,1024.2,10,2013-04-15 04:00:00.000000 +00:00
LGA,2013,4,15,1,46.04,26.06,45.33,70,8.05546,,0,1023.6,10,2013-04-15 05:00:00.000000 +00:00
LGA,2013,4,15,2,46.04,26.06,45.33,60,8.05546,,0,1023.7,10,2013-04-15 06:00:00.000000 +00:00
LGA,2013,4,15,3,44.96,26.96,49.02,60,5.7539,,0,1024.3,10,2013-04-15 07:00:00.000000 +00:00
LGA,2013,4,15,4,44.96,26.96,49.02,0,0,,0,1025.6,10,2013-04-15 08:00:00.000000 +00:00
LGA,2013,4,15,5,44.96,28.04,51.24,60,4.60312,,0,1026,10,2013-04-15 09:00:00.000000 +00:00
LGA,2013,4,15,6,44.96,28.94,53.17,50,5.7539,,0,1026.6,10,2013-04-15 10:00:00.000000 +00:00
LGA,2013,4,15,7,44.96,30.92,57.63,50,4.60312,,0,1027.8,10,2013-04-15 11:00:00.000000 +00:00
LGA,2013,4,15,8,46.04,30.92,55.32,50,6.90468,,0,1028.4,10,2013-04-15 12:00:00.000000 +00:00
LGA,2013,4,15,9,48.02,30.92,51.34,50,10.35702,,0,1028.2,10,2013-04-15 13:00:00.000000 +00:00
LGA,2013,4,15,10,48.02,32,53.63,40,9.20624,,0,1027.8,10,2013-04-15 14:00:00.000000 +00:00
LGA,2013,4,15,11,50,30.92,47.68,50,9.20624,,0,1027.6,10,2013-04-15 15:00:00.000000 +00:00
LGA,2013,4,15,12,51.08,33.08,49.97,40,13.80936,,0,1027.1,10,2013-04-15 16:00:00.000000 +00:00
LGA,2013,4,15,13,51.98,33.08,48.34,40,14.96014,,0,1026.9,10,2013-04-15 17:00:00.000000 +00:00
LGA,2013,4,15,14,55.04,30.92,39.61,,6.90468,,0,1027,10,2013-04-15 18:00:00.000000 +00:00
LGA,2013,4,15,15,55.94,28.94,35.37,140,11.5078,20.71404,0,1026.6,10,2013-04-15 19:00:00.000000 +00:00
LGA,2013,4,15,16,55.04,26.96,33.69,140,12.65858,17.2617,0,1026,10,2013-04-15 20:00:00.000000 +00:00
LGA,2013,4,15,17,53.96,28.04,36.63,160,9.20624,,0,1026.9,10,2013-04-15 21:00:00.000000 +00:00
LGA,2013,4,15,18,53.06,32,44.48,,4.60312,,0,1027.1,10,2013-04-15 22:00:00.000000 +00:00
LGA,2013,4,15,19,50,32,49.81,180,8.05546,,0,1027.8,10,2013-04-15 23:00:00.000000 +00:00
LGA,2013,4,15,20,50,33.08,52.02,180,8.05546,,0,1028.2,10,2013-04-16 00:00:00.000000 +00:00
LGA,2013,4,15,21,48.92,37.04,63.39,160,5.7539,,0,1028.5,10,2013-04-16 01:00:00.000000 +00:00
LGA,2013,4,15,22,48.02,39.02,70.86,150,9.20624,,0,1028.7,10,2013-04-16 02:00:00.000000 +00:00
LGA,2013,4,15,23,48.02,37.94,67.92,140,6.90468,,0,1028.6,10,2013-04-16 03:00:00.000000 +00:00
LGA,2013,4,16,0,48.02,33.98,58.07,130,6.90468,,0,1028.3,10,2013-04-16 04:00:00.000000 +00:00
LGA,2013,4,16,1,48.02,37.04,65.56,120,5.7539,,0,1028,10,2013-04-16 05:00:00.000000 +00:00
LGA,2013,4,16,2,48.02,37.94,67.92,130,3.45234,,0,1027.8,10,2013-04-16 06:00:00.000000 +00:00
LGA,2013,4,16,3,48.92,39.02,68.51,110,3.45234,,0,1027.9,10,2013-04-16 07:00:00.000000 +00:00
LGA,2013,4,16,4,46.94,39.02,73.79,70,6.90468,,0,1027.7,10,2013-04-16 08:00:00.000000 +00:00
LGA,2013,4,16,5,46.94,41,79.7,50,6.90468,,0,1027.7,10,2013-04-16 09:00:00.000000 +00:00
LGA,2013,4,16,6,46.94,41,79.7,50,6.90468,,0,1027.9,10,2013-04-16 10:00:00.000000 +00:00
LGA,2013,4,16,7,48.92,42.08,77.14,50,4.60312,,0,1028,10,2013-04-16 11:00:00.000000 +00:00
LGA,2013,4,16,8,53.96,44.06,69.08,160,9.20624,,0,1027.5,10,2013-04-16 12:00:00.000000 +00:00
LGA,2013,4,16,9,57.92,44.96,61.93,150,13.80936,,0,1027.8,10,2013-04-16 13:00:00.000000 +00:00
LGA,2013,4,16,10,60.08,46.94,61.79,170,16.11092,,0,1027.4,10,2013-04-16 14:00:00.000000 +00:00
LGA,2013,4,16,11,60.08,46.94,61.79,170,20.71404,25.31716,0,1026.9,10,2013-04-16 15:00:00.000000 +00:00
LGA,2013,4,16,12,60.08,48.02,64.35,170,14.96014,,0,1025.9,10,2013-04-16 16:00:00.000000 +00:00
LGA,2013,4,16,13,60.08,48.92,66.56,180,23.0156,31.07106,0,1025.2,10,2013-04-16 17:00:00.000000 +00:00
LGA,2013,4,16,14,60.08,48.92,66.56,170,24.16638,32.22184,0,1024.5,10,2013-04-16 18:00:00.000000 +00:00
LGA,2013,4,16,15,59,50,72.01,180,19.56326,29.92028,0,1023.2,10,2013-04-16 19:00:00.000000 +00:00
LGA,2013,4,16,16,57.92,50,74.86,180,17.2617,24.16638,0,1022.9,10,2013-04-16 20:00:00.000000 +00:00
LGA,2013,4,16,17,59,48.92,69.17,180,17.2617,32.22184,0,1021.5,10,2013-04-16 21:00:00.000000 +00:00
LGA,2013,4,16,18,57.92,48.92,71.9,170,20.71404,26.46794,0,1019.9,10,2013-04-16 22:00:00.000000 +00:00
LGA,2013,4,16,19,59,50,72.01,180,16.11092,27.61872,0,1019.8,10,2013-04-16 23:00:00.000000 +00:00
LGA,2013,4,16,20,57.92,50,74.86,180,8.05546,,0,1020.8,10,2013-04-17 00:00:00.000000 +00:00
LGA,2013,4,16,21,57.92,50,74.86,,5.7539,,0,1021.2,10,2013-04-17 01:00:00.000000 +00:00
LGA,2013,4,16,22,55.94,50,80.4,170,9.20624,,0,1020.7,10,2013-04-17 02:00:00.000000 +00:00
LGA,2013,4,16,23,57.02,50,77.32,190,6.90468,,0,1020.6,10,2013-04-17 03:00:00.000000 +00:00
LGA,2013,4,17,0,59,51.08,74.96,200,6.90468,,0,1020,10,2013-04-17 04:00:00.000000 +00:00
LGA,2013,4,17,1,60.98,51.08,69.86,230,3.45234,,0,1019.9,10,2013-04-17 05:00:00.000000 +00:00
LGA,2013,4,17,2,62.06,51.98,69.51,250,9.20624,,0,1019.8,10,2013-04-17 06:00:00.000000 +00:00
LGA,2013,4,17,3,62.6,53.6,72.38,240,9.20624,,0,,10,2013-04-17 07:00:00.000000 +00:00
LGA,2013,4,17,4,62.96,53.96,72.42,270,9.20624,,0,1019.7,10,2013-04-17 08:00:00.000000 +00:00
LGA,2013,4,17,5,60.08,53.06,77.59,340,11.5078,,0,1019.5,10,2013-04-17 09:00:00.000000 +00:00
LGA,2013,4,17,6,57.2,53.6,87.74,360,12.65858,,0.02,,10,2013-04-17 10:00:00.000000 +00:00
LGA,2013,4,17,7,55.4,48.2,76.66,360,11.5078,,0,,10,2013-04-17 11:00:00.000000 +00:00
LGA,2013,4,17,8,55.94,44.6,66.91,360,9.20624,,0,,10,2013-04-17 12:00:00.000000 +00:00
LGA,2013,4,17,9,55.94,42.8,62.46,20,11.5078,,0,,10,2013-04-17 13:00:00.000000 +00:00
LGA,2013,4,17,10,59,41,51.18,10,6.90468,,0,1023.3,10,2013-04-17 14:00:00.000000 +00:00
LGA,2013,4,17,11,60.98,39.92,45.74,360,9.20624,,0,1022.9,10,2013-04-17 15:00:00.000000 +00:00
LGA,2013,4,17,12,64.04,37.94,38.01,340,6.90468,,0,1022.5,10,2013-04-17 16:00:00.000000 +00:00
LGA,2013,4,17,13,64.94,37.04,35.55,360,6.90468,,0,1022.4,10,2013-04-17 17:00:00.000000 +00:00
LGA,2013,4,17,14,68,37.04,31.97,350,4.60312,,0,1022.7,10,2013-04-17 18:00:00.000000 +00:00
LGA,2013,4,17,15,66.92,33.08,28.35,70,8.05546,,0,1022.3,10,2013-04-17 19:00:00.000000 +00:00
LGA,2013,4,17,16,68,32,26.15,60,10.35702,,0,1022.2,10,2013-04-17 20:00:00.000000 +00:00
LGA,2013,4,17,17,68,33.08,27.31,60,9.20624,,0,1022.8,10,2013-04-17 21:00:00.000000 +00:00
LGA,2013,4,17,18,66.92,32,27.15,70,8.05546,,0,1023.2,10,2013-04-17 22:00:00.000000 +00:00
LGA,2013,4,17,19,66.02,30.02,25.85,60,8.05546,,0,1023.6,10,2013-04-17 23:00:00.000000 +00:00
LGA,2013,4,17,20,60.98,41,47.7,190,5.7539,,0,1024.4,10,2013-04-18 00:00:00.000000 +00:00
LGA,2013,4,17,21,57.92,37.04,45.58,190,4.60312,,0,1025.3,10,2013-04-18 01:00:00.000000 +00:00
LGA,2013,4,17,22,57.92,37.04,45.58,170,3.45234,,0,1024.8,10,2013-04-18 02:00:00.000000 +00:00
LGA,2013,4,17,23,57.02,37.04,47.08,200,3.45234,,0,1025.6,10,2013-04-18 03:00:00.000000 +00:00
LGA,2013,4,18,0,55.94,37.04,48.95,170,5.7539,,0,1026.1,10,2013-04-18 04:00:00.000000 +00:00
LGA,2013,4,18,1,55.04,35.96,48.47,150,6.90468,,0,1025.8,10,2013-04-18 05:00:00.000000 +00:00
LGA,2013,4,18,2,53.96,35.96,50.42,150,5.7539,,0,1026,10,2013-04-18 06:00:00.000000 +00:00
LGA,2013,4,18,3,51.98,39.02,61.15,130,8.05546,,0,1026.5,10,2013-04-18 07:00:00.000000 +00:00
LGA,2013,4,18,4,51.08,41,68.28,90,5.7539,,0,1026.7,10,2013-04-18 08:00:00.000000 +00:00
LGA,2013,4,18,5,50,42.08,74.1,80,5.7539,,0,1026.5,10,2013-04-18 09:00:00.000000 +00:00
LGA,2013,4,18,6,50,42.98,76.71,50,8.05546,,0,1027.3,10,2013-04-18 10:00:00.000000 +00:00
LGA,2013,4,18,7,51.08,42.98,73.69,60,8.05546,,0,1027.5,10,2013-04-18 11:00:00.000000 +00:00
LGA,2013,4,18,8,57.02,37.04,47.08,130,10.35702,,0,1027.2,10,2013-04-18 12:00:00.000000 +00:00
LGA,2013,4,18,9,59,33.08,37.46,140,18.41248,24.16638,0,1027.4,10,2013-04-18 13:00:00.000000 +00:00
LGA,2013,4,18,10,57.92,35.06,42.14,130,13.80936,25.31716,0,1027.5,10,2013-04-18 14:00:00.000000 +00:00
LGA,2013,4,18,11,60.98,35.06,37.78,130,11.5078,25.31716,0,1027.3,10,2013-04-18 15:00:00.000000 +00:00
LGA,2013,4,18,12,57.92,37.04,45.58,140,16.11092,,0,1026.8,10,2013-04-18 16:00:00.000000 +00:00
LGA,2013,4,18,13,57.92,39.92,51.02,130,12.65858,21.86482,0,1026.2,10,2013-04-18 17:00:00.000000 +00:00
LGA,2013,4,18,14,57.92,42.08,55.47,130,13.80936,,0,1025.3,10,2013-04-18 18:00:00.000000 +00:00
LGA,2013,4,18,15,57.92,42.98,58.52,140,17.2617,,0,,10,2013-04-18 19:00:00.000000 +00:00
LGA,2013,4,18,16,57.02,42.98,59.31,120,13.80936,,0,1023.9,10,2013-04-18 20:00:00.000000 +00:00
LGA,2013,4,18,17,55.04,46.94,74.08,140,11.5078,,0.01,1023.4,10,2013-04-18 21:00:00.000000 +00:00
LGA,2013,4,18,18,55.04,46.94,74.08,130,11.5078,18.41248,0,1022.5,10,2013-04-18 22:00:00.000000 +00:00
LGA,2013,4,18,19,55.94,48.02,74.67,110,6.90468,,0,1022.3,10,2013-04-18 23:00:00.000000 +00:00
LGA,2013,4,18,20,57.02,48.92,74.27,130,6.90468,,0,1022,10,2013-04-19 00:00:00.000000 +00:00
LGA,2013,4,18,21,57.02,51.8,87.65,160,10.35702,,0,,10,2013-04-19 01:00:00.000000 +00:00
LGA,2013,4,18,22,57.2,51.8,87.65,180,13.80936,,0,,10,2013-04-19 02:00:00.000000 +00:00
LGA,2013,4,18,23,53.96,51.98,93.6,180,6.90468,,0,,2,2013-04-19 03:00:00.000000 +00:00
LGA,2013,4,19,0,53.96,53.6,100,190,10.35702,,0,,0,2013-04-19 04:00:00.000000 +00:00
LGA,2013,4,19,1,53.96,53.06,96.76,180,6.90468,,0,1017.7,0,2013-04-19 05:00:00.000000 +00:00
LGA,2013,4,19,2,53.96,51.98,93.6,160,6.90468,,0,,3,2013-04-19 06:00:00.000000 +00:00
LGA,2013,4,19,3,53.96,51.98,93.6,160,6.90468,,0,,0,2013-04-19 07:00:00.000000 +00:00
LGA,2013,4,19,4,55.4,53.6,93.65,180,6.90468,,0,,2,2013-04-19 08:00:00.000000 +00:00
LGA,2013,4,19,5,55.4,53.96,96.14,180,9.20624,,0,,2,2013-04-19 09:00:00.000000 +00:00
LGA,2013,4,19,6,55.94,53.96,93.05,170,6.90468,,0,1014.9,2,2013-04-19 10:00:00.000000 +00:00
LGA,2013,4,19,7,57.02,53.96,93.65,170,8.05546,,0,,2,2013-04-19 11:00:00.000000 +00:00
LGA,2013,4,19,8,60.08,55.04,83.41,190,9.20624,,0,1014.3,3,2013-04-19 12:00:00.000000 +00:00
LGA,2013,4,19,9,62.06,55.4,82.37,180,11.5078,,0,,10,2013-04-19 13:00:00.000000 +00:00
LGA,2013,4,19,10,64.04,55.04,72.53,170,17.2617,,0,1012.7,10,2013-04-19 14:00:00.000000 +00:00
LGA,2013,4,19,11,68,55.94,65.31,170,18.41248,26.46794,0,1011.6,10,2013-04-19 15:00:00.000000 +00:00
LGA,2013,4,19,12,64.94,55.04,70.28,170,19.56326,,0,1010.7,10,2013-04-19 16:00:00.000000 +00:00
LGA,2013,4,19,13,68,57.02,67.91,170,24.16638,29.92028,0,1009.6,10,2013-04-19 17:00:00.000000 +00:00
LGA,2013,4,19,14,69.98,57.92,65.54,170,20.71404,32.22184,0,1008,10,2013-04-19 18:00:00.000000 +00:00
LGA,2013,4,19,15,66.02,57.02,72.72,170,23.0156,29.92028,0,1006.8,10,2013-04-19 19:00:00.000000 +00:00
LGA,2013,4,19,16,64.4,57.2,80.34,170,27.61872,35.67418,0,,10,2013-04-19 20:00:00.000000 +00:00
LGA,2013,4,19,17,60.98,55.04,80.78,170,18.41248,24.16638,0,1006,10,2013-04-19 21:00:00.000000 +00:00
LGA,2013,4,19,18,60.98,55.04,80.78,170,13.80936,,0,1005.4,10,2013-04-19 22:00:00.000000 +00:00
LGA,2013,4,19,19,62.06,57.02,83.54,170,17.2617,25.31716,0,,2,2013-04-19 23:00:00.000000 +00:00
LGA,2013,4,19,20,60.8,57.2,89.61,170,14.96014,20.71404,0,,3,2013-04-20 00:00:00.000000 +00:00
LGA,2013,4,19,21,62.6,57.92,86.29,180,12.65858,,0,,6,2013-04-20 01:00:00.000000 +00:00
LGA,2013,4,19,22,62.96,57.92,83.6,,6.90468,18.41248,0,1005.1,10,2013-04-20 02:00:00.000000 +00:00
LGA,2013,4,19,23,62.96,59,86.9,180,8.05546,,0.01,,10,2013-04-20 03:00:00.000000 +00:00
LGA,2013,4,20,0,64.4,59,82.62,300,14.96014,,0.01,,10,2013-04-20 04:00:00.000000 +00:00
LGA,2013,4,20,1,60.8,53.6,77.14,310,18.41248,,0,,10,2013-04-20 05:00:00.000000 +00:00
LGA,2013,4,20,2,53.96,42.98,66.28,270,12.65858,21.86482,0,1006.5,10,2013-04-20 06:00:00.000000 +00:00
LGA,2013,4,20,3,51.98,44.96,76.88,280,14.96014,19.56326,0.05,1007.1,10,2013-04-20 07:00:00.000000 +00:00
LGA,2013,4,20,4,53.06,46.04,76.98,270,12.65858,21.86482,0,1007.8,10,2013-04-20 08:00:00.000000 +00:00
LGA,2013,4,20,5,51.98,42.08,68.86,280,16.11092,25.31716,0.01,1009.8,10,2013-04-20 09:00:00.000000 +00:00
LGA,2013,4,20,6,51.08,39.02,63.22,290,13.80936,,0,1011,10,2013-04-20 10:00:00.000000 +00:00
LGA,2013,4,20,7,51.98,39.02,61.15,260,13.80936,20.71404,0,1011.7,10,2013-04-20 11:00:00.000000 +00:00
LGA,2013,4,20,8,51.98,32,46.28,270,19.56326,27.61872,0,1011.7,10,2013-04-20 12:00:00.000000 +00:00
LGA,2013,4,20,9,51.98,28.04,39.4,290,20.71404,31.07106,0,1013.2,10,2013-04-20 13:00:00.000000 +00:00
LGA,2013,4,20,10,53.06,24.08,32.13,270,20.71404,28.7695,0,1014.6,10,2013-04-20 14:00:00.000000 +00:00
LGA,2013,4,20,11,51.98,24.08,33.44,280,18.41248,29.92028,0,1015.2,10,2013-04-20 15:00:00.000000 +00:00
LGA,2013,4,20,12,51.98,24.98,34.72,270,18.41248,26.46794,0,1014.9,10,2013-04-20 16:00:00.000000 +00:00
LGA,2013,4,20,13,53.96,26.96,35.04,280,18.41248,24.16638,0,1014.7,10,2013-04-20 17:00:00.000000 +00:00
LGA,2013,4,20,14,57.02,24.98,28.89,280,14.96014,,0,1014.7,10,2013-04-20 18:00:00.000000 +00:00
LGA,2013,4,20,15,57.92,23,25.74,270,20.71404,31.07106,0,1015.1,10,2013-04-20 19:00:00.000000 +00:00
LGA,2013,4,20,16,59,21.92,23.66,270,13.80936,26.46794,0,1015.9,10,2013-04-20 20:00:00.000000 +00:00
LGA,2013,4,20,17,59,21.92,23.66,270,10.35702,23.0156,0,1017,10,2013-04-20 21:00:00.000000 +00:00
LGA,2013,4,20,18,57.92,21.02,23.68,250,19.56326,23.0156,0,1017.9,10,2013-04-20 22:00:00.000000 +00:00
LGA,2013,4,20,19,55.94,21.02,25.43,260,13.80936,23.0156,0,1019.5,10,2013-04-20 23:00:00.000000 +00:00
LGA,2013,4,20,20,55.04,21.92,27.3,270,14.96014,24.16638,0,1021,10,2013-04-21 00:00:00.000000 +00:00
LGA,2013,4,20,21,53.06,24.98,33.36,330,20.71404,26.46794,0,1023,10,2013-04-21 01:00:00.000000 +00:00
LGA,2013,4,20,22,50,24.98,37.36,330,19.56326,24.16638,0,1024.1,10,2013-04-21 02:00:00.000000 +00:00
LGA,2013,4,20,23,48.02,24.98,40.22,320,20.71404,31.07106,0,1025.3,10,2013-04-21 03:00:00.000000 +00:00
LGA,2013,4,21,0,44.96,23,41.56,320,19.56326,28.7695,0,1026.6,10,2013-04-21 04:00:00.000000 +00:00
LGA,2013,4,21,1,42.98,19.94,39.38,330,17.2617,26.46794,0,1027.7,10,2013-04-21 05:00:00.000000 +00:00
LGA,2013,4,21,2,42.08,17.96,37.46,320,18.41248,26.46794,0,1028.4,10,2013-04-21 06:00:00.000000 +00:00
LGA,2013,4,21,3,39.92,19.04,42.65,330,11.5078,,0,1029.2,10,2013-04-21 07:00:00.000000 +00:00
LGA,2013,4,21,4,39.02,19.94,45.91,330,12.65858,,0,1030,10,2013-04-21 08:00:00.000000 +00:00
LGA,2013,4,21,5,39.02,19.94,45.91,340,9.20624,,0,1031.1,10,2013-04-21 09:00:00.000000 +00:00
LGA,2013,4,21,6,39.02,21.02,48.07,350,13.80936,19.56326,0,1032.3,10,2013-04-21 10:00:00.000000 +00:00
LGA,2013,4,21,7,39.92,21.02,46.41,360,12.65858,,0,1033.5,10,2013-04-21 11:00:00.000000 +00:00
LGA,2013,4,21,8,41,19.94,42.51,360,11.5078,,0,1034.1,10,2013-04-21 12:00:00.000000 +00:00
LGA,2013,4,21,9,42.98,21.02,41.24,20,10.35702,,0,1034.8,10,2013-04-21 13:00:00.000000 +00:00
LGA,2013,4,21,10,44.06,19.04,36.36,340,11.5078,18.41248,0,1035.3,10,2013-04-21 14:00:00.000000 +00:00
LGA,2013,4,21,11,46.04,19.04,33.73,340,4.60312,16.11092,0,1035.4,10,2013-04-21 15:00:00.000000 +00:00
LGA,2013,4,21,12,48.02,17.06,28.75,360,12.65858,,0,1035.1,10,2013-04-21 16:00:00.000000 +00:00
LGA,2013,4,21,13,48.92,19.94,31.45,70,4.60312,,0,1034.9,10,2013-04-21 17:00:00.000000 +00:00
LGA,2013,4,21,14,51.08,21.02,30.39,50,5.7539,,0,1034.5,10,2013-04-21 18:00:00.000000 +00:00
LGA,2013,4,21,15,51.98,19.04,27.02,50,9.20624,,0,1034.1,10,2013-04-21 19:00:00.000000 +00:00
LGA,2013,4,21,16,51.98,15.98,23.68,0,0,,0,1034.2,10,2013-04-21 20:00:00.000000 +00:00
LGA,2013,4,21,17,51.98,15.08,22.77,0,0,,0,1034.4,10,2013-04-21 21:00:00.000000 +00:00
LGA,2013,4,21,18,50,24.08,35.98,170,9.20624,,0,1034.8,10,2013-04-21 22:00:00.000000 +00:00
LGA,2013,4,21,19,48.02,26.06,42.07,170,9.20624,,0,1035.4,10,2013-04-21 23:00:00.000000 +00:00
LGA,2013,4,21,20,48.02,24.98,40.22,190,8.05546,,0,1036.1,10,2013-04-22 00:00:00.000000 +00:00
LGA,2013,4,21,21,46.94,24.98,41.89,180,4.60312,,0,1036.6,10,2013-04-22 01:00:00.000000 +00:00
LGA,2013,4,21,22,46.94,28.04,47.54,210,3.45234,,0,1036.4,10,2013-04-22 02:00:00.000000 +00:00
LGA,2013,4,21,23,46.04,28.94,51.03,180,8.05546,,0,1036.9,10,2013-04-22 03:00:00.000000 +00:00
LGA,2013,4,22,0,44.96,28.04,51.24,140,5.7539,,0,1037,10,2013-04-22 04:00:00.000000 +00:00
LGA,2013,4,22,1,44.06,26.96,50.73,120,9.20624,,0,1037,10,2013-04-22 05:00:00.000000 +00:00
LGA,2013,4,22,2,42.98,28.04,55.27,120,5.7539,,0,1036.9,10,2013-04-22 06:00:00.000000 +00:00
LGA,2013,4,22,3,42.98,28.94,57.35,70,4.60312,,0,1036.6,10,2013-04-22 07:00:00.000000 +00:00
LGA,2013,4,22,4,42.08,30.92,64.35,50,8.05546,,0,1037.1,10,2013-04-22 08:00:00.000000 +00:00
LGA,2013,4,22,5,42.08,32,67.22,80,8.05546,,0,1037.4,10,2013-04-22 09:00:00.000000 +00:00
LGA,2013,4,22,6,44.06,33.08,65.07,70,10.35702,,0,1037.5,10,2013-04-22 10:00:00.000000 +00:00
LGA,2013,4,22,7,44.96,33.98,65.18,60,16.11092,,0,1037.5,10,2013-04-22 11:00:00.000000 +00:00
LGA,2013,4,22,8,46.04,32,57.78,80,14.96014,,0,1038,10,2013-04-22 12:00:00.000000 +00:00
LGA,2013,4,22,9,48.02,26.96,43.67,70,13.80936,23.0156,0,1037.9,10,2013-04-22 13:00:00.000000 +00:00
LGA,2013,4,22,10,48.92,33.08,54.15,50,19.56326,27.61872,0,1037.8,10,2013-04-22 14:00:00.000000 +00:00
LGA,2013,4,22,11,50,33.08,52.02,50,19.56326,,0,1037.6,10,2013-04-22 15:00:00.000000 +00:00
LGA,2013,4,22,12,50,33.08,52.02,50,19.56326,,0,1036.9,10,2013-04-22 16:00:00.000000 +00:00
LGA,2013,4,22,13,50,35.06,56.3,50,20.71404,,0,1036,10,2013-04-22 17:00:00.000000 +00:00
LGA,2013,4,22,14,51.98,32,46.28,50,17.2617,,0,1035.4,10,2013-04-22 18:00:00.000000 +00:00
LGA,2013,4,22,15,51.98,32,46.28,50,14.96014,,0,1034.6,10,2013-04-22 19:00:00.000000 +00:00
LGA,2013,4,22,16,51.98,30.92,44.31,50,14.96014,,0,1033.8,10,2013-04-22 20:00:00.000000 +00:00
LGA,2013,4,22,17,55.04,24.98,31.03,120,13.80936,21.86482,0,1033.5,10,2013-04-22 21:00:00.000000 +00:00
LGA,2013,4,22,18,53.06,24.98,33.36,100,13.80936,,0,1033.2,10,2013-04-22 22:00:00.000000 +00:00
LGA,2013,4,22,19,51.98,28.04,39.4,90,13.80936,,0,1033.2,10,2013-04-22 23:00:00.000000 +00:00
LGA,2013,4,22,20,50,28.94,43.99,90,14.96014,,0,1033.3,10,2013-04-23 00:00:00.000000 +00:00
LGA,2013,4,22,21,48.02,30.92,51.34,100,14.96014,20.71404,0,1033.3,10,2013-04-23 01:00:00.000000 +00:00
LGA,2013,4,22,22,46.94,33.08,58.33,80,11.5078,,0,1032.9,10,2013-04-23 02:00:00.000000 +00:00
LGA,2013,4,22,23,44.96,32,60.2,60,13.80936,,0,1032.5,10,2013-04-23 03:00:00.000000 +00:00
LGA,2013,4,23,0,44.06,30.92,59.64,70,16.11092,,0,1032.2,10,2013-04-23 04:00:00.000000 +00:00
LGA,2013,4,23,1,42.98,32,64.93,80,16.11092,,0,1031.6,10,2013-04-23 05:00:00.000000 +00:00
LGA,2013,4,23,2,42.98,32,64.93,60,19.56326,27.61872,0,1030.4,10,2013-04-23 06:00:00.000000 +00:00
LGA,2013,4,23,3,42.08,30.92,64.35,70,19.56326,24.16638,0,1030,10,2013-04-23 07:00:00.000000 +00:00
LGA,2013,4,23,4,42.08,32,67.22,50,20.71404,25.31716,0,1029.5,10,2013-04-23 08:00:00.000000 +00:00
LGA,2013,4,23,5,42.8,32,67.22,50,20.71404,,0,,10,2013-04-23 09:00:00.000000 +00:00
LGA,2013,4,23,6,42.98,32,64.93,40,16.11092,,0,1029.2,10,2013-04-23 10:00:00.000000 +00:00
LGA,2013,4,23,7,42.08,32,67.22,50,14.96014,21.86482,0,1029,10,2013-04-23 11:00:00.000000 +00:00
LGA,2013,4,23,8,42.98,33.08,67.81,40,14.96014,,0,1028.5,10,2013-04-23 12:00:00.000000 +00:00
LGA,2013,4,23,9,42.98,33.98,70.3,40,14.96014,,0,1028.2,10,2013-04-23 13:00:00.000000 +00:00
LGA,2013,4,23,10,42.8,37.4,82.17,50,16.11092,,0,,2,2013-04-23 14:00:00.000000 +00:00
LGA,2013,4,23,11,44.06,37.4,81.07,40,14.96014,,0,,10,2013-04-23 15:00:00.000000 +00:00
LGA,2013,4,23,12,44.96,37.04,73.59,40,13.80936,,0,1026,10,2013-04-23 16:00:00.000000 +00:00
LGA,2013,4,23,13,46.4,37.94,73.18,40,13.80936,,0,,10,2013-04-23 17:00:00.000000 +00:00
LGA,2013,4,23,14,48.02,37.94,67.92,40,13.80936,,0,1023.7,10,2013-04-23 18:00:00.000000 +00:00
LGA,2013,4,23,15,50,39.02,65.8,30,11.5078,,0,1023.4,10,2013-04-23 19:00:00.000000 +00:00
LGA,2013,4,23,16,51.08,39.02,63.22,30,8.05546,,0,1023,10,2013-04-23 20:00:00.000000 +00:00
LGA,2013,4,23,17,51.98,39.02,61.15,10,9.20624,,0,1022.2,10,2013-04-23 21:00:00.000000 +00:00
LGA,2013,4,23,18,51.98,39.02,61.15,20,9.20624,,0,1021.6,10,2013-04-23 22:00:00.000000 +00:00
LGA,2013,4,23,19,51.98,39.02,61.15,40,10.35702,,0,1021.1,10,2013-04-23 23:00:00.000000 +00:00
LGA,2013,4,23,20,51.8,39.2,63.22,40,11.5078,,0,,10,2013-04-24 00:00:00.000000 +00:00
LGA,2013,4,23,21,50,37.94,63.08,20,8.05546,17.2617,0,1020.4,10,2013-04-24 01:00:00.000000 +00:00
LGA,2013,4,23,22,48.92,37.94,65.67,350,10.35702,,0,1019.6,10,2013-04-24 02:00:00.000000 +00:00
LGA,2013,4,23,23,48.02,37.94,67.92,350,10.35702,,0,1019.7,10,2013-04-24 03:00:00.000000 +00:00
LGA,2013,4,24,0,46.94,37.94,70.74,10,9.20624,,0,1018.8,10,2013-04-24 04:00:00.000000 +00:00
LGA,2013,4,24,1,46.94,37.94,70.74,10,8.05546,,0,1018,10,2013-04-24 05:00:00.000000 +00:00
LGA,2013,4,24,2,46.94,37.94,70.74,330,10.35702,,0,1018,10,2013-04-24 06:00:00.000000 +00:00
LGA,2013,4,24,3,46.04,37.94,73.18,350,5.7539,,0,1017.3,10,2013-04-24 07:00:00.000000 +00:00
LGA,2013,4,24,4,46.04,37.94,73.18,310,6.90468,,0,1017.6,10,2013-04-24 08:00:00.000000 +00:00
LGA,2013,4,24,5,46.04,37.04,70.64,320,5.7539,,0,1017.7,10,2013-04-24 09:00:00.000000 +00:00
LGA,2013,4,24,6,46.04,37.94,73.18,310,6.90468,,0,1018,10,2013-04-24 10:00:00.000000 +00:00
LGA,2013,4,24,7,48.92,37.94,65.67,310,5.7539,,0,1018.1,10,2013-04-24 11:00:00.000000 +00:00
LGA,2013,4,24,8,50,37.94,63.08,340,4.60312,,0,1017.7,10,2013-04-24 12:00:00.000000 +00:00
LGA,2013,4,24,9,55.04,39.92,56.62,280,3.45234,,0,1017,10,2013-04-24 13:00:00.000000 +00:00
LGA,2013,4,24,10,57.92,39.92,51.02,220,8.05546,,0,1016.6,10,2013-04-24 14:00:00.000000 +00:00
LGA,2013,4,24,11,60.98,42.08,49.73,220,11.5078,,0,1015.6,10,2013-04-24 15:00:00.000000 +00:00
LGA,2013,4,24,12,64.04,42.98,46.22,170,16.11092,,0,1014.3,10,2013-04-24 16:00:00.000000 +00:00
LGA,2013,4,24,13,60.98,44.06,53.65,170,13.80936,,0,1013.6,10,2013-04-24 17:00:00.000000 +00:00
LGA,2013,4,24,14,62.96,46.04,53.94,170,11.5078,,0,1012.7,10,2013-04-24 18:00:00.000000 +00:00
LGA,2013,4,24,15,60.98,46.04,57.84,170,17.2617,21.86482,0,1011.7,10,2013-04-24 19:00:00.000000 +00:00
LGA,2013,4,24,16,59,46.94,64.22,160,16.11092,21.86482,0,1011.7,10,2013-04-24 20:00:00.000000 +00:00
LGA,2013,4,24,17,55.94,46.94,71.7,160,19.56326,23.0156,0,1011.1,10,2013-04-24 21:00:00.000000 +00:00
LGA,2013,4,24,18,53.6,46.4,80.1,170,19.56326,26.46794,0,,10,2013-04-24 22:00:00.000000 +00:00
LGA,2013,4,24,19,51.08,46.94,85.67,180,17.2617,24.16638,0,1010.9,9,2013-04-24 23:00:00.000000 +00:00
LGA,2013,4,24,20,51.98,48.02,86.3,180,12.65858,,0,,10,2013-04-25 00:00:00.000000 +00:00
LGA,2013,4,24,21,53.96,48.02,80.25,170,10.35702,,0,1011.9,10,2013-04-25 01:00:00.000000 +00:00
LGA,2013,4,24,22,51.98,48.2,87.47,170,9.20624,,0,,9,2013-04-25 02:00:00.000000 +00:00
LGA,2013,4,24,23,51.98,48.02,86.3,170,8.05546,,0,1011.4,10,2013-04-25 03:00:00.000000 +00:00
LGA,2013,4,25,0,53.96,48.92,83,200,4.60312,,0,1011.7,10,2013-04-25 04:00:00.000000 +00:00
LGA,2013,4,25,1,59,51.08,74.96,250,10.35702,17.2617,0,1012.2,10,2013-04-25 05:00:00.000000 +00:00
LGA,2013,4,25,2,60.08,39.92,47.22,270,14.96014,20.71404,0,1012.6,10,2013-04-25 06:00:00.000000 +00:00
LGA,2013,4,25,3,57.02,41,54.95,310,19.56326,25.31716,0,1014.2,10,2013-04-25 07:00:00.000000 +00:00
LGA,2013,4,25,4,55.4,37.4,50.64,310,21.86482,29.92028,0,,10,2013-04-25 08:00:00.000000 +00:00
LGA,2013,4,25,5,50,30.92,47.68,320,20.71404,28.7695,0,1017.8,10,2013-04-25 09:00:00.000000 +00:00
LGA,2013,4,25,6,48.02,30.92,51.34,310,21.86482,32.22184,0,1019.6,10,2013-04-25 10:00:00.000000 +00:00
LGA,2013,4,25,7,48.02,30.02,49.5,320,21.86482,32.22184,0,1020.8,10,2013-04-25 11:00:00.000000 +00:00
LGA,2013,4,25,8,48.92,28.04,44.14,330,14.96014,23.0156,0,1021.7,10,2013-04-25 12:00:00.000000 +00:00
LGA,2013,4,25,9,51.08,26.96,38.96,310,19.56326,25.31716,0,1021.8,10,2013-04-25 13:00:00.000000 +00:00
LGA,2013,4,25,10,53.06,26.06,34.89,300,14.96014,19.56326,0,1021.9,10,2013-04-25 14:00:00.000000 +00:00
LGA,2013,4,25,11,55.94,24.08,28.93,310,13.80936,19.56326,0,1022,10,2013-04-25 15:00:00.000000 +00:00
LGA,2013,4,25,12,57.02,21.92,25.41,310,14.96014,19.56326,0,1022,10,2013-04-25 16:00:00.000000 +00:00
LGA,2013,4,25,13,60.08,19.94,20.93,320,8.05546,,0,1021.6,10,2013-04-25 17:00:00.000000 +00:00
LGA,2013,4,25,14,62.06,19.04,18.78,310,8.05546,,0,1021.2,10,2013-04-25 18:00:00.000000 +00:00
LGA,2013,4,25,15,62.96,19.04,18.19,320,8.05546,,0,1021.1,10,2013-04-25 19:00:00.000000 +00:00
LGA,2013,4,25,16,64.94,17.06,15.59,,3.45234,,0,1021.1,10,2013-04-25 20:00:00.000000 +00:00
LGA,2013,4,25,17,66.92,14,12.74,,5.7539,,0,1021.2,10,2013-04-25 21:00:00.000000 +00:00
LGA,2013,4,25,18,62.96,24.98,23.38,200,13.80936,17.2617,0,1021.5,10,2013-04-25 22:00:00.000000 +00:00
LGA,2013,4,25,19,60.08,26.96,28.1,170,6.90468,,0,1022.2,10,2013-04-25 23:00:00.000000 +00:00
LGA,2013,4,25,20,55.94,28.94,35.37,180,8.05546,,0,1023.2,10,2013-04-26 00:00:00.000000 +00:00
LGA,2013,4,25,21,55.04,33.98,44.8,200,9.20624,,0,1024,10,2013-04-26 01:00:00.000000 +00:00
LGA,2013,4,25,22,55.04,33.98,44.8,210,9.20624,,0,1024.4,10,2013-04-26 02:00:00.000000 +00:00
LGA,2013,4,25,23,55.04,33.08,43.21,210,8.05546,,0,1024.6,10,2013-04-26 03:00:00.000000 +00:00
LGA,2013,4,26,0,53.96,33.08,44.95,200,6.90468,,0,1024.8,10,2013-04-26 04:00:00.000000 +00:00
LGA,2013,4,26,1,53.06,33.98,48.16,0,0,,0,1024.7,10,2013-04-26 05:00:00.000000 +00:00
LGA,2013,4,26,2,53.06,33.08,46.46,0,0,,0,1025,10,2013-04-26 06:00:00.000000 +00:00
LGA,2013,4,26,3,51.08,35.96,56.05,0,0,,0,1025.3,10,2013-04-26 07:00:00.000000 +00:00
LGA,2013,4,26,4,53.96,30.02,39.72,300,6.90468,,0,1026,10,2013-04-26 08:00:00.000000 +00:00
LGA,2013,4,26,5,51.98,33.98,50.11,320,4.60312,,0,1026.6,10,2013-04-26 09:00:00.000000 +00:00
LGA,2013,4,26,6,53.06,30.02,41.05,330,6.90468,,0,1027.5,10,2013-04-26 10:00:00.000000 +00:00
LGA,2013,4,26,7,53.96,30.02,39.72,320,9.20624,,0,1028.3,10,2013-04-26 11:00:00.000000 +00:00
LGA,2013,4,26,8,53.96,32,43.04,320,16.11092,,0,1028.9,10,2013-04-26 12:00:00.000000 +00:00
LGA,2013,4,26,9,55.94,33.08,41.82,330,13.80936,,0,1029,10,2013-04-26 13:00:00.000000 +00:00
LGA,2013,4,26,10,57.92,33.08,38.94,310,9.20624,,0,1029.1,10,2013-04-26 14:00:00.000000 +00:00
LGA,2013,4,26,11,60.08,30.02,31.85,300,4.60312,,0,1028.7,10,2013-04-26 15:00:00.000000 +00:00
LGA,2013,4,26,12,62.06,30.92,30.8,,5.7539,,0,1028.1,10,2013-04-26 16:00:00.000000 +00:00
LGA,2013,4,26,13,64.04,28.94,26.5,300,8.05546,,0,1027.7,10,2013-04-26 17:00:00.000000 +00:00
LGA,2013,4,26,14,64.04,26.96,24.43,320,10.35702,,0,1027.4,10,2013-04-26 18:00:00.000000 +00:00
LGA,2013,4,26,15,64.94,24.98,21.81,310,9.20624,,0,1027,10,2013-04-26 19:00:00.000000 +00:00
LGA,2013,4,26,16,64.94,21.92,19.18,10,6.90468,,0,1026.8,10,2013-04-26 20:00:00.000000 +00:00
LGA,2013,4,26,17,64.94,21.92,19.18,30,4.60312,,0,1027,10,2013-04-26 21:00:00.000000 +00:00
LGA,2013,4,26,18,64.04,26.06,23.54,60,9.20624,,0,1027.2,10,2013-04-26 22:00:00.000000 +00:00
LGA,2013,4,26,19,60.98,28.94,29.52,180,9.20624,,0,1027.5,10,2013-04-26 23:00:00.000000 +00:00
LGA,2013,4,26,20,59,30.02,33.1,180,6.90468,,0,1028.2,10,2013-04-27 00:00:00.000000 +00:00
LGA,2013,4,26,21,57.02,32,38.51,160,4.60312,,0,1028.6,10,2013-04-27 01:00:00.000000 +00:00
LGA,2013,4,26,22,55.94,33.08,41.82,30,8.05546,,0,1028.8,10,2013-04-27 02:00:00.000000 +00:00
LGA,2013,4,26,23,55.04,32,41.38,30,9.20624,,0,1029.5,10,2013-04-27 03:00:00.000000 +00:00
LGA,2013,4,27,0,53.96,28.94,38.01,20,10.35702,,0,1029.9,10,2013-04-27 04:00:00.000000 +00:00
LGA,2013,4,27,1,51.98,30.92,44.31,50,8.05546,,0,1029.9,10,2013-04-27 05:00:00.000000 +00:00
LGA,2013,4,27,2,51.08,30.92,45.81,50,4.60312,,0,1029.5,10,2013-04-27 06:00:00.000000 +00:00
LGA,2013,4,27,3,50,28.04,42.39,10,5.7539,,0,1029.6,10,2013-04-27 07:00:00.000000 +00:00
LGA,2013,4,27,4,50,28.04,42.39,20,5.7539,,0,1029.6,10,2013-04-27 08:00:00.000000 +00:00
LGA,2013,4,27,5,48.92,28.04,44.14,10,4.60312,,0,1029.5,10,2013-04-27 09:00:00.000000 +00:00
LGA,2013,4,27,6,48.92,28.04,44.14,20,6.90468,,0,1030.1,10,2013-04-27 10:00:00.000000 +00:00
LGA,2013,4,27,7,51.08,28.04,40.73,40,4.60312,,0,1030.2,10,2013-04-27 11:00:00.000000 +00:00
LGA,2013,4,27,8,53.96,28.04,36.63,0,0,,0,1030.2,10,2013-04-27 12:00:00.000000 +00:00
LGA,2013,4,27,9,57.02,28.04,32.78,,3.45234,,0,1030.1,10,2013-04-27 13:00:00.000000 +00:00
LGA,2013,4,27,10,60.08,28.04,29.38,30,5.7539,,0,1030,10,2013-04-27 14:00:00.000000 +00:00
LGA,2013,4,27,11,62.06,21.92,21.22,360,9.20624,,0,1029.4,10,2013-04-27 15:00:00.000000 +00:00
LGA,2013,4,27,12,64.04,24.08,21.68,,5.7539,,0,1028.4,10,2013-04-27 16:00:00.000000 +00:00
LGA,2013,4,27,13,64.94,19.94,17.64,0,0,,0,1027.7,10,2013-04-27 17:00:00.000000 +00:00
LGA,2013,4,27,14,66.02,21.02,17.79,,3.45234,,0,1027,10,2013-04-27 18:00:00.000000 +00:00
LGA,2013,4,27,15,66.92,21.92,17.91,100,5.7539,,0,1026.1,10,2013-04-27 19:00:00.000000 +00:00
LGA,2013,4,27,16,66.92,24.98,20.36,20,6.90468,,0,1025.8,10,2013-04-27 20:00:00.000000 +00:00
LGA,2013,4,27,17,64.4,35.6,34.22,170,12.65858,,0,,10,2013-04-27 21:00:00.000000 +00:00
LGA,2013,4,27,18,60.98,28.04,28.45,180,12.65858,,0,1025.6,10,2013-04-27 22:00:00.000000 +00:00
LGA,2013,4,27,19,59,28.94,31.68,170,8.05546,,0,1025.7,10,2013-04-27 23:00:00.000000 +00:00
LGA,2013,4,27,20,57.02,30.92,36.87,180,9.20624,,0,1026.1,10,2013-04-28 00:00:00.000000 +00:00
LGA,2013,4,27,21,57.92,30.02,34.41,190,6.90468,,0,1026.3,10,2013-04-28 01:00:00.000000 +00:00
LGA,2013,4,27,22,59,24.08,25.91,190,6.90468,,0,1026.3,10,2013-04-28 02:00:00.000000 +00:00
LGA,2013,4,27,23,57.92,24.98,27.96,,3.45234,,0,1026.3,10,2013-04-28 03:00:00.000000 +00:00
LGA,2013,4,28,0,55.94,28.94,35.37,180,3.45234,,0,1026.2,10,2013-04-28 04:00:00.000000 +00:00
LGA,2013,4,28,1,55.04,30.02,38.19,140,3.45234,,0,1026.1,10,2013-04-28 05:00:00.000000 +00:00
LGA,2013,4,28,2,53.96,32,43.04,160,4.60312,,0,1025.4,10,2013-04-28 06:00:00.000000 +00:00
LGA,2013,4,28,3,53.06,32,44.48,160,6.90468,,0,1025.3,10,2013-04-28 07:00:00.000000 +00:00
LGA,2013,4,28,4,51.98,37.04,56.58,180,6.90468,,0,1025.3,10,2013-04-28 08:00:00.000000 +00:00
LGA,2013,4,28,5,51.08,37.04,58.49,190,6.90468,,0,1025.1,10,2013-04-28 09:00:00.000000 +00:00
LGA,2013,4,28,6,51.98,37.04,56.58,150,5.7539,,0,1025.6,10,2013-04-28 10:00:00.000000 +00:00
LGA,2013,4,28,7,53.96,39.02,56.86,0,0,,0,1026.1,10,2013-04-28 11:00:00.000000 +00:00
LGA,2013,4,28,8,57.02,39.02,50.88,0,0,,0,1026.4,10,2013-04-28 12:00:00.000000 +00:00
LGA,2013,4,28,9,60.08,41,49.25,140,6.90468,,0,1026.2,10,2013-04-28 13:00:00.000000 +00:00
LGA,2013,4,28,10,62.06,39.92,44.02,190,8.05546,,0,1026,10,2013-04-28 14:00:00.000000 +00:00
LGA,2013,4,28,11,64.94,37.94,36.83,140,8.05546,,0,1025.8,10,2013-04-28 15:00:00.000000 +00:00
LGA,2013,4,28,12,66.02,37.04,34.24,160,10.35702,,0,1025.3,10,2013-04-28 16:00:00.000000 +00:00
LGA,2013,4,28,13,66.92,33.98,29.39,170,12.65858,,0,1024.9,10,2013-04-28 17:00:00.000000 +00:00
LGA,2013,4,28,14,64.04,19.94,18.2,180,17.2617,,0,1024.4,10,2013-04-28 18:00:00.000000 +00:00
LGA,2013,4,28,15,64.94,28.94,25.68,170,17.2617,,0,1024.2,10,2013-04-28 19:00:00.000000 +00:00
LGA,2013,4,28,16,62.06,26.96,26.19,180,19.56326,25.31716,0,1023.7,10,2013-04-28 20:00:00.000000 +00:00
LGA,2013,4,28,17,60.08,26.96,28.1,160,13.80936,,0,1023.3,10,2013-04-28 21:00:00.000000 +00:00
LGA,2013,4,28,18,59,26.06,28.14,170,16.11092,,0,1023,10,2013-04-28 22:00:00.000000 +00:00
LGA,2013,4,28,19,57.02,28.04,32.78,170,16.11092,,0,1023.3,10,2013-04-28 23:00:00.000000 +00:00
LGA,2013,4,28,20,55.94,32,40.05,170,12.65858,,0,1023.3,10,2013-04-29 00:00:00.000000 +00:00
LGA,2013,4,28,21,55.94,35.06,45.26,180,9.20624,,0,1023.7,10,2013-04-29 01:00:00.000000 +00:00
LGA,2013,4,28,22,55.94,37.94,50.72,180,10.35702,,0,1024,10,2013-04-29 02:00:00.000000 +00:00
LGA,2013,4,28,23,55.04,41,59.04,180,6.90468,,0,1024,10,2013-04-29 03:00:00.000000 +00:00
LGA,2013,4,29,0,55.94,42.98,61.67,190,10.35702,,0,1024,10,2013-04-29 04:00:00.000000 +00:00
LGA,2013,4,29,1,55.94,44.06,64.28,170,6.90468,,0,1023.4,10,2013-04-29 05:00:00.000000 +00:00
LGA,2013,4,29,2,55.04,44.96,68.73,170,6.90468,,0,1023.1,10,2013-04-29 06:00:00.000000 +00:00
LGA,2013,4,29,3,55.94,44.96,66.52,180,6.90468,,0,1023,10,2013-04-29 07:00:00.000000 +00:00
LGA,2013,4,29,4,55.04,44.96,68.73,170,9.20624,,0,1022.9,10,2013-04-29 08:00:00.000000 +00:00
LGA,2013,5,2,9,59,41,51.18,50,4.60312,,0,1031.3,10,2013-05-02 13:00:00.000000 +00:00
LGA,2013,4,29,5,55.04,44.96,68.73,160,11.5078,,0,1023.1,10,2013-04-29 09:00:00.000000 +00:00
LGA,2013,4,29,6,53.96,44.96,71.49,140,9.20624,,0,1023.5,10,2013-04-29 10:00:00.000000 +00:00
LGA,2013,4,29,7,53.96,46.04,74.48,170,8.05546,,0,1023.9,10,2013-04-29 11:00:00.000000 +00:00
LGA,2013,4,29,8,53.96,44.06,69.08,170,10.35702,17.2617,0,1023.9,10,2013-04-29 12:00:00.000000 +00:00
LGA,2013,4,29,9,55.04,46.04,71.6,160,12.65858,,0,1023.9,10,2013-04-29 13:00:00.000000 +00:00
LGA,2013,4,29,10,55.04,46.04,71.6,160,12.65858,16.11092,0,1023.7,10,2013-04-29 14:00:00.000000 +00:00
LGA,2013,4,29,11,55.04,44.96,68.73,140,11.5078,,0,1023.4,10,2013-04-29 15:00:00.000000 +00:00
LGA,2013,4,29,12,55.94,46.94,71.7,150,8.05546,,0.01,1023.1,10,2013-04-29 16:00:00.000000 +00:00
LGA,2013,4,29,13,55.94,46.94,71.7,160,11.5078,,0,1023.3,10,2013-04-29 17:00:00.000000 +00:00
LGA,2013,4,29,14,55.04,46.94,74.08,140,9.20624,,0.02,1023.1,10,2013-04-29 18:00:00.000000 +00:00
LGA,2013,4,29,15,55.94,46.94,71.7,130,8.05546,,0,1022.6,10,2013-04-29 19:00:00.000000 +00:00
LGA,2013,4,29,16,59,46.04,62.07,120,8.05546,,0,1022.2,10,2013-04-29 20:00:00.000000 +00:00
LGA,2013,4,29,17,57.02,44.06,61.81,130,10.35702,,0,1022.4,10,2013-04-29 21:00:00.000000 +00:00
LGA,2013,4,29,18,57.02,42.08,57.29,150,8.05546,,0,1022.5,10,2013-04-29 22:00:00.000000 +00:00
LGA,2013,4,29,19,55.94,42.08,59.58,140,8.05546,,0,1022.7,10,2013-04-29 23:00:00.000000 +00:00
LGA,2013,4,29,20,55.94,42.98,61.67,140,8.05546,,0,1023.2,10,2013-04-30 00:00:00.000000 +00:00
LGA,2013,4,29,21,55.04,44.06,66.41,140,6.90468,,0,1023.7,10,2013-04-30 01:00:00.000000 +00:00
LGA,2013,4,29,22,55.04,44.06,66.41,130,11.5078,,0,1023.4,10,2013-04-30 02:00:00.000000 +00:00
LGA,2013,4,29,23,53.96,44.06,69.08,130,8.05546,,0,1023.4,10,2013-04-30 03:00:00.000000 +00:00
LGA,2013,4,30,0,53.96,44.96,71.49,140,8.05546,,0,,10,2013-04-30 04:00:00.000000 +00:00
LGA,2013,4,30,1,53.06,44.96,73.89,120,4.60312,,0,1023.1,10,2013-04-30 05:00:00.000000 +00:00
LGA,2013,4,30,2,53.06,44.96,73.89,110,4.60312,,0,1022.9,10,2013-04-30 06:00:00.000000 +00:00
LGA,2013,4,30,3,53.6,44.96,73.89,100,5.7539,,0,,10,2013-04-30 07:00:00.000000 +00:00
LGA,2013,4,30,4,51.98,46.04,80.1,50,6.90468,,0,1023.4,10,2013-04-30 08:00:00.000000 +00:00
LGA,2013,4,30,5,51.98,44.96,76.88,50,8.05546,,0,1023.8,10,2013-04-30 09:00:00.000000 +00:00
LGA,2013,4,30,6,51.08,46.04,82.81,50,6.90468,,0,1024.5,10,2013-04-30 10:00:00.000000 +00:00
LGA,2013,4,30,7,51.98,44.96,76.88,50,6.90468,,0,1025.2,10,2013-04-30 11:00:00.000000 +00:00
LGA,2013,4,30,8,51.98,44.96,76.88,40,11.5078,,0,1025.7,10,2013-04-30 12:00:00.000000 +00:00
LGA,2013,4,30,9,53.96,44.06,69.08,50,11.5078,,0,1026,10,2013-04-30 13:00:00.000000 +00:00
LGA,2013,4,30,10,55.94,44.96,66.52,60,9.20624,,0,1026.1,10,2013-04-30 14:00:00.000000 +00:00
LGA,2013,4,30,11,57.92,44.96,61.93,50,13.80936,,0,1025.9,10,2013-04-30 15:00:00.000000 +00:00
LGA,2013,4,30,12,60.08,44.06,55.39,40,14.96014,,0,1025.5,10,2013-04-30 16:00:00.000000 +00:00
LGA,2013,4,30,13,64.94,21.02,18.47,150,14.96014,,0,1025.4,10,2013-04-30 17:00:00.000000 +00:00
LGA,2013,4,30,14,64.94,21.92,19.18,100,12.65858,19.56326,0,1025.6,10,2013-04-30 18:00:00.000000 +00:00
LGA,2013,4,30,15,64.94,19.94,17.64,120,9.20624,18.41248,0,1025.6,10,2013-04-30 19:00:00.000000 +00:00
LGA,2013,4,30,16,64.04,17.96,16.72,160,12.65858,,0,1025.8,10,2013-04-30 20:00:00.000000 +00:00
LGA,2013,4,30,17,62.06,19.04,18.78,160,10.35702,,0,1026.3,10,2013-04-30 21:00:00.000000 +00:00
LGA,2013,4,30,18,60.98,21.02,21.23,170,11.5078,,0,1026.4,10,2013-04-30 22:00:00.000000 +00:00
LGA,2013,4,30,19,59,21.92,23.66,160,9.20624,,0,1026.6,10,2013-04-30 23:00:00.000000 +00:00
LGA,2013,4,30,20,57.02,19.94,23.36,130,8.05546,,0,1026.9,10,2013-05-01 00:00:00.000000 +00:00
LGA,2013,4,30,21,55.94,21.02,25.43,160,6.90468,,0,1027.2,10,2013-05-01 01:00:00.000000 +00:00
LGA,2013,4,30,22,55.04,24.08,29.89,130,5.7539,,0,1026.9,10,2013-05-01 02:00:00.000000 +00:00
LGA,2013,4,30,23,53.96,26.06,33.76,120,3.45234,,0,1027.1,10,2013-05-01 03:00:00.000000 +00:00
LGA,2013,5,1,0,51.98,35.06,52.32,0,0,,0,1027.5,10,2013-05-01 04:00:00.000000 +00:00
LGA,2013,5,1,1,51.98,33.98,50.11,40,3.45234,,0,1027.7,10,2013-05-01 05:00:00.000000 +00:00
LGA,2013,5,1,2,51.08,35.06,54.09,40,4.60312,,0,1027.5,10,2013-05-01 06:00:00.000000 +00:00
LGA,2013,5,1,3,51.08,32,47.85,50,4.60312,,0,1028.1,10,2013-05-01 07:00:00.000000 +00:00
LGA,2013,5,1,4,50,33.08,52.02,50,4.60312,,0,1028.4,10,2013-05-01 08:00:00.000000 +00:00
LGA,2013,5,1,5,48.92,35.06,58.61,30,3.45234,,0,1028.9,10,2013-05-01 09:00:00.000000 +00:00
LGA,2013,5,1,6,50,35.06,56.3,30,4.60312,,0,1029.8,10,2013-05-01 10:00:00.000000 +00:00
LGA,2013,5,1,7,51.98,35.96,54.22,50,8.05546,,0,1030.3,10,2013-05-01 11:00:00.000000 +00:00
LGA,2013,5,1,8,53.06,33.08,46.46,50,9.20624,,0,1030.9,10,2013-05-01 12:00:00.000000 +00:00
LGA,2013,5,1,9,57.02,30.92,36.87,50,13.80936,,0,1031.3,10,2013-05-01 13:00:00.000000 +00:00
LGA,2013,5,1,10,57.02,33.08,40.22,50,11.5078,,0,1031.3,10,2013-05-01 14:00:00.000000 +00:00
LGA,2013,5,1,11,60.98,39.92,45.74,40,14.96014,,0,1030.9,10,2013-05-01 15:00:00.000000 +00:00
LGA,2013,5,1,12,62.06,42.08,47.86,50,12.65858,,0,1030.7,10,2013-05-01 16:00:00.000000 +00:00
LGA,2013,5,1,13,64.04,41,42.82,50,13.80936,,0,1030.6,10,2013-05-01 17:00:00.000000 +00:00
LGA,2013,5,1,14,64.04,39.02,39.65,40,12.65858,,0,1030.3,10,2013-05-01 18:00:00.000000 +00:00
LGA,2013,5,1,15,64.04,39.92,41.06,40,10.35702,,0,1030.3,10,2013-05-01 19:00:00.000000 +00:00
LGA,2013,5,1,16,66.02,39.92,38.32,120,11.5078,21.86482,0,1030.2,10,2013-05-01 20:00:00.000000 +00:00
LGA,2013,5,1,17,62.96,39.02,41.18,130,12.65858,,0,1030.5,10,2013-05-01 21:00:00.000000 +00:00
LGA,2013,5,1,18,60.98,39.92,45.74,130,9.20624,,0,1031.2,10,2013-05-01 22:00:00.000000 +00:00
LGA,2013,5,1,19,57.92,41,53.2,120,9.20624,,0,1031.3,10,2013-05-01 23:00:00.000000 +00:00
LGA,2013,5,1,20,55.94,41,57.14,150,5.7539,,0,1031.8,10,2013-05-02 00:00:00.000000 +00:00
LGA,2013,5,1,21,55.04,41,59.04,170,5.7539,,0,1032.1,10,2013-05-02 01:00:00.000000 +00:00
LGA,2013,5,1,22,55.04,39.92,56.62,0,0,,0,1032.1,10,2013-05-02 02:00:00.000000 +00:00
LGA,2013,5,1,23,53.96,41,61.41,30,3.45234,,0,1032.1,10,2013-05-02 03:00:00.000000 +00:00
LGA,2013,5,2,0,53.06,42.08,66.17,0,0,,0,1031.4,10,2013-05-02 04:00:00.000000 +00:00
LGA,2013,5,2,1,53.06,41,63.47,0,0,,0,1030.8,10,2013-05-02 05:00:00.000000 +00:00
LGA,2013,5,2,2,51.98,42.08,68.86,60,3.45234,,0,1030.2,10,2013-05-02 06:00:00.000000 +00:00
LGA,2013,5,2,3,50,44.06,79.94,90,3.45234,,0,1030.1,10,2013-05-02 07:00:00.000000 +00:00
LGA,2013,5,2,4,50,44.96,82.73,50,4.60312,,0,1029.8,10,2013-05-02 08:00:00.000000 +00:00
LGA,2013,5,2,5,50,44.96,82.73,60,3.45234,,0,1030.1,10,2013-05-02 09:00:00.000000 +00:00
LGA,2013,5,2,6,51.08,44.96,79.48,110,3.45234,,0,1030.4,10,2013-05-02 10:00:00.000000 +00:00
LGA,2013,5,2,7,53.6,44.96,73.89,70,4.60312,,0,,10,2013-05-02 11:00:00.000000 +00:00
LGA,2013,5,2,8,57.02,44.06,61.81,50,5.7539,,0,1031.4,10,2013-05-02 12:00:00.000000 +00:00
LGA,2013,5,2,10,62.06,39.92,44.02,40,4.60312,,0,1031.3,10,2013-05-02 14:00:00.000000 +00:00
LGA,2013,5,2,11,64.04,39.92,41.06,40,4.60312,,0,1030.9,10,2013-05-02 15:00:00.000000 +00:00
LGA,2013,5,2,12,66.92,39.92,37.15,70,4.60312,,0,1030,10,2013-05-02 16:00:00.000000 +00:00
LGA,2013,5,2,13,66.92,41,38.74,160,8.05546,,0,1029.7,10,2013-05-02 17:00:00.000000 +00:00
LGA,2013,5,2,14,66.92,39.92,37.15,200,8.05546,,0,1029.2,10,2013-05-02 18:00:00.000000 +00:00
LGA,2013,5,2,15,66.92,39.02,35.87,180,10.35702,,0,1028.6,10,2013-05-02 19:00:00.000000 +00:00
LGA,2013,5,2,16,66.02,39.02,37,180,11.5078,,0,1028.2,10,2013-05-02 20:00:00.000000 +00:00
LGA,2013,5,2,17,64.94,37.94,36.83,190,10.35702,,0,1027.8,10,2013-05-02 21:00:00.000000 +00:00
LGA,2013,5,2,18,64.04,37.94,38.01,170,10.35702,,0,1026.9,10,2013-05-02 22:00:00.000000 +00:00
LGA,2013,5,2,19,60.98,37.04,40.86,180,12.65858,,0,1027,10,2013-05-02 23:00:00.000000 +00:00
LGA,2013,5,2,20,60.08,39.92,47.22,180,6.90468,,0,1027.3,10,2013-05-03 00:00:00.000000 +00:00
LGA,2013,5,2,21,60.08,37.04,42.19,160,5.7539,,0,1027.4,10,2013-05-03 01:00:00.000000 +00:00
LGA,2013,5,2,22,59,37.94,45.43,120,5.7539,,0,1027.8,10,2013-05-03 02:00:00.000000 +00:00
LGA,2013,5,2,23,57.02,41,54.95,80,3.45234,,0,1028.4,10,2013-05-03 03:00:00.000000 +00:00
LGA,2013,5,3,0,55.94,42.98,61.67,60,11.5078,,0,1029.1,10,2013-05-03 04:00:00.000000 +00:00
LGA,2013,5,3,1,55.04,41,59.04,80,9.20624,,0,1029.3,10,2013-05-03 05:00:00.000000 +00:00
LGA,2013,5,3,2,53.96,42.08,64.03,70,6.90468,,0,1029.6,10,2013-05-03 06:00:00.000000 +00:00
LGA,2013,5,3,3,53.96,37.04,52.61,80,11.5078,,0,1030.1,10,2013-05-03 07:00:00.000000 +00:00
LGA,2013,5,3,4,51.8,35.6,53.81,60,9.20624,,0,,10,2013-05-03 08:00:00.000000 +00:00
LGA,2013,5,3,5,53.06,35.06,50.28,70,9.20624,,0,1030.8,10,2013-05-03 09:00:00.000000 +00:00
LGA,2013,5,3,6,53.06,35.06,50.28,80,12.65858,,0,1031.2,10,2013-05-03 10:00:00.000000 +00:00
LGA,2013,5,3,7,53.06,33.98,48.16,60,14.96014,,0,1031.4,10,2013-05-03 11:00:00.000000 +00:00
LGA,2013,5,3,8,53.96,35.06,48.65,60,17.2617,,0,1031.4,10,2013-05-03 12:00:00.000000 +00:00
LGA,2013,5,3,9,55.94,35.06,45.26,50,16.11092,,0,1031.4,10,2013-05-03 13:00:00.000000 +00:00
LGA,2013,5,3,10,55.94,35.06,45.26,50,14.96014,,0,1031.5,10,2013-05-03 14:00:00.000000 +00:00
LGA,2013,5,3,11,57.92,33.08,38.94,50,12.65858,,0,1030.9,10,2013-05-03 15:00:00.000000 +00:00
LGA,2013,5,3,12,60.08,33.98,37.37,50,16.11092,,0,1030.2,10,2013-05-03 16:00:00.000000 +00:00
LGA,2013,5,3,13,62.06,33.98,34.83,50,13.80936,,0,1029.7,10,2013-05-03 17:00:00.000000 +00:00
LGA,2013,5,3,14,62.96,39.02,41.18,200,8.05546,,0,1029.2,10,2013-05-03 18:00:00.000000 +00:00
LGA,2013,5,3,15,60.08,37.94,43.71,160,10.35702,,0,1028.7,10,2013-05-03 19:00:00.000000 +00:00
LGA,2013,5,3,16,59,39.02,47.39,210,13.80936,18.41248,0,1028.5,10,2013-05-03 20:00:00.000000 +00:00
LGA,2013,5,3,17,57.92,41,53.2,150,11.5078,,0,1028.5,10,2013-05-03 21:00:00.000000 +00:00
LGA,2013,5,3,18,55.04,41,59.04,190,6.90468,,0,1028.4,10,2013-05-03 22:00:00.000000 +00:00
LGA,2013,5,3,19,53.96,41,61.41,170,8.05546,,0,1028.5,10,2013-05-03 23:00:00.000000 +00:00
LGA,2013,5,3,20,53.06,42.08,66.17,180,6.90468,,0,1029,10,2013-05-04 00:00:00.000000 +00:00
LGA,2013,5,3,21,51.98,42.08,68.86,140,5.7539,,0,1029.1,10,2013-05-04 01:00:00.000000 +00:00
LGA,2013,5,3,22,51.08,42.08,71.19,170,5.7539,,0,1028.9,10,2013-05-04 02:00:00.000000 +00:00
LGA,2013,5,3,23,50,42.08,74.1,160,3.45234,,0,1028.5,10,2013-05-04 03:00:00.000000 +00:00
LGA,2013,5,4,0,51.08,42.98,73.69,0,0,,0,1028.3,10,2013-05-04 04:00:00.000000 +00:00
LGA,2013,5,4,1,51.08,44.06,76.8,0,0,,0,1027.6,10,2013-05-04 05:00:00.000000 +00:00
LGA,2013,5,4,2,51.08,42.98,73.69,20,3.45234,,0,1026.6,10,2013-05-04 06:00:00.000000 +00:00
LGA,2013,5,4,3,51.08,42.98,73.69,330,5.7539,,0,1026.1,10,2013-05-04 07:00:00.000000 +00:00
LGA,2013,5,4,4,51.08,42.98,73.69,360,3.45234,,0,1025.9,10,2013-05-04 08:00:00.000000 +00:00
LGA,2013,5,4,5,50,42.98,76.71,360,5.7539,,0,1025.9,10,2013-05-04 09:00:00.000000 +00:00
LGA,2013,5,4,6,51.08,42.98,73.69,50,4.60312,,0,1026.2,10,2013-05-04 10:00:00.000000 +00:00
LGA,2013,5,4,7,53.06,42.98,68.5,60,9.20624,,0,1026.5,10,2013-05-04 11:00:00.000000 +00:00
LGA,2013,5,4,8,53.96,42.08,64.03,60,13.80936,,0,1026.5,10,2013-05-04 12:00:00.000000 +00:00
LGA,2013,5,4,9,57.92,39.92,51.02,40,13.80936,,0,1026.5,10,2013-05-04 13:00:00.000000 +00:00
LGA,2013,5,4,10,60.98,39.02,44.16,40,11.5078,,0,1026.4,10,2013-05-04 14:00:00.000000 +00:00
LGA,2013,5,4,11,60.08,37.04,42.19,50,11.5078,,0,1026,10,2013-05-04 15:00:00.000000 +00:00
LGA,2013,5,4,12,64.04,37.04,36.68,50,9.20624,,0,1025.4,10,2013-05-04 16:00:00.000000 +00:00
LGA,2013,5,4,13,66.02,42.08,41.67,180,9.20624,16.11092,0,1025,10,2013-05-04 17:00:00.000000 +00:00
LGA,2013,5,4,14,62.06,39.92,44.02,200,14.96014,19.56326,0,1024.8,10,2013-05-04 18:00:00.000000 +00:00
LGA,2013,5,4,15,60.08,39.02,45.6,190,14.96014,,0,1024.6,10,2013-05-04 19:00:00.000000 +00:00
LGA,2013,5,4,16,59,39.92,49.08,160,14.96014,,0,1024.6,10,2013-05-04 20:00:00.000000 +00:00
LGA,2013,5,4,17,57.02,39.92,52.7,170,12.65858,20.71404,0,1024.5,10,2013-05-04 21:00:00.000000 +00:00
LGA,2013,5,4,18,55.04,39.92,56.62,140,12.65858,,0,1024.8,10,2013-05-04 22:00:00.000000 +00:00
LGA,2013,5,4,19,53.06,39.92,60.87,140,8.05546,,0,1024.9,10,2013-05-04 23:00:00.000000 +00:00
LGA,2013,5,4,20,51.08,39.02,63.22,130,10.35702,,0,1025.4,10,2013-05-05 00:00:00.000000 +00:00
LGA,2013,5,4,21,50,37.94,63.08,130,9.20624,,0,1025.9,10,2013-05-05 01:00:00.000000 +00:00
LGA,2013,5,4,22,50,39.02,65.8,130,8.05546,,0,1025.9,10,2013-05-05 02:00:00.000000 +00:00
LGA,2013,5,4,23,48.92,39.02,68.51,100,9.20624,,0,1026,10,2013-05-05 03:00:00.000000 +00:00
LGA,2013,5,5,0,48.02,37.94,67.92,70,6.90468,,0,1025.8,10,2013-05-05 04:00:00.000000 +00:00
LGA,2013,5,5,1,48.02,37.94,67.92,80,8.05546,,0,1025.3,10,2013-05-05 05:00:00.000000 +00:00
LGA,2013,5,5,2,46.94,37.04,68.28,80,8.05546,,0,1024.9,10,2013-05-05 06:00:00.000000 +00:00
LGA,2013,5,5,3,46.94,37.04,68.28,110,4.60312,,0,1024.9,10,2013-05-05 07:00:00.000000 +00:00
LGA,2013,5,5,4,48.02,37.94,67.92,70,8.05546,,0,1024.8,10,2013-05-05 08:00:00.000000 +00:00
LGA,2013,5,5,5,46.94,37.94,70.74,80,9.20624,,0,1025,10,2013-05-05 09:00:00.000000 +00:00
LGA,2013,5,5,6,46.94,37.4,70.68,80,11.5078,,0,,10,2013-05-05 10:00:00.000000 +00:00
LGA,2013,5,5,7,48.92,39.02,68.51,60,14.96014,,0,1025.5,10,2013-05-05 11:00:00.000000 +00:00
LGA,2013,5,5,8,50,35.96,58.34,50,13.80936,,0,1025.8,10,2013-05-05 12:00:00.000000 +00:00
LGA,2013,5,5,9,51.98,33.98,50.11,40,14.96014,,0,1025.7,10,2013-05-05 13:00:00.000000 +00:00
LGA,2013,5,5,10,53.06,35.96,52.11,40,13.80936,,0,1025.7,10,2013-05-05 14:00:00.000000 +00:00
LGA,2013,5,5,11,55.04,35.06,46.77,40,14.96014,,0,1025.4,10,2013-05-05 15:00:00.000000 +00:00
LGA,2013,5,5,12,57.02,35.06,43.53,40,12.65858,,0,1025,10,2013-05-05 16:00:00.000000 +00:00
LGA,2013,5,5,13,60.08,35.96,40.43,40,11.5078,,0,1024.5,10,2013-05-05 17:00:00.000000 +00:00
LGA,2013,5,5,14,60.08,37.04,42.19,40,6.90468,,0,1024.1,10,2013-05-05 18:00:00.000000 +00:00
LGA,2013,5,5,15,57.92,41,53.2,160,13.80936,18.41248,0,1023.9,10,2013-05-05 19:00:00.000000 +00:00
LGA,2013,5,5,16,57.02,41,54.95,180,16.11092,20.71404,0,1023.5,10,2013-05-05 20:00:00.000000 +00:00
LGA,2013,5,5,17,57.92,39.92,51.02,160,9.20624,,0,1023.4,10,2013-05-05 21:00:00.000000 +00:00
LGA,2013,5,5,18,57.02,39.92,52.7,160,12.65858,,0,1023.6,10,2013-05-05 22:00:00.000000 +00:00
LGA,2013,5,5,19,53.96,39.92,58.89,150,10.35702,,0,1023.9,10,2013-05-05 23:00:00.000000 +00:00
LGA,2013,5,5,20,51.98,39.92,63.33,140,6.90468,,0,1024.5,10,2013-05-06 00:00:00.000000 +00:00
LGA,2013,5,5,21,51.98,39.02,61.15,120,10.35702,,0,1024.4,10,2013-05-06 01:00:00.000000 +00:00
LGA,2013,5,5,22,50,39.92,68.15,90,6.90468,,0,1024.4,10,2013-05-06 02:00:00.000000 +00:00
LGA,2013,5,5,23,50,41,71.07,120,9.20624,,0,1024.4,10,2013-05-06 03:00:00.000000 +00:00
LGA,2013,5,6,0,48.02,41,76.53,90,5.7539,,0,1024,10,2013-05-06 04:00:00.000000 +00:00
LGA,2013,5,6,1,48.02,42.08,79.79,110,6.90468,,0,1023.7,10,2013-05-06 05:00:00.000000 +00:00
LGA,2013,5,6,2,48.2,42.8,81.47,100,5.7539,,0,,10,2013-05-06 06:00:00.000000 +00:00
LGA,2013,5,6,3,46.94,41,79.7,80,5.7539,,0,1023.3,10,2013-05-06 07:00:00.000000 +00:00
LGA,2013,5,6,4,46.94,41,79.7,80,6.90468,,0,1023.6,10,2013-05-06 08:00:00.000000 +00:00
LGA,2013,5,6,5,48.02,42.98,82.59,60,6.90468,,0,1023.6,10,2013-05-06 09:00:00.000000 +00:00
LGA,2013,5,6,6,48.92,42.98,81.47,90,8.05546,,0,,9,2013-05-06 10:00:00.000000 +00:00
LGA,2013,5,6,7,50,42.98,76.71,60,9.20624,,0,,10,2013-05-06 11:00:00.000000 +00:00
LGA,2013,5,6,8,51.8,44.06,76.8,50,9.20624,,0,,10,2013-05-06 12:00:00.000000 +00:00
LGA,2013,5,6,9,53.06,44.06,71.4,40,8.05546,,0,1025.1,10,2013-05-06 13:00:00.000000 +00:00
LGA,2013,5,6,10,53.96,44.06,69.08,50,10.35702,,0,1024.9,10,2013-05-06 14:00:00.000000 +00:00
LGA,2013,5,6,11,57.92,44.06,59.84,40,8.05546,,0,1024.4,10,2013-05-06 15:00:00.000000 +00:00
LGA,2013,5,6,12,60.98,44.96,58.77,40,5.7539,,0,,10,2013-05-06 16:00:00.000000 +00:00
LGA,2013,5,6,13,62.06,46.04,55.68,50,8.05546,,0,,10,2013-05-06 17:00:00.000000 +00:00
LGA,2013,5,6,14,64.04,46.4,55.37,50,10.35702,,0,,10,2013-05-06 18:00:00.000000 +00:00
LGA,2013,5,6,15,66.92,48.92,52.35,170,11.5078,,0,,10,2013-05-06 19:00:00.000000 +00:00
LGA,2013,5,6,16,64.94,48.02,54.22,190,10.35702,17.2617,0,1021.3,10,2013-05-06 20:00:00.000000 +00:00
LGA,2013,5,6,17,66.2,48.2,55.63,170,12.65858,,0,,10,2013-05-06 21:00:00.000000 +00:00
LGA,2013,5,6,18,62.96,46.94,55.8,180,8.05546,,0,1021.2,10,2013-05-06 22:00:00.000000 +00:00
LGA,2013,5,6,19,60.98,46.94,59.84,200,8.05546,,0,1021.3,10,2013-05-06 23:00:00.000000 +00:00
LGA,2013,5,6,20,59,46.94,64.22,200,6.90468,,0,1021.8,10,2013-05-07 00:00:00.000000 +00:00
LGA,2013,5,6,21,57.02,46.94,68.95,210,4.60312,,0,1022.1,10,2013-05-07 01:00:00.000000 +00:00
LGA,2013,5,6,22,57.02,46.04,66.65,160,3.45234,,0,1021.7,10,2013-05-07 02:00:00.000000 +00:00
LGA,2013,5,6,23,55.94,46.04,69.3,90,3.45234,,0,1021.5,10,2013-05-07 03:00:00.000000 +00:00
LGA,2013,5,7,0,55.04,48.02,77.15,0,0,,0,1021.4,10,2013-05-07 04:00:00.000000 +00:00
LGA,2013,5,7,1,55.04,46.94,74.08,50,3.45234,,0,1020.8,10,2013-05-07 05:00:00.000000 +00:00
LGA,2013,5,7,2,53.96,48.02,80.25,40,4.60312,,0,1020.4,10,2013-05-07 06:00:00.000000 +00:00
LGA,2013,5,7,3,53.96,48.92,83,50,4.60312,,0,1020.4,10,2013-05-07 07:00:00.000000 +00:00
LGA,2013,5,7,4,53.06,48.92,85.78,70,5.7539,,0,1020.3,10,2013-05-07 08:00:00.000000 +00:00
LGA,2013,5,7,5,53.6,50,87.56,60,9.20624,,0,,10,2013-05-07 09:00:00.000000 +00:00
LGA,2013,5,7,6,53.96,48.02,80.25,80,6.90468,,0,1020.8,10,2013-05-07 10:00:00.000000 +00:00
LGA,2013,5,7,7,55.04,48.02,77.15,50,6.90468,,0,1021.1,10,2013-05-07 11:00:00.000000 +00:00
LGA,2013,5,7,8,57.02,48.92,76.66,50,9.20624,,0,,10,2013-05-07 12:00:00.000000 +00:00
LGA,2013,5,7,9,57.92,48.2,71.83,60,8.05546,,0,,10,2013-05-07 13:00:00.000000 +00:00
LGA,2013,5,7,10,59,48.2,71.83,60,12.65858,,0,,10,2013-05-07 14:00:00.000000 +00:00
LGA,2013,5,7,11,60.98,51.98,72.22,60,13.80936,,0,1021.3,10,2013-05-07 15:00:00.000000 +00:00
LGA,2013,5,7,12,62.96,53.06,70.07,50,11.5078,20.71404,0,1020.7,10,2013-05-07 16:00:00.000000 +00:00
LGA,2013,5,7,13,64.94,53.96,67.57,60,11.5078,,0,1020.2,10,2013-05-07 17:00:00.000000 +00:00
LGA,2013,5,7,14,66.02,53.96,65.07,50,11.5078,,0,1019.6,10,2013-05-07 18:00:00.000000 +00:00
LGA,2013,5,7,15,66.92,53.96,63.08,50,12.65858,,0,1019.2,10,2013-05-07 19:00:00.000000 +00:00
LGA,2013,5,7,16,66.02,53.96,65.07,50,11.5078,,0,1019,10,2013-05-07 20:00:00.000000 +00:00
LGA,2013,5,7,17,71.06,55.04,56.93,140,9.20624,,0,1018.7,10,2013-05-07 21:00:00.000000 +00:00
LGA,2013,5,7,18,69.08,55.04,60.91,110,9.20624,,0,1018.7,10,2013-05-07 22:00:00.000000 +00:00
LGA,2013,5,7,19,68,57.02,67.91,110,8.05546,,0,1019.2,10,2013-05-07 23:00:00.000000 +00:00
LGA,2013,5,7,20,64.94,55.94,72.62,130,11.5078,,0,1019.6,10,2013-05-08 00:00:00.000000 +00:00
LGA,2013,5,7,21,64.94,55.94,72.62,100,8.05546,,0,1019.9,10,2013-05-08 01:00:00.000000 +00:00
LGA,2013,5,7,22,64.04,55.04,72.53,80,6.90468,,0,1019.8,10,2013-05-08 02:00:00.000000 +00:00
LGA,2013,5,7,23,60.08,53.96,80.19,40,9.20624,,0,1019.1,10,2013-05-08 03:00:00.000000 +00:00
LGA,2013,5,8,0,57.92,53.96,86.63,50,9.20624,,0,1019.4,10,2013-05-08 04:00:00.000000 +00:00
LGA,2013,5,8,1,57.02,53.96,89.48,60,9.20624,,0,1018.6,10,2013-05-08 05:00:00.000000 +00:00
LGA,2013,5,8,2,55.94,53.96,93.65,50,10.35702,,0.01,,8,2013-05-08 06:00:00.000000 +00:00
LGA,2013,5,8,3,57.2,53.96,93.65,40,9.20624,,0.22,,3,2013-05-08 07:00:00.000000 +00:00
LGA,2013,5,8,4,55.94,53.96,93.65,50,12.65858,,0.13,,5,2013-05-08 08:00:00.000000 +00:00
LGA,2013,5,8,5,55.94,53.96,93.65,50,12.65858,,0.14,,4,2013-05-08 09:00:00.000000 +00:00
LGA,2013,5,8,6,55.94,53.96,93.65,50,11.5078,,0.24,,4,2013-05-08 10:00:00.000000 +00:00
LGA,2013,5,8,7,57.2,55.4,93.69,40,19.56326,,0.24,,2,2013-05-08 11:00:00.000000 +00:00
LGA,2013,5,8,8,57.2,53.96,89.48,,17.2617,,0.64,,2,2013-05-08 12:00:00.000000 +00:00
LGA,2013,5,8,9,59,55.4,93.69,50,12.65858,,0.02,,10,2013-05-08 13:00:00.000000 +00:00
LGA,2013,5,8,10,60.8,55.4,86.69,60,11.5078,,0,,10,2013-05-08 14:00:00.000000 +00:00
LGA,2013,5,8,11,57.92,55.04,90.11,40,11.5078,,0.04,1016.9,6,2013-05-08 15:00:00.000000 +00:00
LGA,2013,5,8,12,59,55.4,93.69,60,17.2617,,0.42,,4,2013-05-08 16:00:00.000000 +00:00
LGA,2013,5,8,13,60.98,57.92,93.69,150,12.65858,,0.18,,6,2013-05-08 17:00:00.000000 +00:00
LGA,2013,5,8,14,62.6,59,89.7,170,12.65858,,0,,2,2013-05-08 18:00:00.000000 +00:00
LGA,2013,5,8,15,62.96,59,88,160,8.05546,,0,,2,2013-05-08 19:00:00.000000 +00:00
LGA,2013,5,8,16,64.94,57.92,77.99,170,10.35702,,0,,10,2013-05-08 20:00:00.000000 +00:00
LGA,2013,5,8,17,62.96,55.94,77.83,140,10.35702,,0,1015.3,10,2013-05-08 21:00:00.000000 +00:00
LGA,2013,5,8,18,62.96,53.06,70.07,130,10.35702,,0,1015.5,10,2013-05-08 22:00:00.000000 +00:00
LGA,2013,5,8,19,60.98,51.08,69.86,150,8.05546,,0,1015.8,10,2013-05-08 23:00:00.000000 +00:00
LGA,2013,5,8,20,60.08,48.92,66.56,140,5.7539,,0,1016.4,10,2013-05-09 00:00:00.000000 +00:00
LGA,2013,5,8,21,59,48.92,69.17,,5.7539,,0,1016.7,10,2013-05-09 01:00:00.000000 +00:00
LGA,2013,5,8,22,59,51.08,74.96,100,6.90468,,0,1016.4,10,2013-05-09 02:00:00.000000 +00:00
LGA,2013,5,8,23,55.94,51.08,83.69,90,6.90468,,0,1016.2,10,2013-05-09 03:00:00.000000 +00:00
LGA,2013,5,9,0,55.94,51.08,83.69,80,5.7539,,0,1015.8,10,2013-05-09 04:00:00.000000 +00:00
LGA,2013,5,9,1,55.4,51.98,89.4,70,5.7539,,0,,8,2013-05-09 05:00:00.000000 +00:00
LGA,2013,5,9,2,57.2,53.96,93.05,120,6.90468,,0,,6,2013-05-09 06:00:00.000000 +00:00
LGA,2013,5,9,3,55.94,53.96,93.05,60,8.05546,,0,1014.1,4,2013-05-09 07:00:00.000000 +00:00
LGA,2013,5,9,4,55.94,53.6,93.65,70,8.05546,,0,,5,2013-05-09 08:00:00.000000 +00:00
LGA,2013,5,9,5,55.4,53.6,93.65,50,6.90468,,0,,0,2013-05-09 09:00:00.000000 +00:00
LGA,2013,5,9,6,55.04,53.06,93.02,40,8.05546,,0,1014.3,1,2013-05-09 10:00:00.000000 +00:00
LGA,2013,5,9,7,55.4,53.6,93.65,50,10.35702,,0.06,,3,2013-05-09 11:00:00.000000 +00:00
LGA,2013,5,9,8,57.02,53.6,93.65,50,11.5078,,0,,8,2013-05-09 12:00:00.000000 +00:00
LGA,2013,5,9,9,55.94,53.6,93.65,50,11.5078,,0,,10,2013-05-09 13:00:00.000000 +00:00
LGA,2013,5,9,10,55.94,53.6,93.65,50,12.65858,,0.23,,2,2013-05-09 14:00:00.000000 +00:00
LGA,2013,5,9,11,57.92,53.6,93.65,40,9.20624,,0.03,,3,2013-05-09 15:00:00.000000 +00:00
LGA,2013,5,9,12,57.2,53.96,93.65,50,8.05546,,0.06,,2,2013-05-09 16:00:00.000000 +00:00
LGA,2013,5,9,13,57.92,53.96,87.74,50,11.5078,,0,,9,2013-05-09 17:00:00.000000 +00:00
LGA,2013,5,9,14,60.08,55.4,87.83,60,9.20624,,0,,10,2013-05-09 18:00:00.000000 +00:00
LGA,2013,5,9,15,62.96,55.94,77.83,60,6.90468,,0,1012.3,10,2013-05-09 19:00:00.000000 +00:00
LGA,2013,5,9,16,62.96,55.04,75.33,50,8.05546,,0,1012.2,10,2013-05-09 20:00:00.000000 +00:00
LGA,2013,5,9,17,64.94,55.04,70.28,0,0,,0,1012.2,10,2013-05-09 21:00:00.000000 +00:00
LGA,2013,5,9,18,68,53.06,58.8,240,6.90468,,0,1012.3,10,2013-05-09 22:00:00.000000 +00:00
LGA,2013,5,9,19,66.92,50,54.51,260,6.90468,,0,1012.8,10,2013-05-09 23:00:00.000000 +00:00
LGA,2013,5,9,20,66.02,53.06,62.96,230,5.7539,,0,1013.4,10,2013-05-10 00:00:00.000000 +00:00
LGA,2013,5,9,21,64.94,53.96,67.57,220,4.60312,,0,1013.7,10,2013-05-10 01:00:00.000000 +00:00
LGA,2013,5,9,22,64.94,53.06,65.37,230,4.60312,,0,1013.6,10,2013-05-10 02:00:00.000000 +00:00
LGA,2013,5,9,23,64.04,53.06,67.46,230,3.45234,,0,1013.8,10,2013-05-10 03:00:00.000000 +00:00
LGA,2013,5,10,0,62.06,53.06,72.33,220,4.60312,,0,1013.7,9,2013-05-10 04:00:00.000000 +00:00
LGA,2013,5,10,1,62.06,53.06,72.33,230,3.45234,,0,1013.4,9,2013-05-10 05:00:00.000000 +00:00
LGA,2013,5,10,2,62.06,53.06,72.33,0,0,,0,1013.8,10,2013-05-10 06:00:00.000000 +00:00
LGA,2013,5,10,3,62.96,53.06,70.07,280,4.60312,,0,1013.7,10,2013-05-10 07:00:00.000000 +00:00
LGA,2013,5,10,4,60.98,53.06,75.14,0,0,,0,1014.1,10,2013-05-10 08:00:00.000000 +00:00
LGA,2013,5,10,5,60.98,53.06,75.14,260,3.45234,,0,1014.7,10,2013-05-10 09:00:00.000000 +00:00
LGA,2013,5,10,6,62.06,53.06,72.33,0,0,,0,1015.2,10,2013-05-10 10:00:00.000000 +00:00
LGA,2013,5,10,7,64.04,53.96,69.72,290,4.60312,,0,1015.6,10,2013-05-10 11:00:00.000000 +00:00
LGA,2013,5,10,8,64.94,53.96,67.57,310,6.90468,,0,1015.6,10,2013-05-10 12:00:00.000000 +00:00
LGA,2013,5,10,9,69.08,53.96,58.56,270,4.60312,,0,1015.5,10,2013-05-10 13:00:00.000000 +00:00
LGA,2013,5,10,10,73.04,53.06,49.52,0,0,,0,1015.2,10,2013-05-10 14:00:00.000000 +00:00
LGA,2013,5,10,11,73.94,51.08,44.66,350,3.45234,,0,1014.9,10,2013-05-10 15:00:00.000000 +00:00
LGA,2013,5,10,12,75.92,50,40.16,,3.45234,,0,1014.6,10,2013-05-10 16:00:00.000000 +00:00
LGA,2013,5,10,13,78.08,51.08,38.91,,5.7539,,0,1014.2,10,2013-05-10 17:00:00.000000 +00:00
LGA,2013,5,10,14,80.06,51.98,37.69,220,11.5078,,0,1014,10,2013-05-10 18:00:00.000000 +00:00
LGA,2013,5,10,15,78.8,53.6,46.34,170,17.2617,,0,,10,2013-05-10 19:00:00.000000 +00:00
LGA,2013,5,10,16,73.04,53.06,49.52,170,18.41248,23.0156,0,1013.7,10,2013-05-10 20:00:00.000000 +00:00
LGA,2013,5,10,17,69.98,53.96,56.78,180,12.65858,,0,1013.9,10,2013-05-10 21:00:00.000000 +00:00
LGA,2013,5,10,18,66.92,53.96,63.08,170,17.2617,23.0156,0,1013.5,10,2013-05-10 22:00:00.000000 +00:00
LGA,2013,5,10,19,66.02,53.96,65.07,180,12.65858,19.56326,0,1013.3,10,2013-05-10 23:00:00.000000 +00:00
LGA,2013,5,10,20,64.94,53.96,67.57,180,8.05546,,0,1012.9,10,2013-05-11 00:00:00.000000 +00:00
LGA,2013,5,10,21,64.04,55.04,72.53,170,8.05546,,0,1013.3,10,2013-05-11 01:00:00.000000 +00:00
LGA,2013,5,10,22,64.04,55.04,72.53,,4.60312,,0,1012.6,10,2013-05-11 02:00:00.000000 +00:00
LGA,2013,5,10,23,64.04,55.04,72.53,170,4.60312,,0,1011.8,10,2013-05-11 03:00:00.000000 +00:00
LGA,2013,5,11,0,66.02,55.04,67.69,230,5.7539,,0,1011.9,10,2013-05-11 04:00:00.000000 +00:00
LGA,2013,5,11,1,68,60.8,84.26,260,9.20624,,0.06,,10,2013-05-11 05:00:00.000000 +00:00
LGA,2013,5,11,2,64.94,60.98,87,180,6.90468,,0.07,1011,6,2013-05-11 06:00:00.000000 +00:00
LGA,2013,5,11,3,64.94,60.98,87,170,9.20624,,0.01,1010.3,7,2013-05-11 07:00:00.000000 +00:00
LGA,2013,5,11,4,64.04,60.08,86.95,190,6.90468,,0,1010.3,10,2013-05-11 08:00:00.000000 +00:00
LGA,2013,5,11,5,62.96,60.08,90.31,180,5.7539,,0.01,1009.5,10,2013-05-11 09:00:00.000000 +00:00
LGA,2013,5,11,6,62.96,59,86.9,180,8.05546,,0,1009.7,10,2013-05-11 10:00:00.000000 +00:00
LGA,2013,5,11,7,62.96,59,86.9,190,11.5078,,0,1009.9,10,2013-05-11 11:00:00.000000 +00:00
LGA,2013,5,11,8,64.04,60.08,86.95,190,9.20624,,0.03,1009.9,5,2013-05-11 12:00:00.000000 +00:00
LGA,2013,5,11,9,64.94,60.98,87,180,13.80936,,0.01,1009.3,10,2013-05-11 13:00:00.000000 +00:00
LGA,2013,5,11,10,64.94,60.8,88.09,180,12.65858,,0,,9,2013-05-11 14:00:00.000000 +00:00
LGA,2013,5,11,11,64.4,60.8,88.09,180,12.65858,,0,,7,2013-05-11 15:00:00.000000 +00:00
LGA,2013,5,11,12,64.4,59,82.62,190,13.80936,,0,,8,2013-05-11 16:00:00.000000 +00:00
LGA,2013,5,11,13,66.02,59,78.08,170,10.35702,,0,1007.3,9,2013-05-11 17:00:00.000000 +00:00
LGA,2013,5,11,14,66.92,59,75.69,180,10.35702,,0,1006.7,9,2013-05-11 18:00:00.000000 +00:00
LGA,2013,5,11,15,66.92,59,75.69,150,10.35702,18.41248,0,1005.9,8,2013-05-11 19:00:00.000000 +00:00
LGA,2013,5,11,16,64.4,59,88,,12.65858,,0.44,,6,2013-05-11 20:00:00.000000 +00:00
LGA,2013,5,11,17,64.4,60.8,88.09,160,9.20624,,0.01,,8,2013-05-11 21:00:00.000000 +00:00
LGA,2013,5,11,18,64.4,59,83.66,170,6.90468,,0,,8,2013-05-11 22:00:00.000000 +00:00
LGA,2013,5,11,19,64.4,59,83.66,200,11.5078,,0,,10,2013-05-11 23:00:00.000000 +00:00
LGA,2013,5,11,20,64.04,59,83.66,190,8.05546,,0,1006.5,10,2013-05-12 00:00:00.000000 +00:00
LGA,2013,5,11,21,62.06,57.92,86.29,200,8.05546,,0,1006.5,8,2013-05-12 01:00:00.000000 +00:00
LGA,2013,5,11,22,62.96,59,86.9,230,4.60312,,0,1006.2,7,2013-05-12 02:00:00.000000 +00:00
LGA,2013,5,11,23,64.04,60.08,86.95,230,6.90468,,0,1005.6,9,2013-05-12 03:00:00.000000 +00:00
LGA,2013,5,12,0,66.02,57.02,72.72,260,10.35702,,0,1005.5,10,2013-05-12 04:00:00.000000 +00:00
LGA,2013,5,12,1,66.02,51.98,60.51,270,11.5078,,0,1004.8,10,2013-05-12 05:00:00.000000 +00:00
LGA,2013,5,12,2,64.04,53.06,67.46,290,12.65858,,0,1004,10,2013-05-12 06:00:00.000000 +00:00
LGA,2013,5,12,3,62.96,51.98,67.34,290,9.20624,,0,1005,10,2013-05-12 07:00:00.000000 +00:00
LGA,2013,5,12,4,62.96,48.92,60.11,280,6.90468,,0,1005.3,10,2013-05-12 08:00:00.000000 +00:00
LGA,2013,5,12,5,62.06,46.94,57.6,270,12.65858,,0,1005.9,10,2013-05-12 09:00:00.000000 +00:00
LGA,2013,5,12,6,60.08,46.94,61.79,270,3.45234,,0,1005.6,8,2013-05-12 10:00:00.000000 +00:00
LGA,2013,5,12,7,59,44.96,59.58,270,12.65858,20.71404,0.01,1006,10,2013-05-12 11:00:00.000000 +00:00
LGA,2013,5,12,8,60.08,44.06,55.39,290,13.80936,21.86482,0,1005.9,10,2013-05-12 12:00:00.000000 +00:00
LGA,2013,5,12,9,62.96,42.98,48,290,8.05546,17.2617,0,1005.6,10,2013-05-12 13:00:00.000000 +00:00
LGA,2013,5,12,10,66.02,41,39.96,270,11.5078,,0,1005.3,10,2013-05-12 14:00:00.000000 +00:00
LGA,2013,5,12,11,68,39.92,35.79,260,18.41248,26.46794,0,1005.2,10,2013-05-12 15:00:00.000000 +00:00
LGA,2013,5,12,12,69.08,39.02,33.3,250,17.2617,23.0156,0,1004.8,10,2013-05-12 16:00:00.000000 +00:00
LGA,2013,5,12,13,68,37.04,31.97,280,11.5078,26.46794,0,1005,10,2013-05-12 17:00:00.000000 +00:00
LGA,2013,5,12,14,66.92,28.04,23.11,270,21.86482,28.7695,0,1005.1,10,2013-05-12 18:00:00.000000 +00:00
LGA,2013,5,12,15,66.92,26.06,21.3,250,20.71404,27.61872,0,1005.1,10,2013-05-12 19:00:00.000000 +00:00
LGA,2013,5,12,16,66.02,21.02,17.79,260,18.41248,31.07106,0,1005.8,10,2013-05-12 20:00:00.000000 +00:00
LGA,2013,5,12,17,64.94,24.08,21.01,270,23.0156,28.7695,0,1007,10,2013-05-12 21:00:00.000000 +00:00
LGA,2013,5,12,18,62.96,21.92,20.56,270,24.16638,33.37262,0,1008.1,10,2013-05-12 22:00:00.000000 +00:00
LGA,2013,5,12,19,60.98,19.94,20.27,260,21.86482,31.07106,0,1009.4,10,2013-05-12 23:00:00.000000 +00:00
LGA,2013,5,12,20,59,23,24.76,270,16.11092,28.7695,0,1010.4,10,2013-05-13 00:00:00.000000 +00:00
LGA,2013,5,12,21,57.92,24.98,27.96,290,19.56326,33.37262,0,1012.1,10,2013-05-13 01:00:00.000000 +00:00
LGA,2013,5,12,22,55.04,24.98,31.03,270,16.11092,25.31716,0,1013,10,2013-05-13 02:00:00.000000 +00:00
LGA,2013,5,12,23,53.96,26.06,33.76,280,16.11092,24.16638,0,1013.5,10,2013-05-13 03:00:00.000000 +00:00
LGA,2013,5,13,0,53.06,26.96,36.22,300,13.80936,,0,1014,10,2013-05-13 04:00:00.000000 +00:00
LGA,2013,5,13,1,51.98,26.06,36.31,280,16.11092,23.0156,0,1014.2,10,2013-05-13 05:00:00.000000 +00:00
LGA,2013,5,13,2,51.08,24.98,35.89,270,12.65858,19.56326,0,1014.3,10,2013-05-13 06:00:00.000000 +00:00
LGA,2013,5,13,3,50,26.96,40.55,270,10.35702,21.86482,0,1014.5,10,2013-05-13 07:00:00.000000 +00:00
LGA,2013,5,13,4,48.92,26.06,40.68,270,10.35702,,0,1014.8,10,2013-05-13 08:00:00.000000 +00:00
LGA,2013,5,13,5,48.92,26.96,42.22,270,11.5078,,0,1015.7,10,2013-05-13 09:00:00.000000 +00:00
LGA,2013,5,13,6,48.92,26.96,42.22,280,10.35702,,0,1016.1,10,2013-05-13 10:00:00.000000 +00:00
LGA,2013,5,13,7,48.92,28.04,44.14,260,12.65858,18.41248,0,1016.7,10,2013-05-13 11:00:00.000000 +00:00
LGA,2013,5,13,8,51.08,28.04,40.73,290,10.35702,19.56326,0,1017.2,10,2013-05-13 12:00:00.000000 +00:00
LGA,2013,5,13,9,51.98,26.96,37.68,250,11.5078,20.71404,0,1017.1,10,2013-05-13 13:00:00.000000 +00:00
LGA,2013,5,13,10,51.98,24.08,33.44,250,17.2617,21.86482,0,1016.9,10,2013-05-13 14:00:00.000000 +00:00
LGA,2013,5,13,11,53.06,23,30.71,280,19.56326,25.31716,0,1017,10,2013-05-13 15:00:00.000000 +00:00
LGA,2013,5,13,12,53.96,23,29.72,260,20.71404,25.31716,0,1016.8,10,2013-05-13 16:00:00.000000 +00:00
LGA,2013,5,13,13,55.04,21.02,26.28,260,12.65858,23.0156,0,1016.5,10,2013-05-13 17:00:00.000000 +00:00
LGA,2013,5,13,14,55.04,19.94,25.1,270,16.11092,26.46794,0,1016.2,10,2013-05-13 18:00:00.000000 +00:00
LGA,2013,5,13,15,55.04,21.92,27.3,290,17.2617,25.31716,0,1016.1,10,2013-05-13 19:00:00.000000 +00:00
LGA,2013,5,13,16,55.94,21.92,26.42,290,17.2617,24.16638,0,1016,10,2013-05-13 20:00:00.000000 +00:00
LGA,2013,5,13,17,55.04,23,28.57,320,11.5078,19.56326,0,1015.6,10,2013-05-13 21:00:00.000000 +00:00
LGA,2013,5,13,18,53.96,24.08,31.09,320,13.80936,21.86482,0,1016,10,2013-05-13 22:00:00.000000 +00:00
LGA,2013,5,13,19,53.06,28.04,37.86,320,18.41248,,0,1016.8,10,2013-05-13 23:00:00.000000 +00:00
LGA,2013,5,13,20,51.08,28.94,42.26,340,13.80936,,0,1017.8,10,2013-05-14 00:00:00.000000 +00:00
LGA,2013,5,13,21,51.08,28.94,42.26,320,12.65858,,0,1018.8,10,2013-05-14 01:00:00.000000 +00:00
LGA,2013,5,13,22,50,30.92,47.68,310,13.80936,,0,1019.1,10,2013-05-14 02:00:00.000000 +00:00
LGA,2013,5,13,23,48.92,33.08,54.15,320,16.11092,,0,1019.1,10,2013-05-14 03:00:00.000000 +00:00
LGA,2013,5,14,0,48.02,33.08,56.01,320,13.80936,,0,1019.4,10,2013-05-14 04:00:00.000000 +00:00
LGA,2013,5,14,1,46.94,32,55.85,320,13.80936,,0,1019.2,10,2013-05-14 05:00:00.000000 +00:00
LGA,2013,5,14,2,46.94,33.08,58.33,320,11.5078,,0,1019.2,10,2013-05-14 06:00:00.000000 +00:00
LGA,2013,5,14,3,46.04,33.08,60.35,300,9.20624,,0,1019.3,10,2013-05-14 07:00:00.000000 +00:00
LGA,2013,5,14,4,46.04,33.08,60.35,310,14.96014,,0,1019.3,10,2013-05-14 08:00:00.000000 +00:00
LGA,2013,5,14,5,44.96,32,60.2,310,13.80936,,0,1019.3,10,2013-05-14 09:00:00.000000 +00:00
LGA,2013,5,14,6,46.04,30.92,55.32,310,17.2617,,0,1019.8,10,2013-05-14 10:00:00.000000 +00:00
LGA,2013,5,14,7,46.94,32,55.85,300,10.35702,,0,1019.9,10,2013-05-14 11:00:00.000000 +00:00
LGA,2013,5,14,8,50,30.02,45.97,300,12.65858,,0,1020.2,10,2013-05-14 12:00:00.000000 +00:00
LGA,2013,5,14,9,51.98,28.04,39.4,310,9.20624,,0,1019.9,10,2013-05-14 13:00:00.000000 +00:00
LGA,2013,5,14,10,53.06,26.06,34.89,320,10.35702,,0,1019.6,10,2013-05-14 14:00:00.000000 +00:00
LGA,2013,5,14,11,55.04,21.92,27.3,320,13.80936,20.71404,0,1019.2,10,2013-05-14 15:00:00.000000 +00:00
LGA,2013,5,14,12,55.94,23,27.65,310,9.20624,16.11092,0,1018.8,10,2013-05-14 16:00:00.000000 +00:00
LGA,2013,5,14,13,57.92,21.92,24.6,300,11.5078,19.56326,0,1018.6,10,2013-05-14 17:00:00.000000 +00:00
LGA,2013,5,14,14,57.92,19.94,22.61,330,10.35702,18.41248,0,1017.9,10,2013-05-14 18:00:00.000000 +00:00
LGA,2013,5,14,15,60.08,15.08,16.98,270,9.20624,17.2617,0,1017.4,10,2013-05-14 19:00:00.000000 +00:00
LGA,2013,5,14,16,60.08,19.94,20.93,320,12.65858,,0,1017,10,2013-05-14 20:00:00.000000 +00:00
LGA,2013,5,14,17,62.06,14,15.09,280,10.35702,,0,1016.7,10,2013-05-14 21:00:00.000000 +00:00
LGA,2013,5,14,18,60.98,17.96,18.63,300,9.20624,,0,1016.7,10,2013-05-14 22:00:00.000000 +00:00
LGA,2013,5,14,19,60.08,15.98,17.65,260,9.20624,,0,1016.7,10,2013-05-14 23:00:00.000000 +00:00
LGA,2013,5,14,20,59,17.06,19.23,250,5.7539,,0,1017,10,2013-05-15 00:00:00.000000 +00:00
LGA,2013,5,14,21,59,17.96,19.99,0,0,,0,1017.5,10,2013-05-15 01:00:00.000000 +00:00
LGA,2013,5,14,22,55.94,35.96,46.91,180,8.05546,,0,1017.9,10,2013-05-15 02:00:00.000000 +00:00
LGA,2013,5,14,23,55.04,35.96,48.47,190,8.05546,,0,1018.1,10,2013-05-15 03:00:00.000000 +00:00
LGA,2013,5,15,0,55.04,33.08,43.21,210,6.90468,,0,1018,10,2013-05-15 04:00:00.000000 +00:00
LGA,2013,5,15,1,55.04,28.04,35.22,210,5.7539,,0,1017.8,10,2013-05-15 05:00:00.000000 +00:00
LGA,2013,5,15,2,53.96,28.94,38.01,200,5.7539,,0,1017.3,10,2013-05-15 06:00:00.000000 +00:00
LGA,2013,5,15,3,53.96,30.02,39.72,210,6.90468,,0,1017.3,10,2013-05-15 07:00:00.000000 +00:00
LGA,2013,5,15,4,53.96,37.04,52.61,210,8.05546,,0,1017,10,2013-05-15 08:00:00.000000 +00:00
LGA,2013,5,15,5,55.04,39.02,54.67,200,5.7539,,0,1016.8,10,2013-05-15 09:00:00.000000 +00:00
LGA,2013,5,15,6,55.04,41,59.04,180,6.90468,,0,1016.9,10,2013-05-15 10:00:00.000000 +00:00
LGA,2013,5,15,7,55.94,42.08,59.58,180,8.05546,,0,1016.3,10,2013-05-15 11:00:00.000000 +00:00
LGA,2013,5,15,8,59,39.92,49.08,190,10.35702,,0,1016,10,2013-05-15 12:00:00.000000 +00:00
LGA,2013,5,15,9,60.98,39.02,44.16,180,17.2617,24.16638,0,1014.8,10,2013-05-15 13:00:00.000000 +00:00
LGA,2013,5,15,10,60.98,39.02,44.16,160,18.41248,24.16638,0,1014.6,10,2013-05-15 14:00:00.000000 +00:00
LGA,2013,5,15,11,60.08,41,49.25,170,12.65858,21.86482,0,1014.1,10,2013-05-15 15:00:00.000000 +00:00
LGA,2013,5,15,12,60.98,51.08,69.86,160,18.41248,24.16638,0,1011.9,10,2013-05-15 16:00:00.000000 +00:00
LGA,2013,5,15,13,62.06,50,64.59,190,17.2617,26.46794,0,1011.4,10,2013-05-15 17:00:00.000000 +00:00
LGA,2013,5,15,14,60.98,51.08,69.86,160,14.96014,18.41248,0,1010.4,10,2013-05-15 18:00:00.000000 +00:00
LGA,2013,5,15,15,62.96,50,62.58,180,14.96014,,0,1007.6,10,2013-05-15 19:00:00.000000 +00:00
LGA,2013,5,15,16,66.02,51.98,60.51,180,12.65858,18.41248,0,1006.2,10,2013-05-15 20:00:00.000000 +00:00
LGA,2013,5,15,17,66.92,51.08,56.73,160,11.5078,,0,1005.8,10,2013-05-15 21:00:00.000000 +00:00
LGA,2013,5,15,18,64.94,53.06,65.37,180,8.05546,,0,1005.5,10,2013-05-15 22:00:00.000000 +00:00
LGA,2013,5,15,19,66.92,53.06,61.03,,5.7539,,0,1005,10,2013-05-15 23:00:00.000000 +00:00
LGA,2013,5,15,20,66.92,53.96,63.08,190,5.7539,,0,1005.2,10,2013-05-16 00:00:00.000000 +00:00
LGA,2013,5,15,21,66.92,53.96,63.08,150,4.60312,,0,1005.4,10,2013-05-16 01:00:00.000000 +00:00
LGA,2013,5,15,22,69.08,57.02,65.44,250,5.7539,,0.02,1006.2,10,2013-05-16 02:00:00.000000 +00:00
LGA,2013,5,15,23,69.08,55.94,62.93,250,8.05546,,0,1006.1,10,2013-05-16 03:00:00.000000 +00:00
LGA,2013,5,16,0,69.98,55.94,61.02,260,6.90468,,0,1006.1,10,2013-05-16 04:00:00.000000 +00:00
LGA,2013,5,16,1,66.92,55.94,67.79,320,4.60312,,0,1006,10,2013-05-16 05:00:00.000000 +00:00
LGA,2013,5,16,2,64.94,55.94,72.62,300,6.90468,,0,1006,10,2013-05-16 06:00:00.000000 +00:00
LGA,2013,5,16,3,64.94,55.04,70.28,300,5.7539,,0,1006.1,10,2013-05-16 07:00:00.000000 +00:00
LGA,2013,5,16,4,62.96,51.98,67.34,320,6.90468,,0,1006.2,10,2013-05-16 08:00:00.000000 +00:00
LGA,2013,5,16,5,64.04,50,60.25,310,4.60312,,0,1006.8,10,2013-05-16 09:00:00.000000 +00:00
LGA,2013,5,16,6,64.04,48.92,57.87,320,3.45234,,0,1007.6,10,2013-05-16 10:00:00.000000 +00:00
LGA,2013,5,16,7,66.02,46.94,50.14,330,4.60312,,0,1008.3,10,2013-05-16 11:00:00.000000 +00:00
LGA,2013,5,16,8,64.94,46.94,52.06,320,6.90468,,0,1008.9,10,2013-05-16 12:00:00.000000 +00:00
LGA,2013,5,16,9,68,42.08,38.91,300,6.90468,,0,1009.4,10,2013-05-16 13:00:00.000000 +00:00
LGA,2013,5,16,10,71.06,42.08,35.04,0,0,,0,1009.3,10,2013-05-16 14:00:00.000000 +00:00
LGA,2013,5,16,11,73.94,44.06,34.3,200,8.05546,,0,1008.7,10,2013-05-16 15:00:00.000000 +00:00
LGA,2013,5,16,12,75.02,42.98,31.74,250,9.20624,,0,1008.3,10,2013-05-16 16:00:00.000000 +00:00
LGA,2013,5,16,13,77,44.06,30.97,210,9.20624,,0,1007.8,10,2013-05-16 17:00:00.000000 +00:00
LGA,2013,5,16,14,78.08,42.98,28.68,200,11.5078,,0,1007.2,10,2013-05-16 18:00:00.000000 +00:00
LGA,2013,5,16,15,77,46.04,33.39,180,16.11092,,0,1006.8,10,2013-05-16 19:00:00.000000 +00:00
LGA,2013,5,16,16,77,48.92,37.21,180,12.65858,19.56326,0,1006.5,10,2013-05-16 20:00:00.000000 +00:00
LGA,2013,5,16,17,75.92,46.94,35.81,160,14.96014,18.41248,0,1006.3,10,2013-05-16 21:00:00.000000 +00:00
LGA,2013,5,16,18,73.94,42.08,31.79,180,12.65858,,0,1006.7,10,2013-05-16 22:00:00.000000 +00:00
LGA,2013,5,16,19,71.06,44.96,39.13,180,9.20624,,0,1007.4,10,2013-05-16 23:00:00.000000 +00:00
LGA,2013,5,16,20,71.06,48.02,43.92,180,9.20624,,0,1007.9,10,2013-05-17 00:00:00.000000 +00:00
LGA,2013,5,16,21,71.06,48.92,45.43,0,0,,0,1008.9,10,2013-05-17 01:00:00.000000 +00:00
LGA,2013,5,16,22,68,51.08,54.66,0,0,,0,1009.3,10,2013-05-17 02:00:00.000000 +00:00
LGA,2013,5,16,23,68,44.96,43.44,310,8.05546,,0,1009.7,10,2013-05-17 03:00:00.000000 +00:00
LGA,2013,5,17,0,69.98,39.92,33.44,320,9.20624,,0,1010.5,10,2013-05-17 04:00:00.000000 +00:00
LGA,2013,5,17,1,68,39.02,34.55,350,8.05546,,0,1011.2,10,2013-05-17 05:00:00.000000 +00:00
LGA,2013,5,17,2,66.02,35.06,31.66,330,13.80936,,0,1012.3,10,2013-05-17 06:00:00.000000 +00:00
LGA,2013,5,17,3,64.04,37.04,36.68,330,16.11092,,0,1013,10,2013-05-17 07:00:00.000000 +00:00
LGA,2013,5,17,4,62.06,41,45.91,310,13.80936,,0,1013.6,10,2013-05-17 08:00:00.000000 +00:00
LGA,2013,5,17,5,60.98,39.02,44.16,340,9.20624,,0,1015.1,10,2013-05-17 09:00:00.000000 +00:00
LGA,2013,5,17,6,60.98,39.92,45.74,10,5.7539,,0,1015.9,10,2013-05-17 10:00:00.000000 +00:00
LGA,2013,5,17,7,60.98,42.08,49.73,310,8.05546,,0,1017.1,10,2013-05-17 11:00:00.000000 +00:00
LGA,2013,5,17,8,62.06,41,45.91,310,6.90468,,0,1017.4,10,2013-05-17 12:00:00.000000 +00:00
LGA,2013,5,17,9,62.06,39.02,42.51,310,11.5078,,0,1017.8,10,2013-05-17 13:00:00.000000 +00:00
LGA,2013,5,17,10,62.96,39.02,41.18,310,10.35702,,0,1018.2,10,2013-05-17 14:00:00.000000 +00:00
LGA,2013,5,17,11,64.94,39.92,39.79,310,8.05546,,0,1018.5,10,2013-05-17 15:00:00.000000 +00:00
LGA,2013,5,17,12,66.02,37.94,35.47,320,12.65858,19.56326,0,1018.5,10,2013-05-17 16:00:00.000000 +00:00
LGA,2013,5,17,13,68,39.02,34.55,330,9.20624,19.56326,0,1018.6,10,2013-05-17 17:00:00.000000 +00:00
LGA,2013,5,17,14,69.08,37.04,30.81,300,11.5078,18.41248,0,1018.6,10,2013-05-17 18:00:00.000000 +00:00
LGA,2013,5,17,15,71.06,35.96,27.59,350,4.60312,,0,1018.3,10,2013-05-17 19:00:00.000000 +00:00
LGA,2013,5,17,16,71.96,35.96,26.76,0,0,,0,1018.4,10,2013-05-17 20:00:00.000000 +00:00
LGA,2013,5,17,17,71.96,37.04,27.93,30,4.60312,,0,1018.6,10,2013-05-17 21:00:00.000000 +00:00
LGA,2013,5,17,18,73.04,37.94,27.9,90,9.20624,,0,1018.9,10,2013-05-17 22:00:00.000000 +00:00
LGA,2013,5,17,19,71.06,37.04,28.79,70,6.90468,,0,1019.7,10,2013-05-17 23:00:00.000000 +00:00
LGA,2013,5,17,20,68,39.92,35.79,60,12.65858,,0,1020.9,10,2013-05-18 00:00:00.000000 +00:00
LGA,2013,5,17,21,66.92,39.02,35.87,70,4.60312,,0,1021.8,10,2013-05-18 01:00:00.000000 +00:00
LGA,2013,5,17,22,66.02,37.94,35.47,90,4.60312,,0,1022,10,2013-05-18 02:00:00.000000 +00:00
LGA,2013,5,17,23,66.02,37.04,34.24,0,0,,0,1022.5,10,2013-05-18 03:00:00.000000 +00:00
LGA,2013,5,18,0,62.96,41,44.47,0,0,,0,1022.5,10,2013-05-18 04:00:00.000000 +00:00
LGA,2013,5,18,1,60.08,46.04,59.72,0,0,,0,1022.7,10,2013-05-18 05:00:00.000000 +00:00
LGA,2013,5,18,2,60.98,44.96,55.52,0,0,,0,1022.7,10,2013-05-18 06:00:00.000000 +00:00
LGA,2013,5,18,3,57.92,51.08,77.92,60,5.7539,,0,1023.2,10,2013-05-18 07:00:00.000000 +00:00
LGA,2013,5,18,4,57.02,46.94,68.95,70,6.90468,,0,1023.8,10,2013-05-18 08:00:00.000000 +00:00
LGA,2013,5,18,5,55.94,48.02,74.67,0,0,,0,1024.4,10,2013-05-18 09:00:00.000000 +00:00
LGA,2013,5,18,6,55.94,50,80.4,50,5.7539,,0,1025,10,2013-05-18 10:00:00.000000 +00:00
LGA,2013,5,18,7,55.94,50,80.4,60,6.90468,,0,1025.6,10,2013-05-18 11:00:00.000000 +00:00
LGA,2013,5,18,8,57.92,50,74.86,60,6.90468,,0,1025.9,10,2013-05-18 12:00:00.000000 +00:00
LGA,2013,5,18,9,60.98,50,67.11,40,4.60312,,0,1026.2,10,2013-05-18 13:00:00.000000 +00:00
LGA,2013,5,18,10,64.94,44.96,48.3,180,9.20624,,0,1026.1,10,2013-05-18 14:00:00.000000 +00:00
LGA,2013,5,18,11,64.94,44.96,48.3,,5.7539,,0,1026.2,10,2013-05-18 15:00:00.000000 +00:00
LGA,2013,5,18,12,64.94,44.96,48.3,170,9.20624,,0,1025.9,10,2013-05-18 16:00:00.000000 +00:00
LGA,2013,5,18,13,64.94,46.94,52.06,170,9.20624,,0,1025.8,10,2013-05-18 17:00:00.000000 +00:00
LGA,2013,5,18,14,62.06,50,64.59,180,9.20624,,0,1025.8,10,2013-05-18 18:00:00.000000 +00:00
LGA,2013,5,18,15,62.06,53.06,72.33,150,8.05546,,0,1026.1,10,2013-05-18 19:00:00.000000 +00:00
LGA,2013,5,18,16,62.96,51.08,65.14,170,11.5078,,0,1026,10,2013-05-18 20:00:00.000000 +00:00
LGA,2013,5,18,17,60.98,51.08,69.86,170,10.35702,,0,1025.6,10,2013-05-18 21:00:00.000000 +00:00
LGA,2013,5,18,18,60.98,51.08,69.86,160,8.05546,,0,1025.6,10,2013-05-18 22:00:00.000000 +00:00
LGA,2013,5,18,19,60.98,51.08,69.86,140,8.05546,,0,1026.2,10,2013-05-18 23:00:00.000000 +00:00
LGA,2013,5,18,20,60.98,50,67.11,160,11.5078,,0,1025.9,10,2013-05-19 00:00:00.000000 +00:00
LGA,2013,5,18,21,60.08,48.92,66.56,180,11.5078,,0,1026.2,10,2013-05-19 01:00:00.000000 +00:00
LGA,2013,5,18,22,60.08,46.94,61.79,190,6.90468,,0,1026.1,10,2013-05-19 02:00:00.000000 +00:00
LGA,2013,5,18,23,60.08,44.96,57.33,180,11.5078,,0,1025.9,10,2013-05-19 03:00:00.000000 +00:00
LGA,2013,5,19,0,59,46.94,64.22,180,6.90468,,0,1026,10,2013-05-19 04:00:00.000000 +00:00
LGA,2013,5,19,1,57.92,48.92,71.9,190,8.05546,,0,1025.6,10,2013-05-19 05:00:00.000000 +00:00
LGA,2013,5,19,2,59,51.08,77.92,180,12.65858,,0,,10,2013-05-19 06:00:00.000000 +00:00
LGA,2013,5,19,3,57.2,53.06,90.03,180,13.80936,,0,,10,2013-05-19 07:00:00.000000 +00:00
LGA,2013,5,19,4,57.02,53.6,93.65,170,10.35702,,0.02,,10,2013-05-19 08:00:00.000000 +00:00
LGA,2013,5,19,5,57.02,51.98,83.21,150,12.65858,,0.02,1025.4,6,2013-05-19 09:00:00.000000 +00:00
LGA,2013,5,19,6,57.02,51.98,83.21,150,8.05546,,0,1025.9,7,2013-05-19 10:00:00.000000 +00:00
LGA,2013,5,19,7,57.2,53.6,87.74,160,5.7539,,0,,5,2013-05-19 11:00:00.000000 +00:00
LGA,2013,5,19,8,57.2,53.96,89.48,140,10.35702,,0.04,,4,2013-05-19 12:00:00.000000 +00:00
LGA,2013,5,19,9,57.92,53.96,87.74,160,9.20624,,0.01,,4,2013-05-19 13:00:00.000000 +00:00
LGA,2013,5,19,10,57.92,55.4,93.69,140,12.65858,,0.04,,2,2013-05-19 14:00:00.000000 +00:00
LGA,2013,5,19,11,57.92,55.04,90.11,140,10.35702,,0.04,1026.2,2,2013-05-19 15:00:00.000000 +00:00
LGA,2013,5,19,12,57.92,55.04,90.11,130,12.65858,,0.03,1025.6,2,2013-05-19 16:00:00.000000 +00:00
LGA,2013,5,19,13,59,55.04,86.69,130,10.35702,17.2617,0.03,1025,2,2013-05-19 17:00:00.000000 +00:00
LGA,2013,5,19,14,57.92,55.4,93.69,140,12.65858,,0.06,,2,2013-05-19 18:00:00.000000 +00:00
LGA,2013,5,19,15,59,55.04,86.69,130,8.05546,,0.02,1023.9,2,2013-05-19 19:00:00.000000 +00:00
LGA,2013,5,19,16,59,55.94,89.57,130,9.20624,,0.02,,2,2013-05-19 20:00:00.000000 +00:00
LGA,2013,5,19,17,59,55.4,90.11,110,10.35702,,0.04,,2,2013-05-19 21:00:00.000000 +00:00
LGA,2013,5,19,18,59,55.94,89.57,90,8.05546,,0.02,1023.2,2,2013-05-19 22:00:00.000000 +00:00
LGA,2013,5,19,19,57.92,55.94,93.1,110,8.05546,,0.01,1022.8,2,2013-05-19 23:00:00.000000 +00:00
LGA,2013,5,19,20,59,55.94,93.69,,5.7539,,0.01,,2,2013-05-20 00:00:00.000000 +00:00
LGA,2013,5,19,21,57.92,55.94,93.1,80,4.60312,,0.01,1022.4,2,2013-05-20 01:00:00.000000 +00:00
LGA,2013,5,19,22,57.92,55.94,93.69,90,8.05546,,0,,1,2013-05-20 02:00:00.000000 +00:00
LGA,2013,5,19,23,57.2,55.94,96.17,50,4.60312,,0.01,,0,2013-05-20 03:00:00.000000 +00:00
LGA,2013,5,20,0,57.2,55.94,96.17,50,4.60312,,0,,0,2013-05-20 04:00:00.000000 +00:00
LGA,2013,5,20,1,57.92,55.94,93.1,0,0,,0,1020.2,0,2013-05-20 05:00:00.000000 +00:00
LGA,2013,5,20,2,57.92,57.02,96.81,0,0,,0,1019.3,0,2013-05-20 06:00:00.000000 +00:00
LGA,2013,5,20,3,57.92,57.02,96.81,0,0,,0,1019.2,0,2013-05-20 07:00:00.000000 +00:00
LGA,2013,5,20,4,57.92,57.02,96.81,100,3.45234,,0,1018.9,0,2013-05-20 08:00:00.000000 +00:00
LGA,2013,5,20,5,57.92,57.2,100,60,3.45234,,0,,0,2013-05-20 09:00:00.000000 +00:00
LGA,2013,5,20,6,57.92,57.02,96.81,50,4.60312,,0,,0,2013-05-20 10:00:00.000000 +00:00
LGA,2013,5,20,7,59,57.92,96.2,0,0,,0,1019.3,0,2013-05-20 11:00:00.000000 +00:00
LGA,2013,5,20,8,62.06,59,93.79,0,0,,0,,1,2013-05-20 12:00:00.000000 +00:00
LGA,2013,5,20,9,66.02,60.98,93.83,240,9.20624,,0,,6,2013-05-20 13:00:00.000000 +00:00
LGA,2013,5,20,10,69.98,60.8,77.75,260,10.35702,,0,,6,2013-05-20 14:00:00.000000 +00:00
LGA,2013,5,20,11,73.04,62.06,68.47,230,4.60312,,0,1017.9,9,2013-05-20 15:00:00.000000 +00:00
LGA,2013,5,20,12,75.02,62.06,64.07,230,8.05546,,0,1017.1,10,2013-05-20 16:00:00.000000 +00:00
LGA,2013,5,20,13,75.2,62.6,64.91,240,12.65858,,0,,10,2013-05-20 17:00:00.000000 +00:00
LGA,2013,5,20,14,77,62.6,61.13,230,11.5078,,0,,10,2013-05-20 18:00:00.000000 +00:00
LGA,2013,5,20,15,78.08,62.06,57.87,220,9.20624,,0,1016,10,2013-05-20 19:00:00.000000 +00:00
LGA,2013,5,20,16,77,62.96,61.91,170,11.5078,,0,1015,10,2013-05-20 20:00:00.000000 +00:00
LGA,2013,5,20,17,78.08,62.96,59.74,150,10.35702,,0,1014.8,10,2013-05-20 21:00:00.000000 +00:00
LGA,2013,5,20,18,75.02,62.96,66.13,170,9.20624,,0,1014.7,10,2013-05-20 22:00:00.000000 +00:00
LGA,2013,5,20,19,73.94,62.96,68.57,,5.7539,,0,1014.7,10,2013-05-20 23:00:00.000000 +00:00
LGA,2013,5,20,20,71.96,60.98,68.35,180,8.05546,,0,1014.8,10,2013-05-21 00:00:00.000000 +00:00
LGA,2013,5,20,21,69.08,60.98,75.4,120,8.05546,,0,1015.6,10,2013-05-21 01:00:00.000000 +00:00
LGA,2013,5,20,22,71.06,62.06,73.22,190,6.90468,,0,1015,10,2013-05-21 02:00:00.000000 +00:00
LGA,2013,5,20,23,69.98,64.04,81.44,180,6.90468,,0,1014.5,9,2013-05-21 03:00:00.000000 +00:00
LGA,2013,5,21,0,69.98,64.04,81.44,180,5.7539,,0,1014.5,9,2013-05-21 04:00:00.000000 +00:00
LGA,2013,5,21,1,68,64.4,88.26,0,0,,0,,8,2013-05-21 05:00:00.000000 +00:00
LGA,2013,5,21,2,69.08,62.96,80.86,0,0,,0,1014.1,8,2013-05-21 06:00:00.000000 +00:00
LGA,2013,5,21,3,69.08,64.04,83.98,0,0,,0,1013.5,8,2013-05-21 07:00:00.000000 +00:00
LGA,2013,5,21,4,68,62.96,83.91,200,4.60312,,0,1013.7,7,2013-05-21 08:00:00.000000 +00:00
LGA,2013,5,21,5,68,64.04,87.16,180,5.7539,,0,1014,5,2013-05-21 09:00:00.000000 +00:00
LGA,2013,5,21,6,68,64.04,87.16,190,5.7539,,0,1014.5,5,2013-05-21 10:00:00.000000 +00:00
LGA,2013,5,21,7,71.96,64.94,78.57,240,6.90468,,0,1014.5,5,2013-05-21 11:00:00.000000 +00:00
LGA,2013,5,21,8,73.94,64.94,73.49,230,9.20624,,0,1014.3,6,2013-05-21 12:00:00.000000 +00:00
LGA,2013,5,21,9,77,66.02,68.9,,4.60312,,0,1014.1,7,2013-05-21 13:00:00.000000 +00:00
LGA,2013,5,21,10,80.06,64.94,59.99,230,9.20624,,0,1013.7,10,2013-05-21 14:00:00.000000 +00:00
LGA,2013,5,21,11,82.04,64.94,56.24,210,10.35702,,0,1012.9,10,2013-05-21 15:00:00.000000 +00:00
LGA,2013,5,21,12,82.94,64.04,52.93,220,10.35702,18.41248,0,1012.6,10,2013-05-21 16:00:00.000000 +00:00
LGA,2013,5,21,13,84.92,64.04,49.66,220,9.20624,,0,1012.2,10,2013-05-21 17:00:00.000000 +00:00
LGA,2013,5,21,14,84.2,66.2,56.72,160,17.2617,,0,,10,2013-05-21 18:00:00.000000 +00:00
LGA,2013,5,21,15,84.02,66.02,54.77,170,18.41248,21.86482,0,1010.9,10,2013-05-21 19:00:00.000000 +00:00
LGA,2013,5,21,16,84.02,64.94,52.75,160,14.96014,,0,1010.4,10,2013-05-21 20:00:00.000000 +00:00
LGA,2013,5,21,17,84.92,64.94,51.25,170,13.80936,20.71404,0,1010,10,2013-05-21 21:00:00.000000 +00:00
LGA,2013,5,21,18,84.92,64.04,49.66,210,14.96014,,0,1010.3,10,2013-05-21 22:00:00.000000 +00:00
LGA,2013,5,21,19,82.94,64.94,54.63,220,10.35702,,0,1010.7,10,2013-05-21 23:00:00.000000 +00:00
LGA,2013,5,21,20,78.08,62.96,59.74,160,8.05546,,0,1010.9,10,2013-05-22 00:00:00.000000 +00:00
LGA,2013,5,21,21,77,62.96,61.91,180,6.90468,,0,1010.7,10,2013-05-22 01:00:00.000000 +00:00
LGA,2013,5,21,22,75.92,64.04,66.65,180,6.90468,,0,1010.6,10,2013-05-22 02:00:00.000000 +00:00
LGA,2013,5,21,23,73.94,62.96,68.57,160,9.20624,,0,1010.6,10,2013-05-22 03:00:00.000000 +00:00
LGA,2013,5,22,0,73.04,64.04,73.41,190,4.60312,,0,1011.2,10,2013-05-22 04:00:00.000000 +00:00
LGA,2013,5,22,1,75.02,64.94,70.88,220,6.90468,,0,1011.1,10,2013-05-22 05:00:00.000000 +00:00
LGA,2013,5,22,2,73.04,64.94,75.75,180,6.90468,,0,1010.7,10,2013-05-22 06:00:00.000000 +00:00
LGA,2013,5,22,3,60.98,57.92,89.65,50,10.35702,,0,1011.7,6,2013-05-22 07:00:00.000000 +00:00
LGA,2013,5,22,4,60.98,57.92,89.65,50,13.80936,,0,,5,2013-05-22 08:00:00.000000 +00:00
LGA,2013,5,22,5,59,55.94,89.57,40,19.56326,25.31716,0,1012.7,2,2013-05-22 09:00:00.000000 +00:00
LGA,2013,5,22,6,57.92,55.04,90.11,50,12.65858,,0,1013.7,2,2013-05-22 10:00:00.000000 +00:00
LGA,2013,5,22,7,57.92,55.4,93.69,60,9.20624,,0,,2,2013-05-22 11:00:00.000000 +00:00
LGA,2013,5,22,8,59,55.94,93.69,50,6.90468,,0,,2,2013-05-22 12:00:00.000000 +00:00
LGA,2013,5,22,9,60.98,57.2,87.92,50,8.05546,,0,,2,2013-05-22 13:00:00.000000 +00:00
LGA,2013,5,22,10,62.6,57.2,83.54,40,5.7539,,0,,2,2013-05-22 14:00:00.000000 +00:00
LGA,2013,5,22,11,64.04,57.92,82.5,50,9.20624,,0,,3,2013-05-22 15:00:00.000000 +00:00
LGA,2013,5,22,12,68,59,72.92,50,6.90468,,0,1013,6,2013-05-22 16:00:00.000000 +00:00
LGA,2013,5,22,13,69.98,60.08,70.81,50,8.05546,,0,,7,2013-05-22 17:00:00.000000 +00:00
LGA,2013,5,22,14,75.02,62.06,64.07,20,3.45234,,0,1011.7,7,2013-05-22 18:00:00.000000 +00:00
LGA,2013,5,22,15,75.92,66.02,71.42,,6.90468,,0,1011,5,2013-05-22 19:00:00.000000 +00:00
LGA,2013,5,22,16,77,66.92,73.61,160,10.35702,,0,,5,2013-05-22 20:00:00.000000 +00:00
LGA,2013,5,22,17,78.08,66.92,68.59,,6.90468,,0,1010.5,8,2013-05-22 21:00:00.000000 +00:00
LGA,2013,5,22,18,75.02,64.04,68.69,150,8.05546,,0,1010.5,7,2013-05-22 22:00:00.000000 +00:00
LGA,2013,5,22,19,71.96,62.96,73.3,140,9.20624,,0,1010.6,6,2013-05-22 23:00:00.000000 +00:00
LGA,2013,5,22,20,69.98,62.96,78.41,170,3.45234,,0,1010.9,9,2013-05-23 00:00:00.000000 +00:00
LGA,2013,5,22,21,71.06,62.96,75.57,170,4.60312,,0,1011.6,9,2013-05-23 01:00:00.000000 +00:00
LGA,2013,5,22,22,71.96,64.04,76.13,180,5.7539,,0,1011.8,9,2013-05-23 02:00:00.000000 +00:00
LGA,2013,5,22,23,69.98,62.96,78.41,160,8.05546,,0,1011.8,9,2013-05-23 03:00:00.000000 +00:00
LGA,2013,5,23,0,69.98,62.96,78.41,180,8.05546,,0,1011.6,10,2013-05-23 04:00:00.000000 +00:00
LGA,2013,5,23,1,68,62.96,83.91,160,10.35702,,0,1011.2,10,2013-05-23 05:00:00.000000 +00:00
LGA,2013,5,23,2,66.02,60.98,83.79,160,6.90468,,0,1010.5,10,2013-05-23 06:00:00.000000 +00:00
LGA,2013,5,23,3,66.02,62.06,87.05,150,3.45234,,0,1010.8,10,2013-05-23 07:00:00.000000 +00:00
LGA,2013,5,23,4,66.02,62.06,87.05,170,6.90468,,0,1010.9,10,2013-05-23 08:00:00.000000 +00:00
LGA,2013,5,23,5,66.02,62.06,87.05,180,4.60312,,0,1011.4,8,2013-05-23 09:00:00.000000 +00:00
LGA,2013,5,23,6,68,62.96,83.91,180,6.90468,,0,1011.8,8,2013-05-23 10:00:00.000000 +00:00
LGA,2013,5,23,7,69.98,64.94,84.04,180,9.20624,,0,,10,2013-05-23 11:00:00.000000 +00:00
LGA,2013,5,23,8,69.08,64.94,86.66,170,8.05546,,0,1012.2,9,2013-05-23 12:00:00.000000 +00:00
LGA,2013,5,23,9,75.92,66.02,73.44,170,8.05546,,0,,10,2013-05-23 13:00:00.000000 +00:00
LGA,2013,5,23,10,78.98,64.94,62.16,170,11.5078,16.11092,0,1011.9,10,2013-05-23 14:00:00.000000 +00:00
LGA,2013,5,23,11,77,64.04,64.3,160,14.96014,20.71404,0,1011.4,10,2013-05-23 15:00:00.000000 +00:00
LGA,2013,5,23,12,77,64.04,64.3,170,16.11092,23.0156,0,1010.7,10,2013-05-23 16:00:00.000000 +00:00
LGA,2013,5,23,13,78.98,62.96,57.99,180,16.11092,23.0156,0,1010.2,10,2013-05-23 17:00:00.000000 +00:00
LGA,2013,5,23,14,71.96,64.94,78.57,170,17.2617,23.0156,0.01,1009.6,10,2013-05-23 18:00:00.000000 +00:00
LGA,2013,5,23,15,69.8,64.4,87.16,190,18.41248,,0.19,,5,2013-05-23 19:00:00.000000 +00:00
LGA,2013,5,23,16,68,62.96,88.18,180,13.80936,,0.33,,5,2013-05-23 20:00:00.000000 +00:00
LGA,2013,5,23,17,66.92,64.04,90.46,180,10.35702,,0,1009.5,7,2013-05-23 21:00:00.000000 +00:00
LGA,2013,5,23,18,68,62.6,88.18,170,13.80936,,0,,10,2013-05-23 22:00:00.000000 +00:00
LGA,2013,5,23,19,66.92,62.96,88.18,170,13.80936,,0,,8,2013-05-23 23:00:00.000000 +00:00
LGA,2013,5,23,20,64.94,62.06,90.39,170,10.35702,16.11092,0,1009.5,10,2013-05-24 00:00:00.000000 +00:00
LGA,2013,5,23,21,64.04,60.98,89.78,170,10.35702,,0,1008.9,10,2013-05-24 01:00:00.000000 +00:00
LGA,2013,5,23,22,66.2,62.6,89.78,170,12.65858,,0,,10,2013-05-24 02:00:00.000000 +00:00
LGA,2013,5,23,23,64.4,60.8,90.31,170,13.80936,,0,,10,2013-05-24 03:00:00.000000 +00:00
LGA,2013,5,24,0,64.4,60.8,88.09,180,12.65858,,0,,10,2013-05-24 04:00:00.000000 +00:00
LGA,2013,5,24,1,64.04,60.98,89.78,220,6.90468,,0,1006.7,7,2013-05-24 05:00:00.000000 +00:00
LGA,2013,5,24,2,64.4,60.98,89.78,0,0,,0.03,,8,2013-05-24 06:00:00.000000 +00:00
LGA,2013,5,24,3,64.04,60.98,89.78,170,3.45234,,0,1005,10,2013-05-24 07:00:00.000000 +00:00
LGA,2013,5,24,4,64.4,60.98,89.78,220,4.60312,,0.02,,10,2013-05-24 08:00:00.000000 +00:00
LGA,2013,5,24,5,64.94,60.98,87,210,6.90468,,0,1005.9,10,2013-05-24 09:00:00.000000 +00:00
LGA,2013,5,24,6,64.94,60.98,87,240,3.45234,,0,1006.2,7,2013-05-24 10:00:00.000000 +00:00
LGA,2013,5,24,7,64.94,60.08,84.26,290,4.60312,,0,1006.7,10,2013-05-24 11:00:00.000000 +00:00
LGA,2013,5,24,8,66.02,60.8,88.09,,3.45234,,0,,10,2013-05-24 12:00:00.000000 +00:00
LGA,2013,5,24,9,66.92,59,75.69,310,8.05546,,0,1007.3,10,2013-05-24 13:00:00.000000 +00:00
LGA,2013,5,24,10,60.8,53.6,77.49,300,14.96014,,0,,10,2013-05-24 14:00:00.000000 +00:00
LGA,2013,5,24,11,57.92,48.92,71.9,320,14.96014,,0,1008.6,10,2013-05-24 15:00:00.000000 +00:00
LGA,2013,5,24,12,55.94,46.94,71.7,330,16.11092,,0,1009.3,10,2013-05-24 16:00:00.000000 +00:00
LGA,2013,5,24,13,53.06,46.04,76.98,330,19.56326,26.46794,0.01,1009.8,10,2013-05-24 17:00:00.000000 +00:00
LGA,2013,5,24,14,51.98,46.94,82.87,320,16.11092,,0,1009.9,9,2013-05-24 18:00:00.000000 +00:00
LGA,2013,5,24,15,51.98,46.94,82.87,320,19.56326,26.46794,0.03,,7,2013-05-24 19:00:00.000000 +00:00
LGA,2013,5,24,16,53.06,46.94,79.64,330,16.11092,24.16638,0.06,1010.3,6,2013-05-24 20:00:00.000000 +00:00
LGA,2013,5,24,17,51.08,46.04,82.81,320,18.41248,23.0156,0.02,1011,10,2013-05-24 21:00:00.000000 +00:00
LGA,2013,5,24,18,50,44.06,79.94,320,18.41248,26.46794,0.02,1011.7,10,2013-05-24 22:00:00.000000 +00:00
LGA,2013,5,24,19,48.92,42.98,79.86,320,17.2617,25.31716,0,1012.5,10,2013-05-24 23:00:00.000000 +00:00
LGA,2013,5,24,20,48.92,42.08,77.14,310,21.86482,27.61872,0,1012.6,10,2013-05-25 00:00:00.000000 +00:00
LGA,2013,5,24,21,48.92,39.92,70.95,330,18.41248,,0,1013.2,10,2013-05-25 01:00:00.000000 +00:00
LGA,2013,5,24,22,48.92,41,73.99,320,16.11092,,0,1013.4,10,2013-05-25 02:00:00.000000 +00:00
LGA,2013,5,24,23,48.02,41,76.53,310,16.11092,,0.01,1013.5,10,2013-05-25 03:00:00.000000 +00:00
LGA,2013,5,25,0,46.94,41,81.34,320,17.2617,,0.03,,10,2013-05-25 04:00:00.000000 +00:00
LGA,2013,5,25,1,46.94,42.08,83.09,310,16.11092,,0.03,1012.5,10,2013-05-25 05:00:00.000000 +00:00
LGA,2013,5,25,2,46.94,41,79.7,330,16.11092,,0,1012.1,10,2013-05-25 06:00:00.000000 +00:00
LGA,2013,5,25,3,46.94,41,81.34,320,14.96014,,0,,10,2013-05-25 07:00:00.000000 +00:00
LGA,2013,5,25,4,46.94,41,81.34,320,18.41248,,0,,10,2013-05-25 08:00:00.000000 +00:00
LGA,2013,5,25,5,46.4,41,82.45,320,18.41248,24.16638,0,,10,2013-05-25 09:00:00.000000 +00:00
LGA,2013,5,25,6,46.94,42.8,87.19,320,18.41248,,0,,10,2013-05-25 10:00:00.000000 +00:00
LGA,2013,5,25,7,46.94,42.8,87.19,320,16.11092,,0.01,,8,2013-05-25 11:00:00.000000 +00:00
LGA,2013,5,25,8,48.02,42.08,79.79,330,16.11092,21.86482,0.01,1012.7,8,2013-05-25 12:00:00.000000 +00:00
LGA,2013,5,25,9,50,42.98,76.71,320,16.11092,21.86482,0,,8,2013-05-25 13:00:00.000000 +00:00
LGA,2013,5,25,10,51.98,42.08,68.86,300,24.16638,32.22184,0,1012,10,2013-05-25 14:00:00.000000 +00:00
LGA,2013,5,25,11,51.98,42.98,71.28,300,23.0156,29.92028,0,1012.4,10,2013-05-25 15:00:00.000000 +00:00
LGA,2013,5,25,12,51.08,42.08,71.19,300,20.71404,34.5234,0,1012.6,10,2013-05-25 16:00:00.000000 +00:00
LGA,2013,5,25,13,53.06,42.08,66.17,310,25.31716,34.5234,0.01,1012.4,10,2013-05-25 17:00:00.000000 +00:00
LGA,2013,5,25,14,53.96,42.08,64.03,310,23.0156,34.5234,0,1012.7,10,2013-05-25 18:00:00.000000 +00:00
LGA,2013,5,25,15,55.04,39.92,56.62,320,25.31716,40.2773,0,1013,10,2013-05-25 19:00:00.000000 +00:00
LGA,2013,5,25,16,53.96,39.92,58.89,330,29.92028,44.88042,0,1013.1,10,2013-05-25 20:00:00.000000 +00:00
LGA,2013,5,25,17,53.06,42.08,66.17,320,18.41248,32.22184,0,1013.9,10,2013-05-25 21:00:00.000000 +00:00
LGA,2013,5,25,18,53.06,39.02,58.77,310,26.46794,34.5234,0,1014.4,10,2013-05-25 22:00:00.000000 +00:00
LGA,2013,5,25,19,53.06,37.04,54.38,310,20.71404,31.07106,0,1015,10,2013-05-25 23:00:00.000000 +00:00
LGA,2013,5,25,20,53.06,37.04,54.38,310,23.0156,32.22184,0,1015.2,10,2013-05-26 00:00:00.000000 +00:00
LGA,2013,5,25,21,53.06,37.04,54.38,310,23.0156,41.42808,0,1015.5,10,2013-05-26 01:00:00.000000 +00:00
LGA,2013,5,25,22,51.08,37.04,58.49,310,24.16638,33.37262,0,1015.3,10,2013-05-26 02:00:00.000000 +00:00
LGA,2013,5,25,23,51.08,37.04,58.49,300,21.86482,31.07106,0,1014.7,10,2013-05-26 03:00:00.000000 +00:00
LGA,2013,5,26,0,50,37.04,60.89,320,21.86482,33.37262,0,1014.8,10,2013-05-26 04:00:00.000000 +00:00
LGA,2013,5,26,1,50,35.96,58.34,300,18.41248,27.61872,0,1014.5,10,2013-05-26 05:00:00.000000 +00:00
LGA,2013,5,26,2,50,37.04,60.89,290,19.56326,32.22184,0,1014,10,2013-05-26 06:00:00.000000 +00:00
LGA,2013,5,26,3,50,37.04,60.89,300,19.56326,31.07106,0,1014.1,10,2013-05-26 07:00:00.000000 +00:00
LGA,2013,5,26,4,50,35.96,58.34,290,19.56326,24.16638,0,1015,10,2013-05-26 08:00:00.000000 +00:00
LGA,2013,5,26,5,50,35.96,58.34,270,20.71404,27.61872,0,1015.4,10,2013-05-26 09:00:00.000000 +00:00
LGA,2013,5,26,6,50,35.96,58.34,270,17.2617,28.7695,0,1015.8,10,2013-05-26 10:00:00.000000 +00:00
LGA,2013,5,26,7,51.08,37.04,58.49,270,17.2617,25.31716,0,1016.2,10,2013-05-26 11:00:00.000000 +00:00
LGA,2013,5,26,8,53.96,35.96,50.42,290,19.56326,25.31716,0,1016.3,10,2013-05-26 12:00:00.000000 +00:00
LGA,2013,5,26,9,57.02,35.06,43.53,290,19.56326,31.07106,0,1016.1,10,2013-05-26 13:00:00.000000 +00:00
LGA,2013,5,26,10,59,35.96,42.02,310,20.71404,33.37262,0,1016,10,2013-05-26 14:00:00.000000 +00:00
LGA,2013,5,26,11,60.98,35.96,39.15,300,21.86482,28.7695,0,1016.8,10,2013-05-26 15:00:00.000000 +00:00
LGA,2013,5,26,12,62.96,33.98,33.75,310,17.2617,31.07106,0,1016.5,10,2013-05-26 16:00:00.000000 +00:00
LGA,2013,5,26,13,64.04,33.08,31.34,300,23.0156,29.92028,0,1016.2,10,2013-05-26 17:00:00.000000 +00:00
LGA,2013,5,26,14,64.94,33.98,31.48,300,17.2617,27.61872,0,1016.1,10,2013-05-26 18:00:00.000000 +00:00
LGA,2013,5,26,15,66.02,33.98,30.32,310,17.2617,26.46794,0,1016.4,10,2013-05-26 19:00:00.000000 +00:00
LGA,2013,5,26,16,66.02,33.98,30.32,320,21.86482,29.92028,0,1016.7,10,2013-05-26 20:00:00.000000 +00:00
LGA,2013,5,26,17,66.02,35.06,31.66,330,18.41248,26.46794,0,1017.2,10,2013-05-26 21:00:00.000000 +00:00
LGA,2013,5,26,18,66.02,33.98,30.32,320,19.56326,24.16638,0,1018.2,10,2013-05-26 22:00:00.000000 +00:00
LGA,2013,5,26,19,64.04,32,30.01,350,12.65858,,0,1019.1,10,2013-05-26 23:00:00.000000 +00:00
LGA,2013,5,26,20,62.06,33.98,34.83,350,10.35702,,0,1019.9,10,2013-05-27 00:00:00.000000 +00:00
LGA,2013,5,26,21,60.98,35.06,37.78,340,6.90468,,0,1021.3,10,2013-05-27 01:00:00.000000 +00:00
LGA,2013,5,26,22,60.08,33.08,36.04,340,5.7539,,0,1022.2,10,2013-05-27 02:00:00.000000 +00:00
LGA,2013,5,26,23,59,32,35.87,250,3.45234,,0,1022.6,10,2013-05-27 03:00:00.000000 +00:00
LGA,2013,5,27,0,59,33.08,37.46,290,6.90468,,0,1022.7,10,2013-05-27 04:00:00.000000 +00:00
LGA,2013,5,27,1,57.92,33.98,40.37,300,10.35702,,0,1022.6,10,2013-05-27 05:00:00.000000 +00:00
LGA,2013,5,27,2,57.92,33.98,40.37,290,9.20624,,0,1022.7,10,2013-05-27 06:00:00.000000 +00:00
LGA,2013,5,27,3,57.02,32,38.51,250,3.45234,,0,1022.7,10,2013-05-27 07:00:00.000000 +00:00
LGA,2013,5,27,4,55.94,30.92,38.34,0,0,,0,1023,10,2013-05-27 08:00:00.000000 +00:00
LGA,2013,5,27,5,55.94,30.92,38.34,270,3.45234,,0,1023.3,10,2013-05-27 09:00:00.000000 +00:00
LGA,2013,5,27,6,57.02,33.98,41.7,300,6.90468,,0,1023.6,10,2013-05-27 10:00:00.000000 +00:00
LGA,2013,5,27,7,59,33.08,37.46,280,5.7539,,0,1023.8,10,2013-05-27 11:00:00.000000 +00:00
LGA,2013,5,27,8,60.98,33.08,34.91,280,6.90468,,0,1024,10,2013-05-27 12:00:00.000000 +00:00
LGA,2013,5,27,9,62.96,33.08,32.55,290,5.7539,,0,1023.8,10,2013-05-27 13:00:00.000000 +00:00
LGA,2013,5,27,10,66.02,28.94,24.73,270,11.5078,,0,1023.6,10,2013-05-27 14:00:00.000000 +00:00
LGA,2013,5,27,11,68,28.94,23.1,260,9.20624,16.11092,0,1022.9,10,2013-05-27 15:00:00.000000 +00:00
LGA,2013,5,27,12,69.98,28.94,21.58,240,12.65858,,0,1022.2,10,2013-05-27 16:00:00.000000 +00:00
LGA,2013,5,27,13,73.04,30.02,20.33,260,11.5078,16.11092,0,1021.4,10,2013-05-27 17:00:00.000000 +00:00
LGA,2013,5,27,14,73.94,30.02,19.72,290,9.20624,23.0156,0,1020.9,10,2013-05-27 18:00:00.000000 +00:00
LGA,2013,5,27,15,73.94,33.08,22.32,200,10.35702,,0,1020.2,10,2013-05-27 19:00:00.000000 +00:00
LGA,2013,5,27,16,75.92,35.06,22.61,,6.90468,,0,1019.7,10,2013-05-27 20:00:00.000000 +00:00
LGA,2013,5,27,17,75.92,33.08,20.89,250,11.5078,,0,1019.6,10,2013-05-27 21:00:00.000000 +00:00
LGA,2013,5,27,18,75.02,33.08,21.53,250,9.20624,,0,1019.5,10,2013-05-27 22:00:00.000000 +00:00
LGA,2013,5,27,19,73.04,33.98,23.85,270,13.80936,19.56326,0,1019.8,10,2013-05-27 23:00:00.000000 +00:00
LGA,2013,5,27,20,71.06,35.96,27.59,240,11.5078,,0,1020.3,10,2013-05-28 00:00:00.000000 +00:00
LGA,2013,5,27,21,69.98,35.96,28.63,250,9.20624,,0,1020.7,10,2013-05-28 01:00:00.000000 +00:00
LGA,2013,5,27,22,69.08,35.96,29.52,240,8.05546,,0,1021.1,10,2013-05-28 02:00:00.000000 +00:00
LGA,2013,5,27,23,68,35.96,30.64,230,6.90468,,0,1021.5,10,2013-05-28 03:00:00.000000 +00:00
LGA,2013,5,28,0,66.02,39.02,37,230,6.90468,,0,1022,10,2013-05-28 04:00:00.000000 +00:00
LGA,2013,5,28,1,64.94,39.02,38.42,230,4.60312,,0,1022.2,10,2013-05-28 05:00:00.000000 +00:00
LGA,2013,5,28,2,64.04,41,42.82,240,3.45234,,0,1022.1,10,2013-05-28 06:00:00.000000 +00:00
LGA,2013,5,28,3,64.04,39.02,39.65,310,3.45234,,0,1022,10,2013-05-28 07:00:00.000000 +00:00
LGA,2013,5,28,4,62.06,42.08,47.86,0,0,,0,1022,10,2013-05-28 08:00:00.000000 +00:00
LGA,2013,5,28,5,57.92,50,74.86,50,4.60312,,0,1022.3,10,2013-05-28 09:00:00.000000 +00:00
LGA,2013,5,28,6,59,50,72.01,60,5.7539,,0,1022.5,10,2013-05-28 10:00:00.000000 +00:00
LGA,2013,5,28,7,60.98,48.92,64.46,60,4.60312,,0,1022.7,10,2013-05-28 11:00:00.000000 +00:00
LGA,2013,5,28,8,62.96,48.02,58.12,60,5.7539,,0,1023,10,2013-05-28 12:00:00.000000 +00:00
LGA,2013,5,28,9,69.08,46.04,43.61,0,0,,0,1022.9,10,2013-05-28 13:00:00.000000 +00:00
LGA,2013,5,28,10,71.06,39.92,32.23,210,6.90468,,0,1023,10,2013-05-28 14:00:00.000000 +00:00
LGA,2013,5,28,11,66.92,46.94,48.6,210,12.65858,,0,1023.4,10,2013-05-28 15:00:00.000000 +00:00
LGA,2013,5,28,12,62.06,51.98,69.51,170,8.05546,,0.01,1023.1,9,2013-05-28 16:00:00.000000 +00:00
LGA,2013,5,28,13,60.08,50,69.29,150,6.90468,,0.03,1022.6,9,2013-05-28 17:00:00.000000 +00:00
LGA,2013,5,28,14,60.08,51.08,72.13,120,8.05546,,0.02,1022.3,7,2013-05-28 18:00:00.000000 +00:00
LGA,2013,5,28,15,57.92,53.6,87.74,120,9.20624,,0.15,,3,2013-05-28 19:00:00.000000 +00:00
LGA,2013,5,28,16,57.2,53.96,89.48,70,10.35702,,0.14,,2,2013-05-28 20:00:00.000000 +00:00
LGA,2013,5,28,17,57.2,53.96,89.48,80,10.35702,,0.02,,3,2013-05-28 21:00:00.000000 +00:00
LGA,2013,5,28,18,60.08,55.94,86.18,120,6.90468,,0.02,1020.9,3,2013-05-28 22:00:00.000000 +00:00
LGA,2013,5,28,19,60.98,57.02,86.79,140,5.7539,,0.02,1020.6,3,2013-05-28 23:00:00.000000 +00:00
LGA,2013,5,28,20,60.08,55.94,86.18,120,8.05546,,0,1020.4,3,2013-05-29 00:00:00.000000 +00:00
LGA,2013,5,28,21,59,57.2,93.74,150,5.7539,,0,,2,2013-05-29 01:00:00.000000 +00:00
LGA,2013,5,28,22,59,55.94,89.57,110,4.60312,,0,1020.5,2,2013-05-29 02:00:00.000000 +00:00
LGA,2013,5,28,23,59,55.94,89.57,0,0,,0,1020.4,2,2013-05-29 03:00:00.000000 +00:00
LGA,2013,5,29,0,59,55.94,89.57,100,3.45234,,0,1020.1,2,2013-05-29 04:00:00.000000 +00:00
LGA,2013,5,29,1,59,55.94,89.57,30,4.60312,,0,1019.8,2,2013-05-29 05:00:00.000000 +00:00
LGA,2013,5,29,2,57.92,55.94,93.69,60,4.60312,,0,,0,2013-05-29 06:00:00.000000 +00:00
LGA,2013,5,29,3,57.92,57.2,100,60,4.60312,,0,,0,2013-05-29 07:00:00.000000 +00:00
LGA,2013,5,29,4,57.92,57.02,96.81,40,3.45234,,0,1018.4,0,2013-05-29 08:00:00.000000 +00:00
LGA,2013,5,29,5,57.92,57.02,96.81,40,3.45234,,0,1018.5,0,2013-05-29 09:00:00.000000 +00:00
LGA,2013,5,29,6,57.92,55.94,93.69,60,3.45234,,0,,1,2013-05-29 10:00:00.000000 +00:00
LGA,2013,5,29,7,59,57.02,93.13,80,3.45234,,0,,2,2013-05-29 11:00:00.000000 +00:00
LGA,2013,5,29,8,60.8,57.2,93.74,70,6.90468,,0,,2,2013-05-29 12:00:00.000000 +00:00
LGA,2013,5,29,9,62.06,57.02,83.54,60,6.90468,,0,,4,2013-05-29 13:00:00.000000 +00:00
LGA,2013,5,29,10,66.92,59,77.45,50,4.60312,,0,,5,2013-05-29 14:00:00.000000 +00:00
LGA,2013,5,29,11,73.94,60.98,63.94,0,0,,0,1018.5,5,2013-05-29 15:00:00.000000 +00:00
LGA,2013,5,29,12,73.94,62.06,66.43,220,9.20624,,0,1018.4,8,2013-05-29 16:00:00.000000 +00:00
LGA,2013,5,29,13,78.08,62.96,59.74,220,11.5078,,0,1017.9,10,2013-05-29 17:00:00.000000 +00:00
LGA,2013,5,29,14,80.96,62.96,54.35,230,11.5078,,0,1017.4,10,2013-05-29 18:00:00.000000 +00:00
LGA,2013,5,29,15,80.06,64.04,58.14,170,10.35702,,0,1017.2,10,2013-05-29 19:00:00.000000 +00:00
LGA,2013,5,29,16,80.96,64.04,56.45,180,9.20624,,0,1016.5,10,2013-05-29 20:00:00.000000 +00:00
LGA,2013,5,29,17,80.96,64.04,56.45,180,8.05546,,0,1016.3,10,2013-05-29 21:00:00.000000 +00:00
LGA,2013,5,29,18,78.98,62.06,56.18,170,9.20624,,0,1016,10,2013-05-29 22:00:00.000000 +00:00
LGA,2013,5,29,19,78.98,60.98,54.08,180,8.05546,,0,1015.8,10,2013-05-29 23:00:00.000000 +00:00
LGA,2013,5,29,20,78.08,60.98,55.7,200,6.90468,,0,1016,10,2013-05-30 00:00:00.000000 +00:00
LGA,2013,5,29,21,78.98,60.98,54.08,190,5.7539,,0,1016.3,10,2013-05-30 01:00:00.000000 +00:00
LGA,2013,5,29,22,80.06,62.06,54.23,220,9.20624,,0,1017.4,10,2013-05-30 02:00:00.000000 +00:00
LGA,2013,5,29,23,80.06,62.06,54.23,220,10.35702,,0,1017.7,10,2013-05-30 03:00:00.000000 +00:00
LGA,2013,5,30,0,78.98,62.96,57.99,220,9.20624,,0,1017.9,10,2013-05-30 04:00:00.000000 +00:00
LGA,2013,5,30,1,77,62.96,61.91,230,9.20624,,0,1018.1,10,2013-05-30 05:00:00.000000 +00:00
LGA,2013,5,30,2,77,64.04,64.3,240,9.20624,,0,1018,10,2013-05-30 06:00:00.000000 +00:00
LGA,2013,5,30,3,75.92,64.04,66.65,220,6.90468,,0,1018.1,10,2013-05-30 07:00:00.000000 +00:00
LGA,2013,5,30,4,75.02,64.04,68.69,230,8.05546,,0,1018.2,10,2013-05-30 08:00:00.000000 +00:00
LGA,2013,5,30,5,73.94,64.04,71.22,230,6.90468,,0,1018.7,10,2013-05-30 09:00:00.000000 +00:00
LGA,2013,5,30,6,75.02,64.94,70.88,240,8.05546,,0,1019.2,10,2013-05-30 10:00:00.000000 +00:00
LGA,2013,5,30,7,78.08,64.04,62.05,230,9.20624,,0,1019.7,10,2013-05-30 11:00:00.000000 +00:00
LGA,2013,5,30,8,82.04,62.06,50.84,250,8.05546,16.11092,0,1019.9,10,2013-05-30 12:00:00.000000 +00:00
LGA,2013,5,30,9,84.02,60.98,45.9,300,5.7539,,0,1019.7,10,2013-05-30 13:00:00.000000 +00:00
LGA,2013,5,30,10,86,62.06,44.75,340,3.45234,,0,1019.6,10,2013-05-30 14:00:00.000000 +00:00
LGA,2013,5,30,11,89.06,60.98,39.08,270,9.20624,,0,1019.7,10,2013-05-30 15:00:00.000000 +00:00
LGA,2013,5,30,12,89.96,60.98,37.99,,5.7539,,0,1019.4,10,2013-05-30 16:00:00.000000 +00:00
LGA,2013,5,30,13,91.04,59,34.22,230,9.20624,,0,1018.7,10,2013-05-30 17:00:00.000000 +00:00
LGA,2013,5,30,14,91.94,57.92,32.01,240,10.35702,,0,1018.4,10,2013-05-30 18:00:00.000000 +00:00
LGA,2013,5,30,15,93.02,57.92,30.95,250,10.35702,,0,1017.8,10,2013-05-30 19:00:00.000000 +00:00
LGA,2013,5,30,16,89.96,60.98,37.99,180,12.65858,,0,1017.8,10,2013-05-30 20:00:00.000000 +00:00
LGA,2013,5,30,17,87.98,62.06,42.02,180,12.65858,,0,1017.4,10,2013-05-30 21:00:00.000000 +00:00
LGA,2013,5,30,18,87.98,60.98,40.44,170,9.20624,,0,1017.3,10,2013-05-30 22:00:00.000000 +00:00
LGA,2013,5,30,19,86,62.06,44.75,170,6.90468,,0,1017.5,10,2013-05-30 23:00:00.000000 +00:00
LGA,2013,5,30,20,87.98,59,37.69,240,8.05546,,0,1017.7,10,2013-05-31 00:00:00.000000 +00:00
LGA,2013,5,30,21,87.08,59,38.78,220,5.7539,,0,1018.1,10,2013-05-31 01:00:00.000000 +00:00
LGA,2013,5,30,22,86,59,40.14,210,5.7539,,0,1018.4,10,2013-05-31 02:00:00.000000 +00:00
LGA,2013,5,30,23,84.92,62.06,46.32,250,9.20624,,0,1018.6,10,2013-05-31 03:00:00.000000 +00:00
LGA,2013,5,31,0,82.94,62.96,50.97,230,9.20624,,0,1018.8,10,2013-05-31 04:00:00.000000 +00:00
LGA,2013,5,31,1,82.04,62.96,52.47,240,9.20624,,0,1018.8,10,2013-05-31 05:00:00.000000 +00:00
LGA,2013,5,31,2,80.06,62.96,55.97,230,6.90468,,0,1018.7,10,2013-05-31 06:00:00.000000 +00:00
LGA,2013,5,31,3,78.98,62.96,57.99,220,5.7539,,0,1018.7,10,2013-05-31 07:00:00.000000 +00:00
LGA,2013,5,31,4,77,62.96,61.91,0,0,,0,1018.7,10,2013-05-31 08:00:00.000000 +00:00
LGA,2013,5,31,5,77,64.04,64.3,0,0,,0,1019.1,10,2013-05-31 09:00:00.000000 +00:00
LGA,2013,5,31,6,78.08,64.04,62.05,220,6.90468,,0,1019.6,10,2013-05-31 10:00:00.000000 +00:00
LGA,2013,5,31,7,80.96,64.04,56.45,0,0,,0,1019.8,10,2013-05-31 11:00:00.000000 +00:00
LGA,2013,5,31,8,82.04,64.04,54.5,320,3.45234,,0,1019.8,10,2013-05-31 12:00:00.000000 +00:00
LGA,2013,5,31,9,86,64.94,49.51,0,0,,0,1019.3,10,2013-05-31 13:00:00.000000 +00:00
LGA,2013,5,31,10,89.06,64.04,43.53,,3.45234,,0,1019.1,10,2013-05-31 14:00:00.000000 +00:00
LGA,2013,5,31,11,89.96,62.06,39.47,50,4.60312,,0,1018.6,10,2013-05-31 15:00:00.000000 +00:00
LGA,2013,5,31,12,91.04,62.96,39.38,180,12.65858,18.41248,0,1018.2,10,2013-05-31 16:00:00.000000 +00:00
LGA,2013,5,31,13,91.94,60.98,35.7,180,13.80936,20.71404,0,1017.7,10,2013-05-31 17:00:00.000000 +00:00
LGA,2013,5,31,14,87.08,64.04,46.35,150,13.80936,,0,1017.4,10,2013-05-31 18:00:00.000000 +00:00
LGA,2013,5,31,15,87.98,62.96,43.37,170,12.65858,,0,1017,10,2013-05-31 19:00:00.000000 +00:00
LGA,2013,5,31,16,87.98,60.98,40.44,150,11.5078,18.41248,0,1016.3,10,2013-05-31 20:00:00.000000 +00:00
LGA,2013,5,31,17,87.08,60.98,41.61,150,10.35702,,0,1015.7,10,2013-05-31 21:00:00.000000 +00:00
LGA,2013,5,31,18,84.92,62.06,46.32,170,9.20624,,0,1015.5,10,2013-05-31 22:00:00.000000 +00:00
LGA,2013,5,31,19,84.92,57.92,39.97,180,9.20624,,0,1015.2,10,2013-05-31 23:00:00.000000 +00:00
LGA,2013,5,31,20,84.02,59,42.77,180,8.05546,,0,1015.3,10,2013-06-01 00:00:00.000000 +00:00
LGA,2013,5,31,21,82.94,60.98,47.52,200,8.05546,,0,1016.1,10,2013-06-01 01:00:00.000000 +00:00
LGA,2013,5,31,22,84.02,60.08,44.45,230,8.05546,,0,1016.5,10,2013-06-01 02:00:00.000000 +00:00
LGA,2013,5,31,23,82.94,60.08,46.03,220,9.20624,,0,1016.3,10,2013-06-01 03:00:00.000000 +00:00
LGA,2013,6,1,0,80.96,62.06,52.66,220,9.20624,,0,1016.2,10,2013-06-01 04:00:00.000000 +00:00
LGA,2013,6,1,1,78.98,64.04,60.23,220,10.35702,,0,1015.9,10,2013-06-01 05:00:00.000000 +00:00
LGA,2013,6,1,2,78.08,64.04,62.05,230,10.35702,,0,1015.7,10,2013-06-01 06:00:00.000000 +00:00
LGA,2013,6,1,3,77,64.94,66.36,220,8.05546,,0,1015.6,10,2013-06-01 07:00:00.000000 +00:00
LGA,2013,6,1,4,75.92,64.94,68.78,220,8.05546,,0,1015.9,10,2013-06-01 08:00:00.000000 +00:00
LGA,2013,6,1,5,75.92,64.04,66.65,220,10.35702,,0,1015.8,10,2013-06-01 09:00:00.000000 +00:00
LGA,2013,6,1,6,75.92,64.04,66.65,220,9.20624,,0,1016.2,10,2013-06-01 10:00:00.000000 +00:00
LGA,2013,6,1,7,78.08,64.04,62.05,220,11.5078,,0,1016.2,10,2013-06-01 11:00:00.000000 +00:00
LGA,2013,6,1,8,78.98,64.04,60.23,230,11.5078,,0,1016.4,10,2013-06-01 12:00:00.000000 +00:00
LGA,2013,6,1,9,80.96,64.04,56.45,230,9.20624,,0,1015.6,10,2013-06-01 13:00:00.000000 +00:00
LGA,2013,6,1,10,84.02,64.04,51.12,220,10.35702,,0,1015.5,10,2013-06-01 14:00:00.000000 +00:00
LGA,2013,6,1,11,86,64.04,47.97,240,11.5078,,0,1015.3,10,2013-06-01 15:00:00.000000 +00:00
LGA,2013,6,1,12,87.98,64.94,46.48,170,13.80936,18.41248,0,1014.8,10,2013-06-01 16:00:00.000000 +00:00
LGA,2013,6,1,13,87.98,64.94,46.48,160,13.80936,,0,1014.2,10,2013-06-01 17:00:00.000000 +00:00
LGA,2013,6,1,14,87.98,64.04,45.04,150,11.5078,,0,1013.6,10,2013-06-01 18:00:00.000000 +00:00
LGA,2013,6,1,15,89.06,62.96,41.91,170,13.80936,,0,1013.1,10,2013-06-01 19:00:00.000000 +00:00
LGA,2013,6,1,16,87.98,62.96,43.37,160,12.65858,,0,1012.9,10,2013-06-01 20:00:00.000000 +00:00
LGA,2013,6,1,17,87.98,62.96,43.37,170,13.80936,,0,1012.4,10,2013-06-01 21:00:00.000000 +00:00
LGA,2013,6,1,18,82.94,64.04,52.93,180,11.5078,,0,1012.2,10,2013-06-01 22:00:00.000000 +00:00
LGA,2013,6,1,19,82.04,64.04,54.5,190,10.35702,,0,1012.6,10,2013-06-01 23:00:00.000000 +00:00
LGA,2013,6,1,20,80.06,64.04,58.14,180,10.35702,,0,1012.8,10,2013-06-02 00:00:00.000000 +00:00
LGA,2013,6,1,21,78.08,64.04,62.05,190,10.35702,,0,1012.9,10,2013-06-02 01:00:00.000000 +00:00
LGA,2013,6,1,22,75.02,64.04,68.69,180,10.35702,,0,1013.1,10,2013-06-02 02:00:00.000000 +00:00
LGA,2013,6,1,23,75.02,64.04,68.69,190,12.65858,,0,1013,10,2013-06-02 03:00:00.000000 +00:00
LGA,2013,6,2,0,75.92,64.94,68.78,170,9.20624,,0,1012.5,10,2013-06-02 04:00:00.000000 +00:00
LGA,2013,6,2,1,73.94,64.04,71.22,170,8.05546,,0,1012.2,10,2013-06-02 05:00:00.000000 +00:00
LGA,2013,6,2,2,75.02,64.04,68.69,190,9.20624,,0,1011.5,10,2013-06-02 06:00:00.000000 +00:00
LGA,2013,6,2,3,73.04,62.96,70.68,190,11.5078,,0,1011.5,10,2013-06-02 07:00:00.000000 +00:00
LGA,2013,6,2,4,71.96,62.96,73.3,180,9.20624,,0,1011.5,10,2013-06-02 08:00:00.000000 +00:00
LGA,2013,6,2,5,69.98,62.06,75.96,170,8.05546,,0,1011.3,10,2013-06-02 09:00:00.000000 +00:00
LGA,2013,6,2,6,73.94,64.04,71.22,180,9.20624,,0,1011.2,10,2013-06-02 10:00:00.000000 +00:00
LGA,2013,6,2,7,75.92,64.04,66.65,190,10.35702,,0,1011.3,10,2013-06-02 11:00:00.000000 +00:00
LGA,2013,6,2,8,80.06,64.04,58.14,200,13.80936,,0,1010.8,10,2013-06-02 12:00:00.000000 +00:00
LGA,2013,6,2,9,82.04,64.04,54.5,200,14.96014,20.71404,0,1010.2,10,2013-06-02 13:00:00.000000 +00:00
LGA,2013,6,2,10,84.92,64.94,51.25,200,14.96014,18.41248,0,1010.1,10,2013-06-02 14:00:00.000000 +00:00
LGA,2013,6,2,11,86,64.04,47.97,180,13.80936,23.0156,0,1010.1,10,2013-06-02 15:00:00.000000 +00:00
LGA,2013,6,2,12,87.08,64.04,46.35,210,8.05546,19.56326,0,1009.8,10,2013-06-02 16:00:00.000000 +00:00
LGA,2013,6,2,13,87.08,64.04,46.35,170,13.80936,19.56326,0,1009.4,10,2013-06-02 17:00:00.000000 +00:00
LGA,2013,6,2,14,86,64.04,47.97,170,16.11092,,0,1008.8,10,2013-06-02 18:00:00.000000 +00:00
LGA,2013,6,2,15,84.02,62.96,49.22,160,12.65858,,0,1008.5,10,2013-06-02 19:00:00.000000 +00:00
LGA,2013,6,2,16,84.02,62.96,49.22,170,12.65858,,0,1008.1,10,2013-06-02 20:00:00.000000 +00:00
LGA,2013,6,2,17,82.04,62.96,52.47,180,11.5078,,0,1008.1,10,2013-06-02 21:00:00.000000 +00:00
LGA,2013,6,2,18,86,60.08,41.71,230,18.41248,24.16638,0,1008.3,10,2013-06-02 22:00:00.000000 +00:00
LGA,2013,6,2,19,84.02,64.04,51.12,200,10.35702,18.41248,0,1008.7,10,2013-06-02 23:00:00.000000 +00:00
LGA,2013,6,2,20,78.98,64.94,62.16,160,9.20624,,0,1009.3,10,2013-06-03 00:00:00.000000 +00:00
LGA,2013,6,2,21,78.08,62.96,59.74,200,9.20624,,0,1009.5,10,2013-06-03 01:00:00.000000 +00:00
LGA,2013,6,2,22,78.8,66.02,66.48,190,12.65858,,0,,8,2013-06-03 02:00:00.000000 +00:00
LGA,2013,6,2,23,73.04,66.02,78.65,240,14.96014,26.46794,0.04,1010,5,2013-06-03 03:00:00.000000 +00:00
LGA,2013,6,3,0,73.4,66.2,78.65,210,10.35702,,0.07,,10,2013-06-03 04:00:00.000000 +00:00
LGA,2013,6,3,1,73.94,66.02,76.31,220,10.35702,,0,1009.8,10,2013-06-03 05:00:00.000000 +00:00
LGA,2013,6,3,2,71.96,66.02,81.57,220,12.65858,20.71404,0,1010,10,2013-06-03 06:00:00.000000 +00:00
LGA,2013,6,3,3,71.96,66.92,84.16,230,9.20624,,0.02,1009.6,10,2013-06-03 07:00:00.000000 +00:00
LGA,2013,6,3,4,71.96,66.92,84.16,240,5.7539,,0.01,1009,10,2013-06-03 08:00:00.000000 +00:00
LGA,2013,6,3,5,71.96,66.92,84.16,200,8.05546,,0,1009.6,10,2013-06-03 09:00:00.000000 +00:00
LGA,2013,6,3,6,71.6,66.2,87.26,200,10.35702,,0,,10,2013-06-03 10:00:00.000000 +00:00
LGA,2013,6,3,7,71.06,66.02,84.1,210,10.35702,,0,1010,9,2013-06-03 11:00:00.000000 +00:00
LGA,2013,6,3,8,71.06,66.92,88.34,210,11.5078,,0.06,,8,2013-06-03 12:00:00.000000 +00:00
LGA,2013,6,3,9,71.6,66.92,90.02,240,11.5078,,0.21,,4,2013-06-03 13:00:00.000000 +00:00
LGA,2013,6,3,10,71.6,66.2,88.34,360,6.90468,,0.02,,10,2013-06-03 14:00:00.000000 +00:00
LGA,2013,6,3,11,73.4,66.2,78.65,50,8.05546,,0,,10,2013-06-03 15:00:00.000000 +00:00
LGA,2013,6,3,12,73.94,64.94,73.49,60,9.20624,,0,,10,2013-06-03 16:00:00.000000 +00:00
LGA,2013,6,3,13,75.92,62.96,64.17,70,9.20624,,0,1009.9,10,2013-06-03 17:00:00.000000 +00:00
LGA,2013,6,3,14,77,62.06,59.98,,5.7539,,0,1009.7,10,2013-06-03 18:00:00.000000 +00:00
LGA,2013,6,3,15,77,64.04,64.3,,6.90468,,0,1009.5,10,2013-06-03 19:00:00.000000 +00:00
LGA,2013,6,3,16,77,64.94,66.36,,5.7539,,0,1009.1,10,2013-06-03 20:00:00.000000 +00:00
LGA,2013,6,3,17,73.4,66.2,87.26,,9.20624,,0.45,,2,2013-06-03 21:00:00.000000 +00:00
LGA,2013,6,3,18,71.96,66.2,83.09,180,6.90468,,0.19,,10,2013-06-03 22:00:00.000000 +00:00
LGA,2013,6,3,19,71.96,64.94,78.57,230,3.45234,,0,1009.7,10,2013-06-03 23:00:00.000000 +00:00
LGA,2013,6,3,20,71.96,62.96,73.3,0,0,,0,1009.9,10,2013-06-04 00:00:00.000000 +00:00
LGA,2013,6,3,21,73.04,57.02,57.2,340,9.20624,,0,1010.5,10,2013-06-04 01:00:00.000000 +00:00
LGA,2013,6,3,22,71.06,53.06,52.95,340,8.05546,,0,1011,10,2013-06-04 02:00:00.000000 +00:00
LGA,2013,6,3,23,69.98,46.94,43.75,330,11.5078,,0,1011.6,10,2013-06-04 03:00:00.000000 +00:00
LGA,2013,6,4,0,68,46.04,45.26,350,10.35702,,0,1012.5,10,2013-06-04 04:00:00.000000 +00:00
LGA,2013,6,4,1,66.02,42.08,41.67,350,11.5078,,0,1012.8,10,2013-06-04 05:00:00.000000 +00:00
LGA,2013,6,4,2,64.04,42.98,46.22,340,12.65858,23.0156,0,1013.1,10,2013-06-04 06:00:00.000000 +00:00
LGA,2013,6,4,3,62.06,39.92,44.02,340,11.5078,,0,1013.3,10,2013-06-04 07:00:00.000000 +00:00
LGA,2013,6,4,4,60.98,41,47.7,330,10.35702,,0,1013.9,10,2013-06-04 08:00:00.000000 +00:00
LGA,2013,6,4,5,59,41,51.18,340,16.11092,24.16638,0,1014.6,10,2013-06-04 09:00:00.000000 +00:00
LGA,2013,6,4,6,59,41,51.18,340,10.35702,18.41248,0,1015.3,10,2013-06-04 10:00:00.000000 +00:00
LGA,2013,6,4,7,60.08,39.92,47.22,320,16.11092,24.16638,0,1015.8,10,2013-06-04 11:00:00.000000 +00:00
LGA,2013,6,4,8,60.98,41,47.7,320,14.96014,,0,1016.1,10,2013-06-04 12:00:00.000000 +00:00
LGA,2013,6,4,9,62.96,41,44.47,330,10.35702,,0,1016.8,10,2013-06-04 13:00:00.000000 +00:00
LGA,2013,6,4,10,64.04,41,42.82,310,9.20624,,0,1016.9,10,2013-06-04 14:00:00.000000 +00:00
LGA,2013,6,4,11,66.92,42.08,40.39,310,10.35702,,0,1016.9,10,2013-06-04 15:00:00.000000 +00:00
LGA,2013,6,4,12,69.08,41,35.96,310,13.80936,,0,1016.8,10,2013-06-04 16:00:00.000000 +00:00
LGA,2013,6,4,13,69.98,39.92,33.44,340,11.5078,21.86482,0,1016.2,10,2013-06-04 17:00:00.000000 +00:00
LGA,2013,6,4,14,73.04,41,31.43,320,17.2617,24.16638,0,1015.8,10,2013-06-04 18:00:00.000000 +00:00
LGA,2013,6,4,15,73.94,39.02,28.24,320,10.35702,23.0156,0,1015.7,10,2013-06-04 19:00:00.000000 +00:00
LGA,2013,6,4,16,75.02,39.92,28.2,320,9.20624,,0,1015.6,10,2013-06-04 20:00:00.000000 +00:00
LGA,2013,6,4,17,75.02,37.04,25.2,300,13.80936,20.71404,0,1015.5,10,2013-06-04 21:00:00.000000 +00:00
LGA,2013,6,4,18,75.02,37.94,26.1,330,9.20624,,0,1015.9,10,2013-06-04 22:00:00.000000 +00:00
LGA,2013,6,4,19,73.04,39.92,30.14,330,11.5078,,0,1016.7,10,2013-06-04 23:00:00.000000 +00:00
LGA,2013,6,4,20,71.96,39.92,31.26,320,12.65858,,0,1017.4,10,2013-06-05 00:00:00.000000 +00:00
LGA,2013,6,4,21,71.06,41,33.61,320,11.5078,,0,1018.7,10,2013-06-05 01:00:00.000000 +00:00
LGA,2013,6,4,22,69.08,39.02,33.3,320,11.5078,,0,1019,10,2013-06-05 02:00:00.000000 +00:00
LGA,2013,6,4,23,66.92,37.04,33.19,320,13.80936,,0,1019.3,10,2013-06-05 03:00:00.000000 +00:00
LGA,2013,6,5,0,66.02,39.02,37,320,11.5078,,0,1019.5,10,2013-06-05 04:00:00.000000 +00:00
LGA,2013,6,5,1,64.04,37.04,36.68,350,3.45234,,0,1019.5,10,2013-06-05 05:00:00.000000 +00:00
LGA,2013,6,5,2,62.06,42.98,49.55,20,5.7539,,0,1019.6,10,2013-06-05 06:00:00.000000 +00:00
LGA,2013,6,5,3,62.06,37.04,39.33,40,3.45234,,0,1020.1,10,2013-06-05 07:00:00.000000 +00:00
LGA,2013,6,5,4,60.08,39.92,47.22,50,5.7539,,0,1020.3,10,2013-06-05 08:00:00.000000 +00:00
LGA,2013,6,5,5,59,41,51.18,0,0,,0,1021,10,2013-06-05 09:00:00.000000 +00:00
LGA,2013,6,5,6,60.98,39.92,45.74,40,6.90468,,0,1021.9,10,2013-06-05 10:00:00.000000 +00:00
LGA,2013,6,5,7,62.06,42.08,47.86,40,5.7539,,0,1022.6,10,2013-06-05 11:00:00.000000 +00:00
LGA,2013,6,5,8,62.96,42.98,48,40,6.90468,,0,1022.8,10,2013-06-05 12:00:00.000000 +00:00
LGA,2013,6,5,9,64.94,46.04,50.32,40,4.60312,,0,1022.9,10,2013-06-05 13:00:00.000000 +00:00
LGA,2013,6,5,10,68,46.94,46.83,40,6.90468,,0,1022.7,10,2013-06-05 14:00:00.000000 +00:00
LGA,2013,6,5,11,68,48.02,48.77,50,9.20624,,0,1022,10,2013-06-05 15:00:00.000000 +00:00
LGA,2013,6,5,12,71.06,48.02,43.92,40,9.20624,,0,1021.5,10,2013-06-05 16:00:00.000000 +00:00
LGA,2013,6,5,13,71.96,42.98,35.19,80,10.35702,17.2617,0,1021,10,2013-06-05 17:00:00.000000 +00:00
LGA,2013,6,5,14,71.96,41,32.6,140,8.05546,16.11092,0,1020.4,10,2013-06-05 18:00:00.000000 +00:00
LGA,2013,6,5,15,71.96,41,32.6,140,9.20624,19.56326,0,1020.2,10,2013-06-05 19:00:00.000000 +00:00
LGA,2013,6,5,16,71.96,39.92,31.26,150,11.5078,,0,1020.6,10,2013-06-05 20:00:00.000000 +00:00
LGA,2013,6,5,17,71.06,39.92,32.23,150,11.5078,,0,1020.5,10,2013-06-05 21:00:00.000000 +00:00
LGA,2013,6,5,18,69.08,41,35.96,170,8.05546,,0,1020.5,10,2013-06-05 22:00:00.000000 +00:00
LGA,2013,6,5,19,68,42.08,38.91,150,6.90468,,0,1020.3,10,2013-06-05 23:00:00.000000 +00:00
LGA,2013,6,5,20,66.02,46.04,48.47,130,5.7539,,0,1020.3,10,2013-06-06 00:00:00.000000 +00:00
LGA,2013,6,5,21,62.96,51.08,65.14,150,8.05546,,0,1020.7,10,2013-06-06 01:00:00.000000 +00:00
LGA,2013,6,5,22,62.96,51.98,67.34,170,5.7539,,0,1020.9,10,2013-06-06 02:00:00.000000 +00:00
LGA,2013,6,5,23,62.06,53.96,74.75,140,4.60312,,0,1020.6,10,2013-06-06 03:00:00.000000 +00:00
LGA,2013,6,6,0,62.06,55.04,77.75,170,4.60312,,0,1020.6,10,2013-06-06 04:00:00.000000 +00:00
LGA,2013,6,6,1,60.98,55.94,83.47,140,4.60312,,0,,10,2013-06-06 05:00:00.000000 +00:00
LGA,2013,6,6,2,60.98,55.94,83.47,110,4.60312,,0,1020.6,10,2013-06-06 06:00:00.000000 +00:00
LGA,2013,6,6,3,60.98,55.94,83.47,140,3.45234,,0,,10,2013-06-06 07:00:00.000000 +00:00
LGA,2013,6,6,4,60.98,55.4,82.37,110,4.60312,,0,,10,2013-06-06 08:00:00.000000 +00:00
LGA,2013,6,6,5,60.08,55.04,83.41,90,5.7539,,0,1020.1,9,2013-06-06 09:00:00.000000 +00:00
LGA,2013,6,6,6,60.98,55.4,82.37,110,6.90468,,0,,10,2013-06-06 10:00:00.000000 +00:00
LGA,2013,6,6,7,62.06,55.4,82.37,130,6.90468,,0,,9,2013-06-06 11:00:00.000000 +00:00
LGA,2013,6,6,8,64.94,53.06,65.37,150,4.60312,,0,1020.3,10,2013-06-06 12:00:00.000000 +00:00
LGA,2013,6,6,9,69.08,51.98,54.45,170,10.35702,17.2617,0,1019.9,10,2013-06-06 13:00:00.000000 +00:00
LGA,2013,6,6,10,71.06,50,47.29,130,13.80936,18.41248,0,1019.8,10,2013-06-06 14:00:00.000000 +00:00
LGA,2013,6,6,11,69.98,46.04,42.29,140,14.96014,20.71404,0,1019.6,10,2013-06-06 15:00:00.000000 +00:00
LGA,2013,6,6,12,71.06,44.06,37.81,120,13.80936,,0,1019.1,10,2013-06-06 16:00:00.000000 +00:00
LGA,2013,6,6,13,71.06,42.98,36.28,150,12.65858,20.71404,0,1018.9,10,2013-06-06 17:00:00.000000 +00:00
LGA,2013,6,6,14,69.98,48.02,45.57,150,11.5078,20.71404,0,1018.8,10,2013-06-06 18:00:00.000000 +00:00
LGA,2013,6,6,15,69.08,51.08,52.67,160,14.96014,23.0156,0,1018.3,10,2013-06-06 19:00:00.000000 +00:00
LGA,2013,6,6,16,68,55.04,63.21,130,13.80936,18.41248,0,1018,10,2013-06-06 20:00:00.000000 +00:00
LGA,2013,6,6,17,68,55.04,63.21,140,10.35702,18.41248,0,1017.6,10,2013-06-06 21:00:00.000000 +00:00
LGA,2013,6,6,18,66.92,57.02,70.49,130,11.5078,,0,1017.5,10,2013-06-06 22:00:00.000000 +00:00
LGA,2013,6,6,19,66.02,57.02,72.72,130,13.80936,17.2617,0,1017.3,10,2013-06-06 23:00:00.000000 +00:00
LGA,2013,6,6,20,64.94,57.02,75.51,120,12.65858,,0.01,1017.2,10,2013-06-07 00:00:00.000000 +00:00
LGA,2013,6,6,21,64.04,57.02,77.92,140,10.35702,,0.01,1017.1,10,2013-06-07 01:00:00.000000 +00:00
LGA,2013,6,6,22,62.96,57.92,83.6,140,6.90468,,0.02,1017.4,10,2013-06-07 02:00:00.000000 +00:00
LGA,2013,6,6,23,62.06,57.92,86.29,100,10.35702,,0.03,1016.5,10,2013-06-07 03:00:00.000000 +00:00
LGA,2013,6,7,0,62.06,57.92,86.29,100,9.20624,,0.03,1015.7,10,2013-06-07 04:00:00.000000 +00:00
LGA,2013,6,7,1,62.06,57.92,86.29,60,4.60312,,0.01,1015.1,10,2013-06-07 05:00:00.000000 +00:00
LGA,2013,6,7,2,60.98,57.92,89.65,60,8.05546,,0.01,,10,2013-06-07 06:00:00.000000 +00:00
LGA,2013,6,7,3,60.98,59,93.19,70,6.90468,,0.04,,10,2013-06-07 07:00:00.000000 +00:00
LGA,2013,6,7,4,62.06,59,89.7,110,9.20624,,0.19,1013.6,3,2013-06-07 08:00:00.000000 +00:00
LGA,2013,6,7,5,62.6,59,89.7,110,12.65858,,0.17,,2,2013-06-07 09:00:00.000000 +00:00
LGA,2013,6,7,6,60.98,59,93.19,60,9.20624,,0.05,1013.2,2,2013-06-07 10:00:00.000000 +00:00
LGA,2013,6,7,7,62.6,60.08,93.22,90,11.5078,,0.09,,2,2013-06-07 11:00:00.000000 +00:00
LGA,2013,6,7,8,62.6,60.8,93.83,60,10.35702,,0.07,,3,2013-06-07 12:00:00.000000 +00:00
LGA,2013,6,7,9,62.96,60.8,93.83,40,9.20624,,0.17,,2,2013-06-07 13:00:00.000000 +00:00
LGA,2013,6,7,10,64.04,60.8,93.83,80,12.65858,,0.08,,5,2013-06-07 14:00:00.000000 +00:00
LGA,2013,6,7,11,64.94,60.08,84.26,80,16.11092,20.71404,0.07,1011.7,6,2013-06-07 15:00:00.000000 +00:00
LGA,2013,6,7,12,64.4,60.8,88.09,80,12.65858,,0.21,,2,2013-06-07 16:00:00.000000 +00:00
LGA,2013,6,7,13,62.96,60.8,93.83,60,11.5078,,0.22,,2,2013-06-07 17:00:00.000000 +00:00
LGA,2013,6,7,14,60.98,59,93.19,50,16.11092,,0.12,1010.2,2,2013-06-07 18:00:00.000000 +00:00
LGA,2013,6,7,15,60.8,57.92,92.56,50,16.11092,,0.07,,2,2013-06-07 19:00:00.000000 +00:00
LGA,2013,6,7,16,60.8,57.92,92.56,50,25.31716,,0.14,,2,2013-06-07 20:00:00.000000 +00:00
LGA,2013,6,7,17,60.8,57.2,89.61,60,27.61872,36.82496,0.13,,2,2013-06-07 21:00:00.000000 +00:00
LGA,2013,6,7,18,60.08,57.02,89.61,50,21.86482,37.97574,0.06,1006.9,2,2013-06-07 22:00:00.000000 +00:00
LGA,2013,6,7,19,60.8,57.2,93.74,60,26.46794,35.67418,0.37,,1,2013-06-07 23:00:00.000000 +00:00
LGA,2013,6,7,20,60.98,57.92,89.65,60,21.86482,,0.28,,1,2013-06-08 00:00:00.000000 +00:00
LGA,2013,6,7,21,62.6,57.92,89.65,60,25.31716,32.22184,0.24,,1,2013-06-08 01:00:00.000000 +00:00
LGA,2013,6,7,22,60.98,57.92,89.65,50,23.0156,,0.22,,1,2013-06-08 02:00:00.000000 +00:00
LGA,2013,6,7,23,60.08,57.92,92.56,50,19.56326,,0.11,1003.4,1,2013-06-08 03:00:00.000000 +00:00
LGA,2013,6,8,0,60.8,57.2,93.13,40,20.71404,,0.2,,1,2013-06-08 04:00:00.000000 +00:00
LGA,2013,6,8,1,59,57.02,93.13,40,14.96014,,0.12,1001.7,1,2013-06-08 05:00:00.000000 +00:00
LGA,2013,6,8,2,57.92,55.94,93.69,350,11.5078,,0.66,,1,2013-06-08 06:00:00.000000 +00:00
LGA,2013,6,8,3,59,55.04,86.69,340,16.11092,,0.02,1002.1,10,2013-06-08 07:00:00.000000 +00:00
LGA,2013,6,8,4,57.92,55.4,93.69,340,17.2617,26.46794,0,,10,2013-06-08 08:00:00.000000 +00:00
LGA,2013,6,8,5,59,53.96,83.34,330,13.80936,,0,,10,2013-06-08 09:00:00.000000 +00:00
LGA,2013,6,8,6,60.8,53.96,80.19,310,12.65858,,0,,10,2013-06-08 10:00:00.000000 +00:00
LGA,2013,6,8,7,62.6,55.4,77.75,300,9.20624,,0,,10,2013-06-08 11:00:00.000000 +00:00
LGA,2013,6,8,8,64.94,55.94,72.62,270,9.20624,,0,,10,2013-06-08 12:00:00.000000 +00:00
LGA,2013,6,8,9,66.92,57.92,72.81,290,9.20624,,0,,10,2013-06-08 13:00:00.000000 +00:00
LGA,2013,6,8,10,71.06,57.92,63.18,260,8.05546,,0,1011.4,10,2013-06-08 14:00:00.000000 +00:00
LGA,2013,6,8,11,73.94,57.92,57.32,280,8.05546,,0,,10,2013-06-08 15:00:00.000000 +00:00
LGA,2013,6,8,12,75.92,59,55.77,250,9.20624,,0,1012.2,10,2013-06-08 16:00:00.000000 +00:00
LGA,2013,6,8,13,77,59,53.8,270,8.05546,,0,1012.4,10,2013-06-08 17:00:00.000000 +00:00
LGA,2013,6,8,14,77,57.92,51.76,270,9.20624,,0,1012.3,10,2013-06-08 18:00:00.000000 +00:00
LGA,2013,6,8,15,75.92,59,55.77,250,9.20624,,0,1012.7,10,2013-06-08 19:00:00.000000 +00:00
LGA,2013,6,8,16,75.92,59,55.77,270,8.05546,,0,1013.1,10,2013-06-08 20:00:00.000000 +00:00
LGA,2013,6,8,17,75.92,59,55.77,260,9.20624,,0,1013.8,10,2013-06-08 21:00:00.000000 +00:00
LGA,2013,6,8,18,75.92,60.08,57.96,270,6.90468,,0,1014.4,10,2013-06-08 22:00:00.000000 +00:00
LGA,2013,6,8,19,75.02,59,57.47,300,4.60312,,0,1014.9,10,2013-06-08 23:00:00.000000 +00:00
LGA,2013,6,8,20,71.96,59,63.7,360,5.7539,,0,1015.2,10,2013-06-09 00:00:00.000000 +00:00
LGA,2013,6,8,21,71.06,57.92,63.18,0,0,,0,1016.2,10,2013-06-09 01:00:00.000000 +00:00
LGA,2013,6,8,22,73.04,57.92,59.08,0,0,,0,1017,10,2013-06-09 02:00:00.000000 +00:00
LGA,2013,6,8,23,68,57.92,70.15,0,0,,0,1017.2,10,2013-06-09 03:00:00.000000 +00:00
LGA,2013,6,9,0,68,57.92,70.15,0,0,,0,1017.8,10,2013-06-09 04:00:00.000000 +00:00
LGA,2013,6,9,1,69.08,57.92,67.59,320,3.45234,,0,1018.1,10,2013-06-09 05:00:00.000000 +00:00
LGA,2013,6,9,2,69.08,59,70.26,0,0,,0,1018.2,10,2013-06-09 06:00:00.000000 +00:00
LGA,2013,6,9,3,66.02,57.92,75.12,320,4.60312,,0,1018.4,10,2013-06-09 07:00:00.000000 +00:00
LGA,2013,6,9,4,64.04,57.92,80.49,310,6.90468,,0,1019.1,10,2013-06-09 08:00:00.000000 +00:00
LGA,2013,6,9,5,64.94,57.92,77.99,0,0,,0,1020,10,2013-06-09 09:00:00.000000 +00:00
LGA,2013,6,9,6,66.02,57.92,75.12,310,4.60312,,0,1020.6,10,2013-06-09 10:00:00.000000 +00:00
LGA,2013,6,9,7,69.08,57.92,67.59,0,0,,0,1021,10,2013-06-09 11:00:00.000000 +00:00
LGA,2013,6,9,8,71.06,55.04,56.93,300,3.45234,,0,1021.4,10,2013-06-09 12:00:00.000000 +00:00
LGA,2013,6,9,9,71.96,53.06,51.36,330,6.90468,,0,1021.4,10,2013-06-09 13:00:00.000000 +00:00
LGA,2013,6,9,10,75.02,51.98,44.53,290,5.7539,,0,1021.1,10,2013-06-09 14:00:00.000000 +00:00
LGA,2013,6,9,11,78.08,51.98,40.23,280,11.5078,,0,1021,10,2013-06-09 15:00:00.000000 +00:00
LGA,2013,6,9,12,78.08,51.98,40.23,240,9.20624,19.56326,0,1020.5,10,2013-06-09 16:00:00.000000 +00:00
LGA,2013,6,9,13,80.06,53.96,40.54,270,8.05546,,0,1020.5,10,2013-06-09 17:00:00.000000 +00:00
LGA,2013,6,9,14,80.96,51.98,36.6,260,12.65858,19.56326,0,1020.1,10,2013-06-09 18:00:00.000000 +00:00
LGA,2013,6,9,15,80.96,53.06,38.08,280,8.05546,,0,1019.7,10,2013-06-09 19:00:00.000000 +00:00
LGA,2013,6,9,16,80.96,53.06,38.08,,6.90468,,0,1019.3,10,2013-06-09 20:00:00.000000 +00:00
LGA,2013,6,9,17,78.98,55.94,45.14,170,13.80936,,0,1019.4,10,2013-06-09 21:00:00.000000 +00:00
LGA,2013,6,9,18,77,55.94,48.19,170,8.05546,,0,1019.9,10,2013-06-09 22:00:00.000000 +00:00
LGA,2013,6,9,19,75.02,57.92,55.28,170,9.20624,,0,1020.3,10,2013-06-09 23:00:00.000000 +00:00
LGA,2013,6,9,20,73.94,57.92,57.32,140,3.45234,,0,1020.7,10,2013-06-10 00:00:00.000000 +00:00
LGA,2013,6,9,21,73.04,59,61.41,0,0,,0,1021.2,10,2013-06-10 01:00:00.000000 +00:00
LGA,2013,6,9,22,71.96,60.08,66.2,170,3.45234,,0,1021.2,10,2013-06-10 02:00:00.000000 +00:00
LGA,2013,6,9,23,71.06,60.98,70.47,110,4.60312,,0,1021,10,2013-06-10 03:00:00.000000 +00:00
LGA,2013,6,10,0,66.92,60.08,78.66,70,4.60312,,0,1020.9,10,2013-06-10 04:00:00.000000 +00:00
LGA,2013,6,10,1,66.92,60.08,78.66,50,5.7539,,0,1020.9,10,2013-06-10 05:00:00.000000 +00:00
LGA,2013,6,10,2,66.92,60.08,78.66,80,4.60312,,0,1020.8,10,2013-06-10 06:00:00.000000 +00:00
LGA,2013,6,10,3,66.02,60.98,83.79,50,6.90468,,0,1020.6,8,2013-06-10 07:00:00.000000 +00:00
LGA,2013,6,10,4,66.02,60.98,83.79,60,6.90468,,0,1020.4,8,2013-06-10 08:00:00.000000 +00:00
LGA,2013,6,10,5,64.94,60.98,87,50,6.90468,,0,1020.5,6,2013-06-10 09:00:00.000000 +00:00
LGA,2013,6,10,6,64.94,60.98,87,50,6.90468,,0,1020.5,7,2013-06-10 10:00:00.000000 +00:00
LGA,2013,6,10,7,66.02,62.06,87.05,50,8.05546,,0,1020.3,6,2013-06-10 11:00:00.000000 +00:00
LGA,2013,6,10,8,66.02,62.06,87.05,50,9.20624,,0,1020.4,7,2013-06-10 12:00:00.000000 +00:00
LGA,2013,6,10,9,66.02,62.96,89.86,50,11.5078,,0,1019.8,5,2013-06-10 13:00:00.000000 +00:00
LGA,2013,6,10,10,66.92,62.96,87.1,40,8.05546,,0,1019.8,6,2013-06-10 14:00:00.000000 +00:00
LGA,2013,6,10,11,68,62.96,83.91,110,8.05546,,0.12,1020,3,2013-06-10 15:00:00.000000 +00:00
LGA,2013,6,10,12,68,64.4,89.86,140,11.5078,25.31716,0.27,,2,2013-06-10 16:00:00.000000 +00:00
LGA,2013,6,10,13,66.92,62.6,88.18,110,18.41248,,0.06,,5,2013-06-10 17:00:00.000000 +00:00
LGA,2013,6,10,14,68,62.6,82.86,120,16.11092,27.61872,0.01,,10,2013-06-10 18:00:00.000000 +00:00
LGA,2013,6,10,15,66.2,62.06,87.05,110,17.2617,25.31716,0.03,,9,2013-06-10 19:00:00.000000 +00:00
LGA,2013,6,10,16,66.2,62.6,88.18,120,18.41248,26.46794,0.06,,5,2013-06-10 20:00:00.000000 +00:00
LGA,2013,6,10,17,66.92,62.96,87.1,110,11.5078,20.71404,0.04,1014.1,10,2013-06-10 21:00:00.000000 +00:00
LGA,2013,6,10,18,66.2,62.96,89.86,110,12.65858,,0.04,,2,2013-06-10 22:00:00.000000 +00:00
LGA,2013,6,10,19,64.94,62.06,90.39,60,8.05546,,0.1,1013.2,2,2013-06-10 23:00:00.000000 +00:00
LGA,2013,6,10,20,64.4,60.98,93.25,80,10.35702,,0.15,,2,2013-06-11 00:00:00.000000 +00:00
LGA,2013,6,10,21,62.96,60.8,93.83,60,14.96014,,0.05,,10,2013-06-11 01:00:00.000000 +00:00
LGA,2013,6,10,22,64.4,60.8,93.83,50,13.80936,,0.01,,4,2013-06-11 02:00:00.000000 +00:00
LGA,2013,6,10,23,62.06,60.98,96.25,50,13.80936,,0,1010.5,1,2013-06-11 03:00:00.000000 +00:00
LGA,2013,6,11,0,62.96,60.98,93.83,50,12.65858,,0.31,,3,2013-06-11 04:00:00.000000 +00:00
LGA,2013,6,11,1,64.4,62.6,93.88,60,9.20624,,0,,8,2013-06-11 05:00:00.000000 +00:00
LGA,2013,6,11,2,64.04,62.06,93.28,60,8.05546,,0.01,1007.1,0,2013-06-11 06:00:00.000000 +00:00
LGA,2013,6,11,3,64.4,62.6,93.88,60,5.7539,,0.11,,1,2013-06-11 07:00:00.000000 +00:00
LGA,2013,6,11,4,64.4,62.6,93.88,90,4.60312,,0,,10,2013-06-11 08:00:00.000000 +00:00
LGA,2013,6,11,5,64.94,62.96,93.88,100,4.60312,,0,,10,2013-06-11 09:00:00.000000 +00:00
LGA,2013,6,11,6,69.98,66.02,87.26,210,8.05546,,0,1006.7,10,2013-06-11 10:00:00.000000 +00:00
LGA,2013,6,11,7,71.96,66.2,88.34,230,9.20624,,0,,10,2013-06-11 11:00:00.000000 +00:00
LGA,2013,6,11,8,73.94,64.94,73.49,250,9.20624,18.41248,0,1006.9,10,2013-06-11 12:00:00.000000 +00:00
LGA,2013,6,11,9,75.2,64.4,73.44,250,11.5078,,0,,10,2013-06-11 13:00:00.000000 +00:00
LGA,2013,6,11,10,77,62.6,64.91,250,10.35702,,0,,10,2013-06-11 14:00:00.000000 +00:00
LGA,2013,6,11,11,78.08,60.98,55.7,240,13.80936,19.56326,0,1005.7,10,2013-06-11 15:00:00.000000 +00:00
LGA,2013,6,11,12,80.06,59,48.64,260,16.11092,23.0156,0,1005.2,10,2013-06-11 16:00:00.000000 +00:00
LGA,2013,6,11,13,80.96,60.08,49.09,220,13.80936,21.86482,0,1004.2,10,2013-06-11 17:00:00.000000 +00:00
LGA,2013,6,11,14,78.98,60.08,52.37,240,19.56326,26.46794,0,1004,10,2013-06-11 18:00:00.000000 +00:00
LGA,2013,6,11,15,77,64.04,64.3,270,16.11092,27.61872,0.02,1003.3,6,2013-06-11 19:00:00.000000 +00:00
LGA,2013,6,11,16,80.06,60.98,52.19,270,18.41248,25.31716,0,1002.9,10,2013-06-11 20:00:00.000000 +00:00
LGA,2013,6,11,17,80.96,60.98,50.68,260,23.0156,32.22184,0,1002.5,10,2013-06-11 21:00:00.000000 +00:00
LGA,2013,6,11,18,73.94,60.08,61.92,310,26.46794,34.5234,0,1003.1,10,2013-06-11 22:00:00.000000 +00:00
LGA,2013,6,11,19,75.02,60.98,61.66,310,13.80936,26.46794,0,1003.7,10,2013-06-11 23:00:00.000000 +00:00
LGA,2013,6,11,20,75.92,57.92,53.65,280,19.56326,25.31716,0,1004.1,10,2013-06-12 00:00:00.000000 +00:00
LGA,2013,6,11,21,73.94,57.92,57.32,290,16.11092,24.16638,0,1005.3,10,2013-06-12 01:00:00.000000 +00:00
LGA,2013,6,11,22,71.96,57.02,59.32,310,13.80936,21.86482,0,1005.9,10,2013-06-12 02:00:00.000000 +00:00
LGA,2013,6,11,23,71.96,55.94,57.05,270,14.96014,21.86482,0,1006,10,2013-06-12 03:00:00.000000 +00:00
LGA,2013,6,12,0,71.06,55.04,56.93,300,19.56326,26.46794,0,1006.2,10,2013-06-12 04:00:00.000000 +00:00
LGA,2013,6,12,1,71.06,55.04,56.93,270,11.5078,,0,1006,10,2013-06-12 05:00:00.000000 +00:00
LGA,2013,6,12,2,71.06,57.02,61.16,270,12.65858,21.86482,0,1005.8,10,2013-06-12 06:00:00.000000 +00:00
LGA,2013,6,12,3,69.08,57.92,67.59,300,11.5078,,0,1005.8,10,2013-06-12 07:00:00.000000 +00:00
LGA,2013,6,12,4,68,55.04,63.21,310,14.96014,25.31716,0,1006.5,10,2013-06-12 08:00:00.000000 +00:00
LGA,2013,6,12,5,66.92,51.98,58.65,310,17.2617,31.07106,0,1007.1,10,2013-06-12 09:00:00.000000 +00:00
LGA,2013,6,12,6,66.02,51.08,58.53,300,19.56326,27.61872,0,1007.6,10,2013-06-12 10:00:00.000000 +00:00
LGA,2013,6,12,7,66.02,48.92,54.01,310,18.41248,31.07106,0,1008.1,10,2013-06-12 11:00:00.000000 +00:00
LGA,2013,6,12,8,66.92,50,54.51,300,24.16638,29.92028,0,1008.5,10,2013-06-12 12:00:00.000000 +00:00
LGA,2013,6,12,9,69.08,50,50.6,320,20.71404,26.46794,0,1008.6,10,2013-06-12 13:00:00.000000 +00:00
LGA,2013,6,12,10,69.98,50,49.07,310,14.96014,25.31716,0,1008.8,10,2013-06-12 14:00:00.000000 +00:00
LGA,2013,6,12,11,71.06,50,47.29,310,21.86482,25.31716,0,1008.9,10,2013-06-12 15:00:00.000000 +00:00
LGA,2013,6,12,12,73.04,51.08,46.04,320,16.11092,,0,1008.8,10,2013-06-12 16:00:00.000000 +00:00
LGA,2013,6,12,13,75.02,50,41.38,310,19.56326,27.61872,0,1009.1,10,2013-06-12 17:00:00.000000 +00:00
LGA,2013,6,12,14,73.94,51.08,44.66,350,17.2617,24.16638,0,1009.2,10,2013-06-12 18:00:00.000000 +00:00
LGA,2013,6,12,15,75.02,48.92,39.75,330,16.11092,25.31716,0,1008.9,10,2013-06-12 19:00:00.000000 +00:00
LGA,2013,6,12,16,75.02,48.92,39.75,320,13.80936,20.71404,0,1009,10,2013-06-12 20:00:00.000000 +00:00
LGA,2013,6,12,17,75.02,50,41.38,300,13.80936,20.71404,0,1009.5,10,2013-06-12 21:00:00.000000 +00:00
LGA,2013,6,12,18,75.92,48.92,38.57,320,9.20624,,0,1009.4,10,2013-06-12 22:00:00.000000 +00:00
LGA,2013,6,12,19,75.02,50,41.38,320,10.35702,,0,1010.1,10,2013-06-12 23:00:00.000000 +00:00
LGA,2013,6,12,20,71.96,51.98,49.36,330,6.90468,,0,1010.4,10,2013-06-13 00:00:00.000000 +00:00
LGA,2013,6,12,21,73.04,50,44.23,340,4.60312,,0,1010.4,10,2013-06-13 01:00:00.000000 +00:00
LGA,2013,6,12,22,71.96,51.08,47.75,0,0,,0,1010.1,10,2013-06-13 02:00:00.000000 +00:00
LGA,2013,6,12,23,69.98,51.98,52.8,0,0,,0,1009.8,10,2013-06-13 03:00:00.000000 +00:00
LGA,2013,6,13,0,69.98,51.98,52.8,0,0,,0,1010.1,10,2013-06-13 04:00:00.000000 +00:00
LGA,2013,6,13,1,69.98,51.98,52.8,160,6.90468,,0,1009.4,10,2013-06-13 05:00:00.000000 +00:00
LGA,2013,6,13,2,69.08,53.06,56.66,200,5.7539,,0,1009.2,10,2013-06-13 06:00:00.000000 +00:00
LGA,2013,6,13,3,68,53.06,58.8,190,6.90468,,0,1009.1,10,2013-06-13 07:00:00.000000 +00:00
LGA,2013,6,13,4,69.08,53.06,56.66,180,6.90468,,0,1008.6,10,2013-06-13 08:00:00.000000 +00:00
LGA,2013,6,13,5,69.08,51.98,54.45,180,6.90468,,0,1008.8,10,2013-06-13 09:00:00.000000 +00:00
LGA,2013,6,13,6,71.06,53.06,52.95,,6.90468,,0,1007.7,10,2013-06-13 10:00:00.000000 +00:00
LGA,2013,6,13,7,69.08,55.04,60.91,,5.7539,,0,1007.6,10,2013-06-13 11:00:00.000000 +00:00
LGA,2013,6,13,8,68,55.04,63.21,120,6.90468,,0.02,1007.5,10,2013-06-13 12:00:00.000000 +00:00
LGA,2013,6,13,9,68,53.96,60.77,130,11.5078,,0,1006.3,10,2013-06-13 13:00:00.000000 +00:00
LGA,2013,6,13,10,66.02,55.94,69.94,100,14.96014,19.56326,0.05,1005.1,8,2013-06-13 14:00:00.000000 +00:00
LGA,2013,6,13,11,64.04,55.04,72.53,140,13.80936,20.71404,0.23,1004.7,10,2013-06-13 15:00:00.000000 +00:00
LGA,2013,6,13,12,64.94,55.94,72.62,130,18.41248,27.61872,0,,10,2013-06-13 16:00:00.000000 +00:00
LGA,2013,6,13,13,64.04,55.04,72.53,120,18.41248,27.61872,0,1002.9,10,2013-06-13 17:00:00.000000 +00:00
LGA,2013,6,13,14,64.94,55.94,72.62,100,18.41248,27.61872,0,1001.6,10,2013-06-13 18:00:00.000000 +00:00
LGA,2013,6,13,15,64.94,55.94,72.62,120,17.2617,24.16638,0,,10,2013-06-13 19:00:00.000000 +00:00
LGA,2013,6,13,16,68,57.92,70.15,100,14.96014,,0,999.7,10,2013-06-13 20:00:00.000000 +00:00
LGA,2013,6,13,17,66.02,59,78.08,100,17.2617,,0,999.2,10,2013-06-13 21:00:00.000000 +00:00
LGA,2013,6,13,18,64.94,59,81.07,70,17.2617,,0,998.3,10,2013-06-13 22:00:00.000000 +00:00
LGA,2013,6,13,19,64.4,60.8,90.31,90,16.11092,,0.08,,2,2013-06-13 23:00:00.000000 +00:00
LGA,2013,6,13,20,64.4,60.8,89.65,330,27.61872,,0.34,,5,2013-06-14 00:00:00.000000 +00:00
LGA,2013,6,13,21,59,55.94,89.57,50,32.22184,46.0312,0.07,,5,2013-06-14 01:00:00.000000 +00:00
LGA,2013,6,13,22,59,55.4,87.83,50,31.07106,37.97574,0.02,,10,2013-06-14 02:00:00.000000 +00:00
LGA,2013,6,13,23,57.92,53.96,86.63,50,26.46794,37.97574,0.05,999.2,8,2013-06-14 03:00:00.000000 +00:00
LGA,2013,6,14,0,57.2,51.98,86.52,20,18.41248,27.61872,0.01,,10,2013-06-14 04:00:00.000000 +00:00
LGA,2013,6,14,1,55.4,51.98,89.4,360,16.11092,27.61872,0.15,,2,2013-06-14 05:00:00.000000 +00:00
LGA,2013,6,14,2,55.94,51.98,87.65,360,19.56326,,0.07,,7,2013-06-14 06:00:00.000000 +00:00
LGA,2013,6,14,3,55.04,51.08,86.47,20,16.11092,,0.03,1002.1,10,2013-06-14 07:00:00.000000 +00:00
LGA,2013,6,14,4,55.4,51.8,87.65,360,17.2617,24.16638,0.01,,10,2013-06-14 08:00:00.000000 +00:00
LGA,2013,6,14,5,55.94,50,81.99,360,18.41248,25.31716,0,,10,2013-06-14 09:00:00.000000 +00:00
LGA,2013,6,14,6,55.94,50,80.4,360,12.65858,20.71404,0,1005.2,10,2013-06-14 10:00:00.000000 +00:00
LGA,2013,6,14,7,57.02,48.92,74.27,10,13.80936,23.0156,0,1005.5,10,2013-06-14 11:00:00.000000 +00:00
LGA,2013,6,14,8,59,48.92,69.17,10,14.96014,20.71404,0,1006,10,2013-06-14 12:00:00.000000 +00:00
LGA,2013,6,14,9,59,48.92,69.17,340,16.11092,21.86482,0,1007.2,10,2013-06-14 13:00:00.000000 +00:00
LGA,2013,6,14,10,60.98,48.02,62.33,350,10.35702,18.41248,0,1008.5,10,2013-06-14 14:00:00.000000 +00:00
LGA,2013,6,14,11,62.96,48.92,60.11,30,11.5078,,0,1008.8,10,2013-06-14 15:00:00.000000 +00:00
LGA,2013,6,14,12,64.04,48.92,57.87,60,6.90468,,0,1008.8,10,2013-06-14 16:00:00.000000 +00:00
LGA,2013,6,14,13,66.92,50,54.51,0,0,,0,1008.8,10,2013-06-14 17:00:00.000000 +00:00
LGA,2013,6,14,14,69.98,50,49.07,0,0,,0,1008.6,10,2013-06-14 18:00:00.000000 +00:00
LGA,2013,6,14,15,73.04,51.08,46.04,300,4.60312,,0,1007.9,10,2013-06-14 19:00:00.000000 +00:00
LGA,2013,6,14,16,73.04,51.08,46.04,,5.7539,,0,1008.1,10,2013-06-14 20:00:00.000000 +00:00
LGA,2013,6,14,17,71.06,51.98,50.89,230,12.65858,,0,1008.5,10,2013-06-14 21:00:00.000000 +00:00
LGA,2013,6,14,18,71.06,51.98,50.89,310,14.96014,,0,1009,10,2013-06-14 22:00:00.000000 +00:00
LGA,2013,6,14,19,69.98,48.92,47.13,330,11.5078,,0,1009.9,10,2013-06-14 23:00:00.000000 +00:00
LGA,2013,6,14,20,68,51.98,56.51,300,6.90468,,0,1010.3,10,2013-06-15 00:00:00.000000 +00:00
LGA,2013,6,14,21,68,51.98,56.51,300,9.20624,,0,1010.8,10,2013-06-15 01:00:00.000000 +00:00
LGA,2013,6,14,22,66.92,53.96,63.08,300,11.5078,,0,1011.4,10,2013-06-15 02:00:00.000000 +00:00
LGA,2013,6,14,23,66.92,53.96,63.08,300,11.5078,,0,1011.6,10,2013-06-15 03:00:00.000000 +00:00
LGA,2013,6,15,0,66.02,55.04,67.69,310,6.90468,,0,1011.9,10,2013-06-15 04:00:00.000000 +00:00
LGA,2013,6,15,1,66.02,53.96,65.07,310,8.05546,,0,1012.1,10,2013-06-15 05:00:00.000000 +00:00
LGA,2013,6,15,2,66.02,53.96,65.07,320,10.35702,,0,1012.4,10,2013-06-15 06:00:00.000000 +00:00
LGA,2013,6,15,3,66.02,53.96,65.07,310,11.5078,,0,1012.6,10,2013-06-15 07:00:00.000000 +00:00
LGA,2013,6,15,4,64.94,53.06,65.37,320,9.20624,,0,1013,10,2013-06-15 08:00:00.000000 +00:00
LGA,2013,6,15,5,64.94,53.96,67.57,310,6.90468,,0,1013.5,10,2013-06-15 09:00:00.000000 +00:00
LGA,2013,6,15,6,64.94,53.06,65.37,330,6.90468,,0,1014.1,10,2013-06-15 10:00:00.000000 +00:00
LGA,2013,6,15,7,66.02,53.96,65.07,310,11.5078,,0,1014.4,10,2013-06-15 11:00:00.000000 +00:00
LGA,2013,6,15,8,69.08,53.96,58.56,320,10.35702,,0,1015.5,10,2013-06-15 12:00:00.000000 +00:00
LGA,2013,6,15,9,71.96,53.06,51.36,310,9.20624,,0,1015.8,10,2013-06-15 13:00:00.000000 +00:00
LGA,2013,6,15,10,73.94,48.92,41.21,310,5.7539,,0,1015.2,10,2013-06-15 14:00:00.000000 +00:00
LGA,2013,6,15,11,75.92,44.96,33.22,320,8.05546,,0,1015.3,10,2013-06-15 15:00:00.000000 +00:00
LGA,2013,6,15,12,77,44.96,32.05,330,9.20624,,0,1014.6,10,2013-06-15 16:00:00.000000 +00:00
LGA,2013,6,15,13,78.08,46.04,32.22,320,12.65858,19.56326,0,1014.5,10,2013-06-15 17:00:00.000000 +00:00
LGA,2013,6,15,14,78.98,46.04,31.28,330,8.05546,,0,1013.9,10,2013-06-15 18:00:00.000000 +00:00
LGA,2013,6,15,15,78.98,50,36.29,310,9.20624,,0,1013.4,10,2013-06-15 19:00:00.000000 +00:00
LGA,2013,6,15,16,80.96,48.02,31.59,260,11.5078,17.2617,0,1013.1,10,2013-06-15 20:00:00.000000 +00:00
LGA,2013,6,15,17,78.98,48.02,33.7,290,6.90468,,0,1013.2,10,2013-06-15 21:00:00.000000 +00:00
LGA,2013,6,15,18,80.06,44.96,28.98,310,8.05546,,0,1013.3,10,2013-06-15 22:00:00.000000 +00:00
LGA,2013,6,15,19,78.98,44.96,30.02,290,9.20624,,0,1013.4,10,2013-06-15 23:00:00.000000 +00:00
LGA,2013,6,15,20,75.92,48.92,38.57,320,6.90468,,0,1013.9,10,2013-06-16 00:00:00.000000 +00:00
LGA,2013,6,15,21,75.02,48.92,39.75,0,0,,0,1014.5,10,2013-06-16 01:00:00.000000 +00:00
LGA,2013,6,15,22,75.92,46.94,35.81,280,3.45234,,0,1014.7,10,2013-06-16 02:00:00.000000 +00:00
LGA,2013,6,15,23,73.04,53.06,49.52,300,4.60312,,0,1014.9,10,2013-06-16 03:00:00.000000 +00:00
LGA,2013,6,16,0,73.04,51.08,46.04,300,3.45234,,0,1014.8,10,2013-06-16 04:00:00.000000 +00:00
LGA,2013,6,16,1,71.96,50,45.87,290,4.60312,,0,1015,10,2013-06-16 05:00:00.000000 +00:00
LGA,2013,6,16,2,69.98,51.08,51.07,0,0,,0,1015.1,10,2013-06-16 06:00:00.000000 +00:00
LGA,2013,6,16,3,69.08,51.98,54.45,310,6.90468,,0,1015.1,10,2013-06-16 07:00:00.000000 +00:00
LGA,2013,6,16,4,69.08,48.02,46.99,0,0,,0,1014.8,10,2013-06-16 08:00:00.000000 +00:00
LGA,2013,6,16,5,69.08,48.02,46.99,0,0,,0,1014.6,10,2013-06-16 09:00:00.000000 +00:00
LGA,2013,6,16,6,69.98,48.92,47.13,0,0,,0,1014.7,10,2013-06-16 10:00:00.000000 +00:00
LGA,2013,6,16,7,69.98,50,49.07,220,5.7539,,0,1014.9,10,2013-06-16 11:00:00.000000 +00:00
LGA,2013,6,16,8,71.06,51.08,49.23,220,3.45234,,0,1014.4,10,2013-06-16 12:00:00.000000 +00:00
LGA,2013,6,16,9,73.04,48.92,42.48,210,4.60312,,0,1013.6,10,2013-06-16 13:00:00.000000 +00:00
LGA,2013,6,16,10,77,48.02,35.98,210,10.35702,,0,1013,10,2013-06-16 14:00:00.000000 +00:00
LGA,2013,6,16,11,80.06,44.96,28.98,240,13.80936,19.56326,0,1011.8,10,2013-06-16 15:00:00.000000 +00:00
LGA,2013,6,16,12,80.96,46.94,30.33,190,16.11092,23.0156,0,1011,10,2013-06-16 16:00:00.000000 +00:00
LGA,2013,6,16,13,80.06,53.96,40.54,170,9.20624,,0,1009.8,10,2013-06-16 17:00:00.000000 +00:00
LGA,2013,6,16,14,80.06,59,48.64,160,14.96014,,0,1008.6,10,2013-06-16 18:00:00.000000 +00:00
LGA,2013,6,16,15,82.04,57.92,43.87,210,12.65858,23.0156,0,1008.4,10,2013-06-16 19:00:00.000000 +00:00
LGA,2013,6,16,16,82.04,57.92,43.87,250,16.11092,24.16638,0,1008.4,10,2013-06-16 20:00:00.000000 +00:00
LGA,2013,6,16,17,82.04,59,45.6,230,12.65858,23.0156,0,1008,10,2013-06-16 21:00:00.000000 +00:00
LGA,2013,6,16,18,80.96,57.92,45.44,260,20.71404,31.07106,0,1008.2,10,2013-06-16 22:00:00.000000 +00:00
LGA,2013,6,16,19,80.06,60.08,50.55,250,18.41248,26.46794,0,1008.8,10,2013-06-16 23:00:00.000000 +00:00
LGA,2013,6,16,20,78.08,60.98,55.7,250,11.5078,20.71404,0,1009,10,2013-06-17 00:00:00.000000 +00:00
LGA,2013,6,16,21,78.08,62.06,57.87,250,13.80936,,0,1009.8,10,2013-06-17 01:00:00.000000 +00:00
LGA,2013,6,16,22,75.92,62.96,64.17,260,9.20624,19.56326,0,1010.3,10,2013-06-17 02:00:00.000000 +00:00
LGA,2013,6,16,23,75.02,62.96,66.13,260,11.5078,,0,1010.5,10,2013-06-17 03:00:00.000000 +00:00
LGA,2013,6,17,0,75.02,62.96,66.13,270,8.05546,,0,1010.7,10,2013-06-17 04:00:00.000000 +00:00
LGA,2013,6,17,1,73.04,62.96,70.68,0,0,,0,1011,10,2013-06-17 05:00:00.000000 +00:00
LGA,2013,6,17,2,73.04,62.96,70.68,190,4.60312,,0,1011,10,2013-06-17 06:00:00.000000 +00:00
LGA,2013,6,17,3,71.96,62.96,73.3,210,4.60312,,0,1011.4,10,2013-06-17 07:00:00.000000 +00:00
LGA,2013,6,17,4,71.06,62.96,75.57,190,8.05546,,0,1011.7,10,2013-06-17 08:00:00.000000 +00:00
LGA,2013,6,17,5,71.06,62.96,75.57,220,6.90468,,0,1012,10,2013-06-17 09:00:00.000000 +00:00
LGA,2013,6,17,6,71.96,62.96,73.3,230,6.90468,,0,1012.5,10,2013-06-17 10:00:00.000000 +00:00
LGA,2013,6,17,7,73.04,62.96,70.68,230,9.20624,,0,1012.6,10,2013-06-17 11:00:00.000000 +00:00
LGA,2013,6,17,8,75.92,62.06,62.17,250,10.35702,,0,1012.6,10,2013-06-17 12:00:00.000000 +00:00
LGA,2013,6,17,9,77,62.96,61.91,200,9.20624,,0,1012.4,10,2013-06-17 13:00:00.000000 +00:00
LGA,2013,6,17,10,80.96,60.98,50.68,,5.7539,,0,1011.8,10,2013-06-17 14:00:00.000000 +00:00
LGA,2013,6,17,11,82.94,60.98,47.52,210,14.96014,19.56326,0,1011.6,10,2013-06-17 15:00:00.000000 +00:00
LGA,2013,6,17,12,84.02,60.98,45.9,210,11.5078,,0,1011.5,10,2013-06-17 16:00:00.000000 +00:00
LGA,2013,6,17,13,84.92,60.98,44.59,210,11.5078,,0,1010.8,10,2013-06-17 17:00:00.000000 +00:00
LGA,2013,6,17,14,86,60.08,41.71,220,11.5078,19.56326,0,1010.4,10,2013-06-17 18:00:00.000000 +00:00
LGA,2013,6,17,15,77,62.06,59.98,230,13.80936,25.31716,0,1010.7,10,2013-06-17 19:00:00.000000 +00:00
LGA,2013,6,17,16,82.94,60.08,46.03,200,8.05546,,0,1010.3,10,2013-06-17 20:00:00.000000 +00:00
LGA,2013,6,17,17,84.02,59,42.77,230,12.65858,19.56326,0,1010.3,10,2013-06-17 21:00:00.000000 +00:00
LGA,2013,6,17,18,84.92,57.02,38.7,230,10.35702,,0,1010.4,10,2013-06-17 22:00:00.000000 +00:00
LGA,2013,6,17,19,78.98,60.08,52.37,200,12.65858,,0,1011.2,10,2013-06-17 23:00:00.000000 +00:00
LGA,2013,6,17,20,80.06,60.08,50.55,190,8.05546,,0,1011.3,10,2013-06-18 00:00:00.000000 +00:00
LGA,2013,6,17,21,78.08,60.98,55.7,0,0,,0,1012,10,2013-06-18 01:00:00.000000 +00:00
LGA,2013,6,17,22,75.92,62.96,64.17,170,6.90468,,0,1012.4,10,2013-06-18 02:00:00.000000 +00:00
LGA,2013,6,17,23,75.02,64.04,68.69,190,5.7539,,0,1012.2,10,2013-06-18 03:00:00.000000 +00:00
LGA,2013,6,18,0,73.94,64.04,71.22,190,3.45234,,0,1011.9,10,2013-06-18 04:00:00.000000 +00:00
LGA,2013,6,18,1,71.06,64.94,81,50,5.7539,,0,1011.9,10,2013-06-18 05:00:00.000000 +00:00
LGA,2013,6,18,2,68,62.06,81.29,60,6.90468,,0,1011.6,10,2013-06-18 06:00:00.000000 +00:00
LGA,2013,6,18,3,66.92,62.06,84.38,50,5.7539,,0,1011.5,10,2013-06-18 07:00:00.000000 +00:00
LGA,2013,6,18,4,66.02,62.06,87.05,50,6.90468,,0,1011.6,10,2013-06-18 08:00:00.000000 +00:00
LGA,2013,6,18,5,66.02,62.06,87.05,60,6.90468,,0,1012,10,2013-06-18 09:00:00.000000 +00:00
LGA,2013,6,18,6,66.92,62.06,84.38,40,4.60312,,0,1012.2,10,2013-06-18 10:00:00.000000 +00:00
LGA,2013,6,18,7,68,62.06,81.29,50,4.60312,,0,1012.2,10,2013-06-18 11:00:00.000000 +00:00
LGA,2013,6,18,8,69.98,62.96,78.41,50,6.90468,,0,1012.4,10,2013-06-18 12:00:00.000000 +00:00
LGA,2013,6,18,9,71.96,62.96,73.3,60,8.05546,,0,1012.1,10,2013-06-18 13:00:00.000000 +00:00
LGA,2013,6,18,10,73.94,62.96,68.57,40,11.5078,,0,1011.5,10,2013-06-18 14:00:00.000000 +00:00
LGA,2013,6,18,11,75.02,64.04,68.69,50,8.05546,,0,1011.3,10,2013-06-18 15:00:00.000000 +00:00
LGA,2013,6,18,12,78.98,64.94,62.16,50,10.35702,,0,1010.6,10,2013-06-18 16:00:00.000000 +00:00
LGA,2013,6,18,13,80.06,64.04,58.14,160,11.5078,,0,1009.9,10,2013-06-18 17:00:00.000000 +00:00
LGA,2013,6,18,14,78.08,64.04,62.05,150,5.7539,,0,1010,10,2013-06-18 18:00:00.000000 +00:00
LGA,2013,6,18,15,75.92,62.96,64.17,170,11.5078,,0,1009.9,10,2013-06-18 19:00:00.000000 +00:00
LGA,2013,6,18,16,73.4,66.92,84.16,190,12.65858,,0.02,,7,2013-06-18 20:00:00.000000 +00:00
LGA,2013,6,18,17,71.6,64.4,81.44,,10.35702,,0.03,,7,2013-06-18 21:00:00.000000 +00:00
LGA,2013,6,18,18,71.96,55.94,57.05,60,4.60312,,0.12,1010.9,7,2013-06-18 22:00:00.000000 +00:00
LGA,2013,6,18,19,71.06,60.08,68.25,140,6.90468,,0.03,1009.7,10,2013-06-18 23:00:00.000000 +00:00
LGA,2013,6,18,20,68,64.04,87.16,40,13.80936,18.41248,0,1010.4,10,2013-06-19 00:00:00.000000 +00:00
LGA,2013,6,18,21,66.92,62.96,88.18,50,13.80936,,0,,10,2013-06-19 01:00:00.000000 +00:00
LGA,2013,6,18,22,66.92,62.6,88.18,60,14.96014,,0,,10,2013-06-19 02:00:00.000000 +00:00
LGA,2013,6,18,23,66.92,62.06,84.38,30,10.35702,,0,1011.8,10,2013-06-19 03:00:00.000000 +00:00
LGA,2013,6,19,0,66.02,60.98,83.79,50,11.5078,,0,1011.7,8,2013-06-19 04:00:00.000000 +00:00
LGA,2013,6,19,1,64.4,62.6,93.88,360,11.5078,,0,,6,2013-06-19 05:00:00.000000 +00:00
LGA,2013,6,19,2,64.4,57.92,80.49,40,12.65858,,0,,10,2013-06-19 06:00:00.000000 +00:00
LGA,2013,6,19,3,62.96,57.2,82.5,20,8.05546,,0,,10,2013-06-19 07:00:00.000000 +00:00
LGA,2013,6,19,4,62.06,55.94,80.34,10,10.35702,,0,1012.7,10,2013-06-19 08:00:00.000000 +00:00
LGA,2013,6,19,5,60.98,53.96,77.66,10,8.05546,17.2617,0,1013.4,10,2013-06-19 09:00:00.000000 +00:00
LGA,2013,6,19,6,62.06,51.98,69.51,10,10.35702,,0,1013.9,10,2013-06-19 10:00:00.000000 +00:00
LGA,2013,6,19,7,64.04,50,60.25,30,11.5078,,0,1015.4,10,2013-06-19 11:00:00.000000 +00:00
LGA,2013,6,19,8,66.02,50,56.23,30,16.11092,,0,1016.3,10,2013-06-19 12:00:00.000000 +00:00
LGA,2013,6,19,9,68,48.92,50.44,60,10.35702,,0,1016.9,10,2013-06-19 13:00:00.000000 +00:00
LGA,2013,6,19,10,69.98,51.08,51.07,60,9.20624,,0,1017.2,10,2013-06-19 14:00:00.000000 +00:00
LGA,2013,6,19,11,71.96,46.94,40.9,60,9.20624,19.56326,0,1017.3,10,2013-06-19 15:00:00.000000 +00:00
LGA,2013,6,19,12,75.02,46.04,35.67,,5.7539,16.11092,0,1017.4,10,2013-06-19 16:00:00.000000 +00:00
LGA,2013,6,19,13,73.94,42.98,32.91,360,10.35702,17.2617,0,1017.4,10,2013-06-19 17:00:00.000000 +00:00
LGA,2013,6,19,14,75.02,42.08,30.66,310,8.05546,,0,1017.7,10,2013-06-19 18:00:00.000000 +00:00
LGA,2013,6,19,15,75.92,39.92,27.37,340,10.35702,,0,1017.8,10,2013-06-19 19:00:00.000000 +00:00
LGA,2013,6,19,16,75.92,37.04,24.45,,6.90468,,0,1017.6,10,2013-06-19 20:00:00.000000 +00:00
LGA,2013,6,19,17,75.92,39.02,26.43,70,8.05546,,0,1017.5,10,2013-06-19 21:00:00.000000 +00:00
LGA,2013,6,19,18,75.02,39.02,27.23,40,3.45234,,0,1017.8,10,2013-06-19 22:00:00.000000 +00:00
LGA,2013,6,19,19,75.02,42.98,31.74,,6.90468,,0,1018.4,10,2013-06-19 23:00:00.000000 +00:00
LGA,2013,6,19,20,69.08,55.04,60.91,180,10.35702,,0,1019,10,2013-06-20 00:00:00.000000 +00:00
LGA,2013,6,19,21,69.08,51.08,52.67,180,9.20624,,0,1019.8,10,2013-06-20 01:00:00.000000 +00:00
LGA,2013,6,19,22,69.08,51.98,54.45,210,8.05546,,0,1020.6,10,2013-06-20 02:00:00.000000 +00:00
LGA,2013,6,19,23,68,48.92,50.44,220,6.90468,,0,1021.3,10,2013-06-20 03:00:00.000000 +00:00
LGA,2013,6,20,0,66.92,48.92,52.35,230,6.90468,,0,1021.9,10,2013-06-20 04:00:00.000000 +00:00
LGA,2013,6,20,1,66.02,48.02,52.22,220,6.90468,,0,1022.2,10,2013-06-20 05:00:00.000000 +00:00
LGA,2013,6,20,2,66.02,46.94,50.14,220,3.45234,,0,1022.1,10,2013-06-20 06:00:00.000000 +00:00
LGA,2013,6,20,3,64.94,46.94,52.06,230,4.60312,,0,1022.5,10,2013-06-20 07:00:00.000000 +00:00
LGA,2013,6,20,4,64.94,48.02,54.22,210,5.7539,,0,1022.8,10,2013-06-20 08:00:00.000000 +00:00
LGA,2013,6,20,5,64.94,48.02,54.22,210,4.60312,,0,1023.3,10,2013-06-20 09:00:00.000000 +00:00
LGA,2013,6,20,6,66.92,48.92,52.35,210,4.60312,,0,1023.9,10,2013-06-20 10:00:00.000000 +00:00
LGA,2013,6,20,7,69.08,50,50.6,240,8.05546,,0,1024.4,10,2013-06-20 11:00:00.000000 +00:00
LGA,2013,6,20,8,71.06,50,47.29,230,8.05546,,0,1024.4,10,2013-06-20 12:00:00.000000 +00:00
LGA,2013,6,20,9,71.96,48.92,44.06,240,6.90468,,0,1024.4,10,2013-06-20 13:00:00.000000 +00:00
LGA,2013,6,20,10,73.94,51.08,44.66,230,10.35702,16.11092,0,1024.8,10,2013-06-20 14:00:00.000000 +00:00
LGA,2013,6,20,11,75.92,51.08,41.8,230,6.90468,,0,1024.6,10,2013-06-20 15:00:00.000000 +00:00
LGA,2013,6,20,12,77,50,38.74,230,8.05546,16.11092,0,1024.4,10,2013-06-20 16:00:00.000000 +00:00
LGA,2013,6,20,13,78.98,55.04,43.68,180,14.96014,,0,1024.1,10,2013-06-20 17:00:00.000000 +00:00
LGA,2013,6,20,14,78.08,55.04,45,170,13.80936,,0,1023.7,10,2013-06-20 18:00:00.000000 +00:00
LGA,2013,6,20,15,77,51.98,41.69,180,12.65858,19.56326,0,1023.8,10,2013-06-20 19:00:00.000000 +00:00
LGA,2013,6,20,16,78.08,51.98,40.23,160,17.2617,20.71404,0,1023.6,10,2013-06-20 20:00:00.000000 +00:00
LGA,2013,6,20,17,75.92,51.98,43.21,180,16.11092,,0,1023.5,10,2013-06-20 21:00:00.000000 +00:00
LGA,2013,6,20,18,75.02,50,41.38,170,16.11092,,0,1023.6,10,2013-06-20 22:00:00.000000 +00:00
LGA,2013,6,20,19,73.04,51.08,46.04,170,14.96014,,0,1023.6,10,2013-06-20 23:00:00.000000 +00:00
LGA,2013,6,20,20,71.06,50,47.29,180,11.5078,,0,1023.7,10,2013-06-21 00:00:00.000000 +00:00
LGA,2013,6,20,21,69.98,53.06,54.94,180,11.5078,,0,1024.3,10,2013-06-21 01:00:00.000000 +00:00
LGA,2013,6,20,22,69.08,53.96,58.56,170,10.35702,,0,1024.4,10,2013-06-21 02:00:00.000000 +00:00
LGA,2013,6,20,23,69.08,46.04,43.61,210,12.65858,20.71404,0,1024.8,10,2013-06-21 03:00:00.000000 +00:00
LGA,2013,6,21,0,69.08,46.94,45.12,210,10.35702,,0,1025.4,10,2013-06-21 04:00:00.000000 +00:00
LGA,2013,6,21,1,68,44.06,41.98,220,8.05546,,0,1025.2,10,2013-06-21 05:00:00.000000 +00:00
LGA,2013,6,21,2,66.92,42.08,40.39,220,9.20624,,0,1025,10,2013-06-21 06:00:00.000000 +00:00
LGA,2013,6,21,3,66.92,42.08,40.39,220,10.35702,,0,1024.9,10,2013-06-21 07:00:00.000000 +00:00
LGA,2013,6,21,4,66.02,44.06,44.95,220,8.05546,,0,1025,10,2013-06-21 08:00:00.000000 +00:00
LGA,2013,6,21,5,66.02,46.94,50.14,220,6.90468,,0,1025.4,10,2013-06-21 09:00:00.000000 +00:00
LGA,2013,6,21,6,68,48.92,50.44,0,0,,0,1025.6,10,2013-06-21 10:00:00.000000 +00:00
LGA,2013,6,21,7,69.98,48.02,45.57,,4.60312,,0,1025.8,10,2013-06-21 11:00:00.000000 +00:00
LGA,2013,6,21,8,73.04,46.04,38.12,260,5.7539,,0,1025.9,10,2013-06-21 12:00:00.000000 +00:00
LGA,2013,6,21,9,73.94,46.94,38.26,190,8.05546,,0,1025.4,10,2013-06-21 13:00:00.000000 +00:00
LGA,2013,6,21,10,77,48.02,35.98,,5.7539,,0,1025.5,10,2013-06-21 14:00:00.000000 +00:00
LGA,2013,6,21,11,78.08,50,37.38,,3.45234,,0,1025.5,10,2013-06-21 15:00:00.000000 +00:00
LGA,2013,6,21,12,80.96,51.08,35.4,200,11.5078,,0,1025.3,10,2013-06-21 16:00:00.000000 +00:00
LGA,2013,6,21,13,80.96,51.08,35.4,180,9.20624,,0,1024.8,10,2013-06-21 17:00:00.000000 +00:00
LGA,2013,6,21,14,80.96,53.96,39.36,180,11.5078,20.71404,0,1024.8,10,2013-06-21 18:00:00.000000 +00:00
LGA,2013,6,21,15,80.96,51.98,36.6,170,16.11092,20.71404,0,1024.5,10,2013-06-21 19:00:00.000000 +00:00
LGA,2013,6,21,16,78.98,51.08,37.78,170,13.80936,21.86482,0,1024,10,2013-06-21 20:00:00.000000 +00:00
LGA,2013,6,21,17,77,51.08,40.33,170,13.80936,,0,1023.8,10,2013-06-21 21:00:00.000000 +00:00
LGA,2013,6,21,18,75.92,50,40.16,170,14.96014,,0,1024.2,10,2013-06-21 22:00:00.000000 +00:00
LGA,2013,6,21,19,73.94,50,42.91,170,13.80936,,0,1024.2,10,2013-06-21 23:00:00.000000 +00:00
LGA,2013,6,21,20,73.04,53.96,51.18,170,10.35702,,0,1024.1,10,2013-06-22 00:00:00.000000 +00:00
LGA,2013,6,21,21,71.96,53.96,53.08,190,10.35702,,0,1024.4,10,2013-06-22 01:00:00.000000 +00:00
LGA,2013,6,21,22,71.96,51.98,49.36,200,11.5078,,0,1024.5,10,2013-06-22 02:00:00.000000 +00:00
LGA,2013,6,21,23,71.96,46.04,39.54,210,11.5078,,0,1024.4,10,2013-06-22 03:00:00.000000 +00:00
LGA,2013,6,22,0,71.06,44.96,39.13,220,10.35702,,0,1024.3,10,2013-06-22 04:00:00.000000 +00:00
LGA,2013,6,22,1,69.98,44.06,39.22,220,6.90468,,0,1024.1,10,2013-06-22 05:00:00.000000 +00:00
LGA,2013,6,22,2,69.98,44.06,39.22,210,8.05546,,0,1024.3,10,2013-06-22 06:00:00.000000 +00:00
LGA,2013,6,22,3,69.08,44.96,41.86,200,6.90468,,0,1024.1,10,2013-06-22 07:00:00.000000 +00:00
LGA,2013,6,22,4,68,44.06,41.98,190,6.90468,,0,1024.1,10,2013-06-22 08:00:00.000000 +00:00
LGA,2013,6,22,5,66.92,46.94,48.6,210,6.90468,,0,1024.6,10,2013-06-22 09:00:00.000000 +00:00
LGA,2013,6,22,6,66.92,53.96,63.08,200,8.05546,,0,1024,10,2013-06-22 10:00:00.000000 +00:00
LGA,2013,6,22,7,69.98,53.06,54.94,200,6.90468,,0,1024,10,2013-06-22 11:00:00.000000 +00:00
LGA,2013,6,22,8,73.04,48.02,41.07,230,8.05546,,0,1024.2,10,2013-06-22 12:00:00.000000 +00:00
LGA,2013,6,22,9,75.02,51.08,43.08,220,9.20624,,0,1024.1,10,2013-06-22 13:00:00.000000 +00:00
LGA,2013,6,22,10,77,55.94,48.19,200,6.90468,,0,1024.2,10,2013-06-22 14:00:00.000000 +00:00
LGA,2013,6,22,11,78.98,55.94,45.14,290,4.60312,,0,1024.3,10,2013-06-22 15:00:00.000000 +00:00
LGA,2013,6,22,12,82.04,51.08,34.18,,6.90468,,0,1023.8,10,2013-06-22 16:00:00.000000 +00:00
LGA,2013,6,22,13,82.94,51.98,34.32,210,10.35702,,0,1022.7,10,2013-06-22 17:00:00.000000 +00:00
LGA,2013,6,22,14,82.04,57.92,43.87,180,14.96014,20.71404,0,1022.8,10,2013-06-22 18:00:00.000000 +00:00
LGA,2013,6,22,15,78.08,57.02,48.35,180,13.80936,,0,1022.1,10,2013-06-22 19:00:00.000000 +00:00
LGA,2013,6,22,16,75.92,55.94,49.95,180,17.2617,21.86482,0,1021.3,10,2013-06-22 20:00:00.000000 +00:00
LGA,2013,6,22,17,75.92,57.92,53.65,180,12.65858,19.56326,0,1021.1,10,2013-06-22 21:00:00.000000 +00:00
LGA,2013,6,22,18,73.94,53.96,49.66,170,17.2617,25.31716,0,1020.7,10,2013-06-22 22:00:00.000000 +00:00
LGA,2013,6,22,19,73.04,53.06,49.52,180,16.11092,23.0156,0,1020.5,10,2013-06-22 23:00:00.000000 +00:00
LGA,2013,6,22,20,71.96,55.04,55.22,180,11.5078,21.86482,0,1020.7,10,2013-06-23 00:00:00.000000 +00:00
LGA,2013,6,22,21,71.96,51.08,47.75,170,9.20624,,0,1021.6,10,2013-06-23 01:00:00.000000 +00:00
LGA,2013,6,22,22,71.96,55.04,55.22,180,9.20624,,0,1021.8,10,2013-06-23 02:00:00.000000 +00:00
LGA,2013,6,22,23,73.04,53.96,51.18,210,12.65858,,0,1021.7,10,2013-06-23 03:00:00.000000 +00:00
LGA,2013,6,23,0,73.04,55.94,55.01,210,8.05546,,0,1021.8,10,2013-06-23 04:00:00.000000 +00:00
LGA,2013,6,23,1,73.04,57.92,59.08,230,8.05546,,0,1021.7,10,2013-06-23 05:00:00.000000 +00:00
LGA,2013,6,23,2,71.96,57.92,61.28,210,6.90468,,0,1021.4,10,2013-06-23 06:00:00.000000 +00:00
LGA,2013,6,23,3,71.96,57.92,61.28,210,6.90468,,0,1021,10,2013-06-23 07:00:00.000000 +00:00
LGA,2013,6,23,4,71.96,59,63.7,220,6.90468,,0,1021.2,10,2013-06-23 08:00:00.000000 +00:00
LGA,2013,6,23,5,71.06,59,65.67,210,6.90468,,0,1021.2,10,2013-06-23 09:00:00.000000 +00:00
LGA,2013,6,23,6,71.96,60.98,68.35,210,8.05546,,0,1021.8,10,2013-06-23 10:00:00.000000 +00:00
LGA,2013,6,23,7,73.94,60.98,63.94,210,9.20624,,0,1022.3,10,2013-06-23 11:00:00.000000 +00:00
LGA,2013,6,23,8,75.92,62.06,62.17,230,10.35702,,0,1022.2,10,2013-06-23 12:00:00.000000 +00:00
LGA,2013,6,23,9,80.06,62.06,54.23,,4.60312,,0,1021.8,10,2013-06-23 13:00:00.000000 +00:00
LGA,2013,6,23,10,82.04,60.98,48.93,250,11.5078,,0,1021.5,10,2013-06-23 14:00:00.000000 +00:00
LGA,2013,6,23,11,84.02,62.06,47.68,250,11.5078,,0,1021.1,10,2013-06-23 15:00:00.000000 +00:00
LGA,2013,6,23,12,87.08,62.96,44.63,190,10.35702,,0,1020.5,10,2013-06-23 16:00:00.000000 +00:00
LGA,2013,6,23,13,84.92,66.02,53.21,160,17.2617,,0,1020.1,10,2013-06-23 17:00:00.000000 +00:00
LGA,2013,6,23,14,84.92,66.02,53.21,170,19.56326,,0,1019.6,10,2013-06-23 18:00:00.000000 +00:00
LGA,2013,6,23,15,84.92,68,56.98,160,14.96014,20.71404,0,1018.8,10,2013-06-23 19:00:00.000000 +00:00
LGA,2013,6,23,16,84.02,64.94,52.75,210,17.2617,26.46794,0,1018.7,10,2013-06-23 20:00:00.000000 +00:00
LGA,2013,6,23,17,80.96,68,64.77,170,12.65858,,0,1018.3,10,2013-06-23 21:00:00.000000 +00:00
LGA,2013,6,23,18,80.96,68,64.77,190,14.96014,20.71404,0,1017.9,10,2013-06-23 22:00:00.000000 +00:00
LGA,2013,6,23,19,78.08,68,71.19,160,11.5078,,0,1018.2,10,2013-06-23 23:00:00.000000 +00:00
LGA,2013,6,23,20,77,68,73.78,190,9.20624,,0,1018.2,10,2013-06-24 00:00:00.000000 +00:00
LGA,2013,6,23,21,78.08,69.08,73.88,210,11.5078,18.41248,0,1018.4,10,2013-06-24 01:00:00.000000 +00:00
LGA,2013,6,23,22,77,69.08,76.57,210,9.20624,,0,1018.3,10,2013-06-24 02:00:00.000000 +00:00
LGA,2013,6,23,23,75.92,69.08,79.37,220,10.35702,,0,1018.4,10,2013-06-24 03:00:00.000000 +00:00
LGA,2013,6,24,0,75.92,69.98,81.85,210,8.05546,,0,1017.9,10,2013-06-24 04:00:00.000000 +00:00
LGA,2013,6,24,1,75.92,69.98,81.85,230,8.05546,,0,1017.7,10,2013-06-24 05:00:00.000000 +00:00
LGA,2013,6,24,2,75.92,69.98,81.85,230,6.90468,,0,1017.5,10,2013-06-24 06:00:00.000000 +00:00
LGA,2013,6,24,3,75.92,69.98,81.85,220,8.05546,,0,1017.4,10,2013-06-24 07:00:00.000000 +00:00
LGA,2013,6,24,4,75.92,69.98,81.85,210,8.05546,,0,1017.1,10,2013-06-24 08:00:00.000000 +00:00
LGA,2013,6,24,5,75.92,69.08,79.37,230,6.90468,,0,1017.1,10,2013-06-24 09:00:00.000000 +00:00
LGA,2013,6,24,6,77,69.08,76.57,220,10.35702,,0,1017.5,10,2013-06-24 10:00:00.000000 +00:00
LGA,2013,6,24,7,80.06,69.08,69.23,220,6.90468,,0,1017.5,10,2013-06-24 11:00:00.000000 +00:00
LGA,2013,6,24,8,80.96,68,64.77,290,4.60312,,0,1017.7,10,2013-06-24 12:00:00.000000 +00:00
LGA,2013,6,24,9,82.94,68,60.74,0,0,,0,1017.5,10,2013-06-24 13:00:00.000000 +00:00
LGA,2013,6,24,10,87.08,66.92,51.24,260,5.7539,,0,1017.2,10,2013-06-24 14:00:00.000000 +00:00
LGA,2013,6,24,11,91.04,66.02,43.83,270,9.20624,,0,1017,10,2013-06-24 15:00:00.000000 +00:00
LGA,2013,6,24,12,91.04,64.94,42.21,240,8.05546,,0,1016.7,10,2013-06-24 16:00:00.000000 +00:00
LGA,2013,6,24,13,91.94,64.4,40.96,290,10.35702,,0,,10,2013-06-24 17:00:00.000000 +00:00
LGA,2013,6,24,14,93.92,59,31.29,250,10.35702,,0,1014.8,10,2013-06-24 18:00:00.000000 +00:00
LGA,2013,6,24,15,93.02,57.92,30.95,240,10.35702,,0,1014.4,10,2013-06-24 19:00:00.000000 +00:00
LGA,2013,6,24,16,91.04,60.08,35.57,270,17.2617,23.0156,0,1014,10,2013-06-24 20:00:00.000000 +00:00
LGA,2013,6,24,17,87.98,64.94,46.48,220,13.80936,24.16638,0,1013.9,10,2013-06-24 21:00:00.000000 +00:00
LGA,2013,6,24,18,86,64.94,49.51,230,13.80936,,0,1014.4,10,2013-06-24 22:00:00.000000 +00:00
LGA,2013,6,24,19,86,64.94,49.51,260,14.96014,18.41248,0,1014.5,10,2013-06-24 23:00:00.000000 +00:00
LGA,2013,6,24,20,82.04,62.06,50.84,360,11.5078,,0,1015.1,10,2013-06-25 00:00:00.000000 +00:00
LGA,2013,6,24,21,78.98,62.06,56.18,130,3.45234,,0,1016,10,2013-06-25 01:00:00.000000 +00:00
LGA,2013,6,24,22,80.06,60.98,52.19,0,0,,0,1015.7,10,2013-06-25 02:00:00.000000 +00:00
LGA,2013,6,24,23,78.98,60.98,54.08,0,0,,0,1015.6,10,2013-06-25 03:00:00.000000 +00:00
LGA,2013,6,25,0,80.06,60.98,52.19,300,5.7539,,0,1015.2,10,2013-06-25 04:00:00.000000 +00:00
LGA,2013,6,25,1,80.06,62.06,54.23,270,9.20624,,0,1014.7,10,2013-06-25 05:00:00.000000 +00:00
LGA,2013,6,25,2,78.98,62.96,57.99,260,5.7539,,0,1014.4,10,2013-06-25 06:00:00.000000 +00:00
LGA,2013,6,25,3,78.08,62.96,59.74,200,8.05546,,0,1014.1,10,2013-06-25 07:00:00.000000 +00:00
LGA,2013,6,25,4,77,62.96,61.91,210,9.20624,,0,1013.8,10,2013-06-25 08:00:00.000000 +00:00
LGA,2013,6,25,5,75.02,62.96,66.13,250,3.45234,,0,1014.1,10,2013-06-25 09:00:00.000000 +00:00
LGA,2013,6,25,6,75.92,64.04,66.65,220,6.90468,,0,1014.2,10,2013-06-25 10:00:00.000000 +00:00
LGA,2013,6,25,7,78.08,64.04,62.05,240,5.7539,,0,1014.1,10,2013-06-25 11:00:00.000000 +00:00
LGA,2013,6,25,8,80.06,64.94,59.99,230,4.60312,,0,1014,10,2013-06-25 12:00:00.000000 +00:00
LGA,2013,6,25,9,82.94,64.94,54.63,250,4.60312,,0,1013.7,10,2013-06-25 13:00:00.000000 +00:00
LGA,2013,6,25,10,84.92,64.94,51.25,0,0,,0,1013.6,10,2013-06-25 14:00:00.000000 +00:00
LGA,2013,6,25,11,87.98,66.02,48.26,,3.45234,,0,1013.4,10,2013-06-25 15:00:00.000000 +00:00
LGA,2013,6,25,12,89.96,64.94,43.67,220,9.20624,,0,1012.5,10,2013-06-25 16:00:00.000000 +00:00
LGA,2013,6,25,13,91.94,62.06,37.1,230,14.96014,21.86482,0,1011.6,10,2013-06-25 17:00:00.000000 +00:00
LGA,2013,6,25,14,93.02,62.06,35.87,220,13.80936,23.0156,0,1011,10,2013-06-25 18:00:00.000000 +00:00
LGA,2013,6,25,15,91.94,62.06,37.1,240,14.96014,23.0156,0,1010,10,2013-06-25 19:00:00.000000 +00:00
LGA,2013,6,25,16,91.94,62.06,37.1,270,16.11092,24.16638,0,1010,10,2013-06-25 20:00:00.000000 +00:00
LGA,2013,6,25,17,84.02,66.02,54.77,220,13.80936,23.0156,0,1009.5,10,2013-06-25 21:00:00.000000 +00:00
LGA,2013,6,25,18,87.08,66.02,49.66,230,12.65858,19.56326,0,1009.3,10,2013-06-25 22:00:00.000000 +00:00
LGA,2013,6,25,19,87.08,64.94,47.83,250,16.11092,,0,1009,10,2013-06-25 23:00:00.000000 +00:00
LGA,2013,6,25,20,84.92,64.04,49.66,260,14.96014,28.7695,0,1009.4,10,2013-06-26 00:00:00.000000 +00:00
LGA,2013,6,25,21,84.92,64.04,49.66,270,14.96014,24.16638,0,1009.9,10,2013-06-26 01:00:00.000000 +00:00
LGA,2013,6,25,22,84.92,64.04,49.66,260,10.35702,,0,1009.9,10,2013-06-26 02:00:00.000000 +00:00
LGA,2013,6,25,23,82.94,64.94,54.63,260,9.20624,,0,,10,2013-06-26 03:00:00.000000 +00:00
LGA,2013,6,26,0,80.96,69.98,69.32,190,6.90468,,0.01,1008.7,10,2013-06-26 04:00:00.000000 +00:00
LGA,2013,6,26,1,78.98,69.08,71.72,230,8.05546,,0,1008.4,10,2013-06-26 05:00:00.000000 +00:00
LGA,2013,6,26,2,80.06,66.92,64.26,250,10.35702,,0,1008.1,10,2013-06-26 06:00:00.000000 +00:00
LGA,2013,6,26,3,78.08,66.02,66.48,290,18.41248,21.86482,0,1008.6,10,2013-06-26 07:00:00.000000 +00:00
LGA,2013,6,26,4,77,64.94,66.36,270,10.35702,,0,1008.8,10,2013-06-26 08:00:00.000000 +00:00
LGA,2013,6,26,5,77,64.04,64.3,290,10.35702,,0,1009.5,10,2013-06-26 09:00:00.000000 +00:00
LGA,2013,6,26,6,77,62.96,61.91,260,9.20624,,0,1010.1,10,2013-06-26 10:00:00.000000 +00:00
LGA,2013,6,26,7,78.08,62.96,59.74,280,9.20624,18.41248,0,1010.5,10,2013-06-26 11:00:00.000000 +00:00
LGA,2013,6,26,8,80.96,64.04,56.45,300,5.7539,,0,1010.4,10,2013-06-26 12:00:00.000000 +00:00
LGA,2013,6,26,9,82.94,62.96,50.97,260,10.35702,,0,1010.2,10,2013-06-26 13:00:00.000000 +00:00
LGA,2013,6,26,10,84.92,62.06,46.32,270,11.5078,,0,1010.1,10,2013-06-26 14:00:00.000000 +00:00
LGA,2013,6,26,11,86,62.96,46.19,270,8.05546,,0,1009.9,10,2013-06-26 15:00:00.000000 +00:00
LGA,2013,6,26,12,84.92,60.08,43.18,280,10.35702,,0,1010.4,10,2013-06-26 16:00:00.000000 +00:00
LGA,2013,6,26,13,84.92,62.06,46.32,280,8.05546,,0,1010.3,10,2013-06-26 17:00:00.000000 +00:00
LGA,2013,6,26,14,84.92,62.06,46.32,250,9.20624,,0,1010,10,2013-06-26 18:00:00.000000 +00:00
LGA,2013,6,26,15,87.08,60.98,41.61,250,6.90468,,0,1009.3,10,2013-06-26 19:00:00.000000 +00:00
LGA,2013,6,26,16,87.08,62.96,44.63,220,9.20624,18.41248,0,1008.8,10,2013-06-26 20:00:00.000000 +00:00
LGA,2013,6,26,17,87.98,62.06,42.02,280,8.05546,,0,1008.5,10,2013-06-26 21:00:00.000000 +00:00
LGA,2013,6,26,18,87.08,62.06,43.23,260,6.90468,,0,1008.7,10,2013-06-26 22:00:00.000000 +00:00
LGA,2013,6,26,19,84.02,64.94,52.75,0,0,,0.01,1009,10,2013-06-26 23:00:00.000000 +00:00
LGA,2013,6,26,20,80.96,66.02,60.49,,5.7539,,0,1009,10,2013-06-27 00:00:00.000000 +00:00
LGA,2013,6,26,21,80.06,66.02,62.29,160,3.45234,,0,1009.3,10,2013-06-27 01:00:00.000000 +00:00
LGA,2013,6,26,22,78.98,66.92,66.58,170,9.20624,,0,1009.7,10,2013-06-27 02:00:00.000000 +00:00
LGA,2013,6,26,23,75.92,66.92,73.68,,4.60312,,0,1009.8,10,2013-06-27 03:00:00.000000 +00:00
LGA,2013,6,27,0,77,66.92,71.08,160,4.60312,,0,1009.2,10,2013-06-27 04:00:00.000000 +00:00
LGA,2013,6,27,1,75.02,66.92,75.93,100,3.45234,,0,1008.3,10,2013-06-27 05:00:00.000000 +00:00
LGA,2013,6,27,2,75.02,66.92,75.93,0,0,,0,1008,10,2013-06-27 06:00:00.000000 +00:00
LGA,2013,6,27,3,73.94,66.92,78.72,0,0,,0,1007.7,10,2013-06-27 07:00:00.000000 +00:00
LGA,2013,6,27,4,73.94,66.92,78.72,0,0,,0,1008.1,10,2013-06-27 08:00:00.000000 +00:00
LGA,2013,6,27,5,75.02,66.92,75.93,80,4.60312,,0,1008.6,10,2013-06-27 09:00:00.000000 +00:00
LGA,2013,6,27,6,73.94,68,81.71,50,5.7539,,0,1008.9,8,2013-06-27 10:00:00.000000 +00:00
LGA,2013,6,27,7,75.02,68,78.81,50,6.90468,,0,1008.8,8,2013-06-27 11:00:00.000000 +00:00
LGA,2013,6,27,8,77,69.08,76.57,40,6.90468,,0,1008.6,8,2013-06-27 12:00:00.000000 +00:00
LGA,2013,6,27,9,78.98,66.92,66.58,30,5.7539,,0,1008.2,10,2013-06-27 13:00:00.000000 +00:00
LGA,2013,6,27,10,80.06,68,66.7,60,8.05546,,0,1007.9,10,2013-06-27 14:00:00.000000 +00:00
LGA,2013,6,27,11,80.06,68,66.7,50,11.5078,,0,1007.6,10,2013-06-27 15:00:00.000000 +00:00
LGA,2013,6,27,12,80.06,68,66.7,50,12.65858,23.0156,0,1007.5,10,2013-06-27 16:00:00.000000 +00:00
LGA,2013,6,27,13,80.06,68,66.7,50,12.65858,,0,1007,10,2013-06-27 17:00:00.000000 +00:00
LGA,2013,6,27,14,80.06,69.98,71.39,70,8.05546,,0,1006.7,10,2013-06-27 18:00:00.000000 +00:00
LGA,2013,6,27,15,82.04,69.08,64.9,150,12.65858,,0,1006.4,10,2013-06-27 19:00:00.000000 +00:00
LGA,2013,6,27,16,80.96,66.92,62.4,140,12.65858,16.11092,0,1005.5,10,2013-06-27 20:00:00.000000 +00:00
LGA,2013,6,27,17,82.04,68,62.53,140,13.80936,23.0156,0,1004.7,10,2013-06-27 21:00:00.000000 +00:00
LGA,2013,6,27,18,78.98,69.08,71.72,140,10.35702,,0,1005.1,10,2013-06-27 22:00:00.000000 +00:00
LGA,2013,6,27,19,78.98,68,69.52,170,14.96014,23.0156,0,,10,2013-06-27 23:00:00.000000 +00:00
LGA,2013,6,27,20,77,68,73.78,130,14.96014,23.0156,0,,10,2013-06-28 00:00:00.000000 +00:00
LGA,2013,6,27,21,77,71.06,84.92,150,16.11092,23.0156,0.07,,10,2013-06-28 01:00:00.000000 +00:00
LGA,2013,6,27,22,75.2,71.6,88.59,180,18.41248,29.92028,0.06,,9,2013-06-28 02:00:00.000000 +00:00
LGA,2013,6,27,23,73.94,71.6,94.1,170,14.96014,,0,,8,2013-06-28 03:00:00.000000 +00:00
LGA,2013,6,28,0,75.92,69.8,83.32,210,12.65858,,0,,10,2013-06-28 04:00:00.000000 +00:00
LGA,2013,6,28,1,75.92,69.8,83.32,190,14.96014,,0,,10,2013-06-28 05:00:00.000000 +00:00
LGA,2013,6,28,2,75.2,69.8,83.32,170,12.65858,18.41248,0,,10,2013-06-28 06:00:00.000000 +00:00
LGA,2013,6,28,3,75.02,68,83.21,200,11.5078,,0,,10,2013-06-28 07:00:00.000000 +00:00
LGA,2013,6,28,4,75.02,68,78.81,210,11.5078,,0,999.7,10,2013-06-28 08:00:00.000000 +00:00
LGA,2013,6,28,5,73.94,68,81.71,220,13.80936,,0,999.9,10,2013-06-28 09:00:00.000000 +00:00
LGA,2013,6,28,6,73.94,68,83.21,220,10.35702,,0,,10,2013-06-28 10:00:00.000000 +00:00
LGA,2013,6,28,7,75.02,68,78.81,230,9.20624,,0,1000.2,10,2013-06-28 11:00:00.000000 +00:00
LGA,2013,6,28,8,75.92,68,78.34,240,13.80936,,0,,10,2013-06-28 12:00:00.000000 +00:00
LGA,2013,6,28,9,78.98,66.92,66.58,240,9.20624,,0,999.1,10,2013-06-28 13:00:00.000000 +00:00
LGA,2013,6,28,10,80.06,66.02,62.29,230,11.5078,18.41248,0,999.2,10,2013-06-28 14:00:00.000000 +00:00
LGA,2013,6,28,11,82.94,66.02,56.72,220,13.80936,19.56326,0,999.7,10,2013-06-28 15:00:00.000000 +00:00
LGA,2013,6,28,12,84.02,64.94,52.75,210,12.65858,,0,999.5,10,2013-06-28 16:00:00.000000 +00:00
LGA,2013,6,28,13,84.92,64.94,51.25,220,10.35702,19.56326,0,999.3,10,2013-06-28 17:00:00.000000 +00:00
LGA,2013,6,28,14,87.08,64.04,46.35,240,9.20624,,0,998.9,10,2013-06-28 18:00:00.000000 +00:00
LGA,2013,6,28,15,87.08,64.94,47.83,200,11.5078,,0,998.3,10,2013-06-28 19:00:00.000000 +00:00
LGA,2013,6,28,16,87.08,64.04,46.35,220,8.05546,21.86482,0,998.1,10,2013-06-28 20:00:00.000000 +00:00
LGA,2013,6,28,17,82.94,66.92,58.51,150,13.80936,,0,998.1,10,2013-06-28 21:00:00.000000 +00:00
LGA,2013,6,28,18,82.04,66.92,60.25,180,9.20624,,0,998.8,10,2013-06-28 22:00:00.000000 +00:00
LGA,2013,6,28,19,78.98,69.08,71.72,180,11.5078,,0,998.2,10,2013-06-28 23:00:00.000000 +00:00
LGA,2013,6,28,20,78.98,68,69.11,210,11.5078,,0,999.1,10,2013-06-29 00:00:00.000000 +00:00
LGA,2013,6,28,21,78.98,62.96,57.99,250,12.65858,,0,999.3,10,2013-06-29 01:00:00.000000 +00:00
LGA,2013,6,28,22,77,62.96,61.91,230,10.35702,,0,999.5,10,2013-06-29 02:00:00.000000 +00:00
LGA,2013,6,28,23,78.08,60.98,55.7,230,5.7539,,0,999.1,10,2013-06-29 03:00:00.000000 +00:00
LGA,2013,6,29,0,75.92,62.96,64.17,170,11.5078,,0,998.9,10,2013-06-29 04:00:00.000000 +00:00
LGA,2013,6,29,1,73.94,64.94,73.49,200,6.90468,,0,998.9,10,2013-06-29 05:00:00.000000 +00:00
LGA,2013,6,29,2,73.94,64.94,73.49,200,6.90468,,0,998.6,10,2013-06-29 06:00:00.000000 +00:00
LGA,2013,6,29,3,73.04,64.94,75.75,180,8.05546,,0,998.9,10,2013-06-29 07:00:00.000000 +00:00
LGA,2013,6,29,4,73.04,64.94,75.75,190,6.90468,,0,999.6,10,2013-06-29 08:00:00.000000 +00:00
LGA,2013,6,29,5,73.04,64.94,75.75,200,9.20624,,0,1000.6,10,2013-06-29 09:00:00.000000 +00:00
LGA,2013,6,29,6,73.4,66.2,78.65,190,10.35702,,0,,10,2013-06-29 10:00:00.000000 +00:00
LGA,2013,6,29,7,73.04,64.94,75.75,220,8.05546,,0,1001.4,10,2013-06-29 11:00:00.000000 +00:00
LGA,2013,6,29,8,73.94,66.02,76.31,200,9.20624,,0,1001.7,9,2013-06-29 12:00:00.000000 +00:00
LGA,2013,6,29,9,75.92,66.2,73.61,200,11.5078,,0,,10,2013-06-29 13:00:00.000000 +00:00
LGA,2013,6,29,10,78.8,64.4,65.12,240,10.35702,,0,,10,2013-06-29 14:00:00.000000 +00:00
LGA,2013,6,29,11,80.96,64.04,57.6,230,8.05546,,0,,10,2013-06-29 15:00:00.000000 +00:00
LGA,2013,6,29,12,82.94,60.98,47.52,210,11.5078,18.41248,0,1002.1,10,2013-06-29 16:00:00.000000 +00:00
LGA,2013,6,29,13,84.02,64.94,52.75,170,16.11092,,0,1002.2,10,2013-06-29 17:00:00.000000 +00:00
LGA,2013,6,29,14,82.04,66.02,58.4,170,18.41248,25.31716,0,1002.4,10,2013-06-29 18:00:00.000000 +00:00
LGA,2013,6,29,15,84.02,64.94,52.75,160,18.41248,,0,1002.5,10,2013-06-29 19:00:00.000000 +00:00
LGA,2013,6,29,16,82.94,64.04,52.93,160,16.11092,25.31716,0,1002.9,10,2013-06-29 20:00:00.000000 +00:00
LGA,2013,6,29,17,80.06,66.92,64.26,180,16.11092,21.86482,0,1002.8,10,2013-06-29 21:00:00.000000 +00:00
LGA,2013,6,29,18,80.06,66.92,64.26,170,11.5078,,0,1003.1,10,2013-06-29 22:00:00.000000 +00:00
LGA,2013,6,29,19,77,68,73.78,170,11.5078,,0,1003.6,10,2013-06-29 23:00:00.000000 +00:00
LGA,2013,6,29,20,77,69.08,76.57,180,5.7539,,0,1004.1,10,2013-06-30 00:00:00.000000 +00:00
LGA,2013,6,29,21,78.98,69.08,71.72,180,5.7539,,0,1004.9,10,2013-06-30 01:00:00.000000 +00:00
LGA,2013,6,29,22,78.08,69.08,73.88,180,8.05546,,0,1005.1,10,2013-06-30 02:00:00.000000 +00:00
LGA,2013,6,29,23,78.08,69.98,76.19,190,6.90468,,0,1005.4,10,2013-06-30 03:00:00.000000 +00:00
LGA,2013,6,30,0,78.08,69.08,73.88,190,8.05546,,0,1005.8,10,2013-06-30 04:00:00.000000 +00:00
LGA,2013,6,30,1,77,69.08,76.57,180,6.90468,,0,1006.3,10,2013-06-30 05:00:00.000000 +00:00
LGA,2013,6,30,2,75.02,68,78.81,190,5.7539,,0,1006.4,10,2013-06-30 06:00:00.000000 +00:00
LGA,2013,6,30,3,73.94,68,81.71,170,6.90468,,0,1006.3,10,2013-06-30 07:00:00.000000 +00:00
LGA,2013,6,30,4,73.94,68,81.71,180,4.60312,,0,1006.9,10,2013-06-30 08:00:00.000000 +00:00
LGA,2013,6,30,5,73.94,68,81.71,150,4.60312,,0,1007.4,10,2013-06-30 09:00:00.000000 +00:00
LGA,2013,6,30,6,73.94,68,81.71,180,6.90468,,0,1008.5,10,2013-06-30 10:00:00.000000 +00:00
LGA,2013,6,30,7,75.92,69.08,83.21,190,5.7539,,0,,10,2013-06-30 11:00:00.000000 +00:00
LGA,2013,6,30,8,78.98,69.98,73.97,0,0,,0,1009.4,10,2013-06-30 12:00:00.000000 +00:00
LGA,2013,6,30,9,78.98,69.08,71.72,40,6.90468,,0,1009.4,10,2013-06-30 13:00:00.000000 +00:00
LGA,2013,6,30,10,78.98,69.98,73.97,40,9.20624,,0,1009.5,10,2013-06-30 14:00:00.000000 +00:00
LGA,2013,6,30,11,84.02,69.98,62.77,,6.90468,,0,1009.6,10,2013-06-30 15:00:00.000000 +00:00
LGA,2013,6,30,12,84.92,69.08,59.14,150,14.96014,,0,1009.6,10,2013-06-30 16:00:00.000000 +00:00
LGA,2013,6,30,13,82.04,69.98,66.93,160,14.96014,18.41248,0,1009.6,10,2013-06-30 17:00:00.000000 +00:00
LGA,2013,6,30,14,78.8,71.6,79.05,170,14.96014,,0,,7,2013-06-30 18:00:00.000000 +00:00
LGA,2013,6,30,15,77,69.98,78.96,150,11.5078,,0,1010.2,7,2013-06-30 19:00:00.000000 +00:00
LGA,2013,6,30,16,75.92,71.6,88.59,170,13.80936,,0,,3,2013-06-30 20:00:00.000000 +00:00
LGA,2013,6,30,17,78.8,69.98,76.19,170,13.80936,,0,,8,2013-06-30 21:00:00.000000 +00:00
LGA,2013,6,30,18,77,69.98,83.32,180,10.35702,,0,,10,2013-06-30 22:00:00.000000 +00:00
LGA,2013,6,30,19,75.92,69.98,83.32,170,12.65858,,0,,8,2013-06-30 23:00:00.000000 +00:00
LGA,2013,6,30,20,75.02,69.08,81.79,180,13.80936,19.56326,0,1012,8,2013-07-01 00:00:00.000000 +00:00
LGA,2013,6,30,21,73.94,69.8,88.51,170,11.5078,,0,,8,2013-07-01 01:00:00.000000 +00:00
LGA,2013,6,30,22,73.94,69.08,84.8,180,10.35702,,0,1012.6,9,2013-07-01 02:00:00.000000 +00:00
LGA,2013,6,30,23,73.94,69.8,88.51,170,8.05546,,0,,10,2013-07-01 03:00:00.000000 +00:00
LGA,2013,7,1,0,73.94,69.8,88.51,180,8.05546,,0,,10,2013-07-01 04:00:00.000000 +00:00
LGA,2013,7,1,1,73.94,69.08,84.8,150,8.05546,,0,1013,10,2013-07-01 05:00:00.000000 +00:00
LGA,2013,7,1,2,73.94,69.8,88.51,170,6.90468,,0,,10,2013-07-01 06:00:00.000000 +00:00
LGA,2013,7,1,3,73.94,69.08,84.8,170,8.05546,,0,1012.6,10,2013-07-01 07:00:00.000000 +00:00
LGA,2013,7,1,4,73.94,69.08,84.8,150,5.7539,,0,1012.8,10,2013-07-01 08:00:00.000000 +00:00
LGA,2013,7,1,5,73.94,69.08,84.8,150,5.7539,,0,1013.4,7,2013-07-01 09:00:00.000000 +00:00
LGA,2013,7,1,6,75.92,69.98,81.85,,4.60312,,0,1013.6,10,2013-07-01 10:00:00.000000 +00:00
LGA,2013,7,1,7,75.92,69.98,81.85,170,9.20624,,0,1013.8,10,2013-07-01 11:00:00.000000 +00:00
LGA,2013,7,1,8,75.92,69.98,83.32,170,8.05546,,0,,10,2013-07-01 12:00:00.000000 +00:00
LGA,2013,7,1,9,77,71.06,81.92,160,13.80936,20.71404,0,1013.6,10,2013-07-01 13:00:00.000000 +00:00
LGA,2013,7,1,10,78.08,71.6,88.59,250,18.41248,26.46794,0.41,,10,2013-07-01 14:00:00.000000 +00:00
LGA,2013,7,1,11,75.2,71.06,90.73,250,9.20624,,0.22,,10,2013-07-01 15:00:00.000000 +00:00
LGA,2013,7,1,12,73.94,69.98,87.45,150,8.05546,,0.02,1015.1,10,2013-07-01 16:00:00.000000 +00:00
LGA,2013,7,1,13,75.92,71.6,88.59,170,10.35702,,0.01,,10,2013-07-01 17:00:00.000000 +00:00
LGA,2013,7,1,14,75.92,71.6,88.59,180,10.35702,,0.06,,10,2013-07-01 18:00:00.000000 +00:00
LGA,2013,7,1,15,75.2,71.6,88.59,170,11.5078,,0.01,,10,2013-07-01 19:00:00.000000 +00:00
LGA,2013,7,1,16,75.92,71.6,88.59,180,13.80936,,0,,10,2013-07-01 20:00:00.000000 +00:00
LGA,2013,7,1,17,75.2,71.6,90.73,170,14.96014,21.86482,0,,10,2013-07-01 21:00:00.000000 +00:00
LGA,2013,7,1,18,73.94,69.8,88.51,180,12.65858,,0,,10,2013-07-01 22:00:00.000000 +00:00
LGA,2013,7,1,19,75.2,69.98,84.34,180,10.35702,,0,,10,2013-07-01 23:00:00.000000 +00:00
LGA,2013,7,1,20,73.94,69.08,84.8,160,9.20624,,0,1016.5,10,2013-07-02 00:00:00.000000 +00:00
LGA,2013,7,1,21,73.94,69.8,88.51,180,8.05546,,0,,10,2013-07-02 01:00:00.000000 +00:00
LGA,2013,7,1,22,73.94,69.08,84.8,180,6.90468,,0,1017.3,10,2013-07-02 02:00:00.000000 +00:00
LGA,2013,7,1,23,73.94,69.08,84.8,170,8.05546,,0,1017.6,10,2013-07-02 03:00:00.000000 +00:00
LGA,2013,7,2,0,73.04,69.08,87.41,170,5.7539,,0,1017.8,10,2013-07-02 04:00:00.000000 +00:00
LGA,2013,7,2,1,73.94,69.8,88.51,160,6.90468,,0,,10,2013-07-02 05:00:00.000000 +00:00
LGA,2013,7,2,2,73.4,69.98,90.14,170,10.35702,,0,,9,2013-07-02 06:00:00.000000 +00:00
LGA,2013,7,2,3,73.4,69.8,88.51,180,9.20624,,0,,10,2013-07-02 07:00:00.000000 +00:00
LGA,2013,7,2,4,73.4,69.8,88.51,190,9.20624,,0,,10,2013-07-02 08:00:00.000000 +00:00
LGA,2013,7,2,5,73.94,69.08,84.8,170,8.05546,,0,1018.4,10,2013-07-02 09:00:00.000000 +00:00
LGA,2013,7,2,6,73.04,69.08,87.41,170,9.20624,,0,1018.9,10,2013-07-02 10:00:00.000000 +00:00
LGA,2013,7,2,7,73.4,69.8,88.51,190,5.7539,,0,,10,2013-07-02 11:00:00.000000 +00:00
LGA,2013,7,2,8,75.02,69.98,84.34,170,6.90468,,0,1020,10,2013-07-02 12:00:00.000000 +00:00
LGA,2013,7,2,9,75.92,69.98,81.85,170,10.35702,,0,1020.1,10,2013-07-02 13:00:00.000000 +00:00
LGA,2013,7,2,10,78.08,69.98,78.48,180,8.05546,,0,,10,2013-07-02 14:00:00.000000 +00:00
LGA,2013,7,2,11,78.8,69.98,78.96,170,11.5078,,0,,10,2013-07-02 15:00:00.000000 +00:00
LGA,2013,7,2,12,78.98,71.06,76.74,160,9.20624,,0,1020.5,10,2013-07-02 16:00:00.000000 +00:00
LGA,2013,7,2,13,80.06,71.6,78.62,160,9.20624,,0,,10,2013-07-02 17:00:00.000000 +00:00
LGA,2013,7,2,14,82.94,71.06,67.44,180,11.5078,,0,1019.5,10,2013-07-02 18:00:00.000000 +00:00
LGA,2013,7,2,15,80.06,69.98,71.39,160,13.80936,,0,1019.4,10,2013-07-02 19:00:00.000000 +00:00
LGA,2013,7,2,16,80.96,69.98,69.32,170,16.11092,,0,1019.1,10,2013-07-02 20:00:00.000000 +00:00
LGA,2013,7,2,17,80.96,69.98,69.32,170,11.5078,,0,1019.3,10,2013-07-02 21:00:00.000000 +00:00
LGA,2013,7,2,18,80.96,69.98,69.32,170,11.5078,,0,1020,10,2013-07-02 22:00:00.000000 +00:00
LGA,2013,7,2,19,78.98,69.98,73.97,180,10.35702,17.2617,0,1020.4,10,2013-07-02 23:00:00.000000 +00:00
LGA,2013,7,2,20,78.8,71.6,81.92,210,16.11092,23.0156,0.05,,7,2013-07-03 00:00:00.000000 +00:00
LGA,2013,7,2,21,75.92,71.6,88.59,210,10.35702,,0.01,,10,2013-07-03 01:00:00.000000 +00:00
LGA,2013,7,2,22,77,69.98,78.96,220,10.35702,,0,1022,10,2013-07-03 02:00:00.000000 +00:00
LGA,2013,7,2,23,77,69.08,76.57,200,8.05546,,0,1021.9,10,2013-07-03 03:00:00.000000 +00:00
LGA,2013,7,3,0,75.92,68,76.48,210,11.5078,,0,1021.8,10,2013-07-03 04:00:00.000000 +00:00
LGA,2013,7,3,1,75.92,66.92,73.68,220,13.80936,20.71404,0,1021.9,10,2013-07-03 05:00:00.000000 +00:00
LGA,2013,7,3,2,75.02,66.92,75.93,220,12.65858,,0,1021.9,10,2013-07-03 06:00:00.000000 +00:00
LGA,2013,7,3,3,75.02,66.92,75.93,210,10.35702,,0,1022.2,10,2013-07-03 07:00:00.000000 +00:00
LGA,2013,7,3,4,73.94,66.92,78.72,210,8.05546,,0,1022.6,10,2013-07-03 08:00:00.000000 +00:00
LGA,2013,7,3,5,75.02,68,78.81,210,6.90468,,0,1022.9,10,2013-07-03 09:00:00.000000 +00:00
LGA,2013,7,3,6,75.02,69.08,81.79,230,8.05546,,0,1023.5,10,2013-07-03 10:00:00.000000 +00:00
LGA,2013,7,3,7,75.92,69.08,79.37,210,8.05546,,0,1023.6,10,2013-07-03 11:00:00.000000 +00:00
LGA,2013,7,3,8,78.08,69.08,73.88,190,6.90468,,0,1023.9,10,2013-07-03 12:00:00.000000 +00:00
LGA,2013,7,3,9,78.98,69.08,71.72,210,8.05546,,0,1024.1,10,2013-07-03 13:00:00.000000 +00:00
LGA,2013,7,3,10,80.96,68,64.77,250,9.20624,,0,1024,10,2013-07-03 14:00:00.000000 +00:00
LGA,2013,7,3,11,82.04,69.08,64.9,230,10.35702,,0,1023.7,10,2013-07-03 15:00:00.000000 +00:00
LGA,2013,7,3,12,84.02,69.8,65.74,,9.20624,,0,,10,2013-07-03 16:00:00.000000 +00:00
LGA,2013,7,3,13,84.2,69.98,69.32,210,18.41248,,0,,10,2013-07-03 17:00:00.000000 +00:00
LGA,2013,7,3,14,78.98,73.4,83.55,250,9.20624,,0.07,,2,2013-07-03 18:00:00.000000 +00:00
LGA,2013,7,3,15,82.04,73.4,83.55,200,12.65858,,0.18,,10,2013-07-03 19:00:00.000000 +00:00
LGA,2013,7,3,16,84.02,71.06,65.13,150,11.5078,,0,1021.8,10,2013-07-03 20:00:00.000000 +00:00
LGA,2013,7,3,17,82.94,71.06,67.44,170,10.35702,17.2617,0,1021.5,10,2013-07-03 21:00:00.000000 +00:00
LGA,2013,7,3,18,82.04,71.06,69.43,180,8.05546,,0,1021.6,10,2013-07-03 22:00:00.000000 +00:00
LGA,2013,7,3,19,80.6,73.94,88.67,250,18.41248,,0.54,,4,2013-07-03 23:00:00.000000 +00:00
LGA,2013,7,3,20,78.98,73.94,84.58,190,9.20624,,0.17,,10,2013-07-04 00:00:00.000000 +00:00
LGA,2013,7,3,21,78.08,73.94,87.12,200,5.7539,,0,1023,10,2013-07-04 01:00:00.000000 +00:00
LGA,2013,7,3,22,77,73.04,87.6,190,8.05546,,0,1023,10,2013-07-04 02:00:00.000000 +00:00
LGA,2013,7,3,23,78.98,73.94,84.58,210,8.05546,,0,1023.3,10,2013-07-04 03:00:00.000000 +00:00
LGA,2013,7,4,0,78.08,73.94,87.12,190,6.90468,,0,1023.1,10,2013-07-04 04:00:00.000000 +00:00
LGA,2013,7,4,1,78.08,73.04,84.53,210,8.05546,,0,1023,10,2013-07-04 05:00:00.000000 +00:00
LGA,2013,7,4,2,78.08,73.04,84.53,220,8.05546,,0,1022.8,10,2013-07-04 06:00:00.000000 +00:00
LGA,2013,7,4,3,77,73.04,87.6,210,8.05546,,0,1022.7,10,2013-07-04 07:00:00.000000 +00:00
LGA,2013,7,4,4,77,73.04,87.6,210,9.20624,,0,1023,10,2013-07-04 08:00:00.000000 +00:00
LGA,2013,7,4,5,77,71.96,84.46,220,6.90468,,0,1023.2,10,2013-07-04 09:00:00.000000 +00:00
LGA,2013,7,4,6,77,71.96,84.46,220,10.35702,,0,1023.8,10,2013-07-04 10:00:00.000000 +00:00
LGA,2013,7,4,7,78.08,71.96,81.5,220,9.20624,,0,1024.1,10,2013-07-04 11:00:00.000000 +00:00
LGA,2013,7,4,8,80.06,71.96,76.36,210,10.35702,,0,1024.3,10,2013-07-04 12:00:00.000000 +00:00
LGA,2013,7,4,9,82.94,71.06,67.44,220,9.20624,,0,1024.1,10,2013-07-04 13:00:00.000000 +00:00
LGA,2013,7,4,10,84.02,71.06,65.13,220,8.05546,,0,1023.9,10,2013-07-04 14:00:00.000000 +00:00
LGA,2013,7,4,11,86,69.08,57.12,220,12.65858,20.71404,0,1023.6,10,2013-07-04 15:00:00.000000 +00:00
LGA,2013,7,4,12,87.08,69.08,55.19,230,10.35702,19.56326,0,1023.1,10,2013-07-04 16:00:00.000000 +00:00
LGA,2013,7,4,13,87.98,69.98,55.31,210,12.65858,19.56326,0,1022.6,10,2013-07-04 17:00:00.000000 +00:00
LGA,2013,7,4,14,87.08,71.06,59.05,170,13.80936,21.86482,0,1022.1,10,2013-07-04 18:00:00.000000 +00:00
LGA,2013,7,4,15,89.96,69.08,50.39,230,12.65858,,0,1021.5,10,2013-07-04 19:00:00.000000 +00:00
LGA,2013,7,4,16,91.04,66.92,45.22,240,12.65858,20.71404,0,1021.2,10,2013-07-04 20:00:00.000000 +00:00
LGA,2013,7,4,17,89.96,68,48.55,220,14.96014,23.0156,0,1020.9,10,2013-07-04 21:00:00.000000 +00:00
LGA,2013,7,4,18,89.06,68,49.95,230,12.65858,,0,1020.9,10,2013-07-04 22:00:00.000000 +00:00
LGA,2013,7,4,19,87.98,66.92,49.79,220,13.80936,20.71404,0,1021,10,2013-07-04 23:00:00.000000 +00:00
LGA,2013,7,4,20,86,68,55.04,210,13.80936,,0,1021.4,10,2013-07-05 00:00:00.000000 +00:00
LGA,2013,7,4,21,84.92,68,56.98,210,11.5078,,0,1022,10,2013-07-05 01:00:00.000000 +00:00
LGA,2013,7,4,22,84.02,69.08,60.87,210,12.65858,,0,1022.3,10,2013-07-05 02:00:00.000000 +00:00
LGA,2013,7,4,23,82.04,69.08,64.9,220,8.05546,,0,1022.5,10,2013-07-05 03:00:00.000000 +00:00
LGA,2013,7,5,0,80.96,69.98,69.32,230,11.5078,,0,1022.6,10,2013-07-05 04:00:00.000000 +00:00
LGA,2013,7,5,1,78.98,69.98,73.97,230,9.20624,,0,1022.4,10,2013-07-05 05:00:00.000000 +00:00
LGA,2013,7,5,2,78.98,71.06,76.74,230,13.80936,,0,1022.3,10,2013-07-05 06:00:00.000000 +00:00
LGA,2013,7,5,3,78.08,71.06,79.05,210,9.20624,,0,1022.3,10,2013-07-05 07:00:00.000000 +00:00
LGA,2013,7,5,4,78.08,71.06,79.05,230,6.90468,,0,1022.3,10,2013-07-05 08:00:00.000000 +00:00
LGA,2013,7,5,5,77,71.06,81.92,220,8.05546,,0,1022.7,10,2013-07-05 09:00:00.000000 +00:00
LGA,2013,7,5,6,78.08,71.06,79.05,220,8.05546,,0,1022.8,10,2013-07-05 10:00:00.000000 +00:00
LGA,2013,7,5,7,80.06,71.06,74.07,260,6.90468,,0,1022.9,10,2013-07-05 11:00:00.000000 +00:00
LGA,2013,7,5,8,82.04,69.98,66.93,270,11.5078,,0,1022.9,10,2013-07-05 12:00:00.000000 +00:00
LGA,2013,7,5,9,84.02,71.06,65.13,230,4.60312,,0,1022.3,10,2013-07-05 13:00:00.000000 +00:00
LGA,2013,7,5,10,84.92,69.98,60.98,,3.45234,,0,1022.2,10,2013-07-05 14:00:00.000000 +00:00
LGA,2013,7,5,11,87.98,69.08,53.64,240,10.35702,17.2617,0,1021.9,10,2013-07-05 15:00:00.000000 +00:00
LGA,2013,7,5,12,89.06,66.92,48.12,220,5.7539,17.2617,0,1021.6,10,2013-07-05 16:00:00.000000 +00:00
LGA,2013,7,5,13,89.96,68,48.55,240,9.20624,18.41248,0,1021,10,2013-07-05 17:00:00.000000 +00:00
LGA,2013,7,5,14,89.06,71.06,55.46,170,14.96014,21.86482,0,1020.7,10,2013-07-05 18:00:00.000000 +00:00
LGA,2013,7,5,15,89.06,71.06,55.46,160,14.96014,,0,1020.1,10,2013-07-05 19:00:00.000000 +00:00
LGA,2013,7,5,16,89.96,69.98,51.96,160,14.96014,19.56326,0,1019.2,10,2013-07-05 20:00:00.000000 +00:00
LGA,2013,7,5,17,91.94,66.92,43.96,230,12.65858,20.71404,0,1018.7,10,2013-07-05 21:00:00.000000 +00:00
LGA,2013,7,5,18,91.94,66.02,42.61,210,12.65858,,0,1018.6,10,2013-07-05 22:00:00.000000 +00:00
LGA,2013,7,5,19,89.96,66.02,45.34,230,12.65858,,0,1018.6,10,2013-07-05 23:00:00.000000 +00:00
LGA,2013,7,5,20,87.98,66.92,49.79,230,11.5078,,0,1018.8,10,2013-07-06 00:00:00.000000 +00:00
LGA,2013,7,5,21,87.08,68,53.18,230,10.35702,,0,1019.5,10,2013-07-06 01:00:00.000000 +00:00
LGA,2013,7,5,22,86,68,55.04,220,11.5078,,0,1019.9,10,2013-07-06 02:00:00.000000 +00:00
LGA,2013,7,5,23,84.92,69.08,59.14,230,8.05546,,0,1020.2,10,2013-07-06 03:00:00.000000 +00:00
LGA,2013,7,6,0,84.02,69.98,62.77,220,11.5078,,0,1020,10,2013-07-06 04:00:00.000000 +00:00
LGA,2013,7,6,1,82.94,69.98,65,230,11.5078,,0,1020,10,2013-07-06 05:00:00.000000 +00:00
LGA,2013,7,6,2,82.04,69.98,66.93,220,10.35702,,0,1020,10,2013-07-06 06:00:00.000000 +00:00
LGA,2013,7,6,3,80.96,69.98,69.32,220,8.05546,,0,1019.8,10,2013-07-06 07:00:00.000000 +00:00
LGA,2013,7,6,4,80.06,69.98,71.39,230,6.90468,,0,1019.9,10,2013-07-06 08:00:00.000000 +00:00
LGA,2013,7,6,5,78.98,71.06,76.74,220,8.05546,,0,1019.9,10,2013-07-06 09:00:00.000000 +00:00
LGA,2013,7,6,6,80.06,71.06,74.07,220,8.05546,,0,1020.2,10,2013-07-06 10:00:00.000000 +00:00
LGA,2013,7,6,7,82.04,71.06,69.43,240,10.35702,,0,1020.2,10,2013-07-06 11:00:00.000000 +00:00
LGA,2013,7,6,8,84.02,69.98,62.77,260,9.20624,,0,1020.1,10,2013-07-06 12:00:00.000000 +00:00
LGA,2013,7,6,9,86,69.98,58.91,,5.7539,,0,1019.7,10,2013-07-06 13:00:00.000000 +00:00
LGA,2013,7,6,10,87.98,68,51.68,220,6.90468,,0,1019.2,10,2013-07-06 14:00:00.000000 +00:00
LGA,2013,7,6,11,89.96,66.92,46.77,270,11.5078,,0,1019.1,10,2013-07-06 15:00:00.000000 +00:00
LGA,2013,7,6,12,91.94,66.92,43.96,270,14.96014,19.56326,0,1018.9,10,2013-07-06 16:00:00.000000 +00:00
LGA,2013,7,6,13,91.94,66.92,43.96,260,11.5078,,0,1018.4,10,2013-07-06 17:00:00.000000 +00:00
LGA,2013,7,6,14,93.92,66.02,40.07,250,13.80936,20.71404,0,1018.1,10,2013-07-06 18:00:00.000000 +00:00
LGA,2013,7,6,15,93.92,64.94,38.59,270,13.80936,,0,1017.6,10,2013-07-06 19:00:00.000000 +00:00
LGA,2013,7,6,16,95,64.94,37.33,270,11.5078,21.86482,0,1017.2,10,2013-07-06 20:00:00.000000 +00:00
LGA,2013,7,6,17,93.92,64.94,38.59,260,13.80936,,0,1016.8,10,2013-07-06 21:00:00.000000 +00:00
LGA,2013,7,6,18,93.02,66.02,41.2,260,16.11092,,0,1016.5,10,2013-07-06 22:00:00.000000 +00:00
LGA,2013,7,6,19,91.94,66.92,43.96,260,10.35702,,0,1016.2,10,2013-07-06 23:00:00.000000 +00:00
LGA,2013,7,6,20,91.04,66.92,45.22,260,9.20624,,0,1016.5,10,2013-07-07 00:00:00.000000 +00:00
LGA,2013,7,6,21,91.04,66.92,45.22,240,6.90468,,0,1017,10,2013-07-07 01:00:00.000000 +00:00
LGA,2013,7,6,22,89.96,66.92,46.77,240,6.90468,,0,1017.3,10,2013-07-07 02:00:00.000000 +00:00
LGA,2013,7,6,23,87.98,69.98,55.31,230,9.20624,,0,1017.6,10,2013-07-07 03:00:00.000000 +00:00
LGA,2013,7,7,0,87.08,69.98,56.92,240,10.35702,,0,1017.5,10,2013-07-07 04:00:00.000000 +00:00
LGA,2013,7,7,1,86,69.98,58.91,250,14.96014,,0,1017.3,10,2013-07-07 05:00:00.000000 +00:00
LGA,2013,7,7,2,84.92,69.98,60.98,250,10.35702,,0,1017.1,10,2013-07-07 06:00:00.000000 +00:00
LGA,2013,7,7,3,84.02,69.98,62.77,260,13.80936,20.71404,0,1016.8,10,2013-07-07 07:00:00.000000 +00:00
LGA,2013,7,7,4,84.02,69.98,62.77,240,10.35702,,0,1016.8,10,2013-07-07 08:00:00.000000 +00:00
LGA,2013,7,7,5,82.04,69.98,66.93,230,6.90468,,0,1017,10,2013-07-07 09:00:00.000000 +00:00
LGA,2013,7,7,6,82.04,69.98,66.93,230,10.35702,,0,1017.2,10,2013-07-07 10:00:00.000000 +00:00
LGA,2013,7,7,7,82.94,69.08,63.03,220,8.05546,,0,1017.4,10,2013-07-07 11:00:00.000000 +00:00
LGA,2013,7,7,8,84.02,69.08,60.87,210,8.05546,,0,1017.5,10,2013-07-07 12:00:00.000000 +00:00
LGA,2013,7,7,9,86,69.98,58.91,220,8.05546,,0,1016.9,10,2013-07-07 13:00:00.000000 +00:00
LGA,2013,7,7,10,89.06,69.08,51.83,190,6.90468,,0,1016.6,10,2013-07-07 14:00:00.000000 +00:00
LGA,2013,7,7,11,91.04,66.92,45.22,240,9.20624,,0,1016.1,10,2013-07-07 15:00:00.000000 +00:00
LGA,2013,7,7,12,93.02,68,44.12,250,9.20624,,0,1015.6,10,2013-07-07 16:00:00.000000 +00:00
LGA,2013,7,7,13,93.92,66.92,41.34,240,9.20624,,0,1015.3,10,2013-07-07 17:00:00.000000 +00:00
LGA,2013,7,7,14,93.02,69.98,47.22,170,14.96014,19.56326,0,1014.4,10,2013-07-07 18:00:00.000000 +00:00
LGA,2013,7,7,15,93.92,71.06,47.64,140,12.65858,21.86482,0,1013.9,10,2013-07-07 19:00:00.000000 +00:00
LGA,2013,7,7,16,91.94,69.98,48.84,170,13.80936,,0,1013.3,10,2013-07-07 20:00:00.000000 +00:00
LGA,2013,7,7,17,95,66.92,39.98,260,10.35702,20.71404,0,1013.1,10,2013-07-07 21:00:00.000000 +00:00
LGA,2013,7,7,18,96.08,66.02,37.49,270,12.65858,20.71404,0,1013.4,10,2013-07-07 22:00:00.000000 +00:00
LGA,2013,7,7,19,91.94,68,45.63,270,10.35702,19.56326,0,1013.5,10,2013-07-07 23:00:00.000000 +00:00
LGA,2013,7,7,20,91.04,68,46.93,260,16.11092,25.31716,0,1014.5,10,2013-07-08 00:00:00.000000 +00:00
LGA,2013,7,7,21,84.92,62.96,47.82,350,8.05546,,0,1013.7,10,2013-07-08 01:00:00.000000 +00:00
LGA,2013,7,7,22,86,62.96,46.19,240,9.20624,,0,1014.1,10,2013-07-08 02:00:00.000000 +00:00
LGA,2013,7,7,23,82.04,62.06,50.84,270,12.65858,,0,1015.2,10,2013-07-08 03:00:00.000000 +00:00
LGA,2013,7,8,0,82.04,62.06,50.84,250,9.20624,,0,1015.2,10,2013-07-08 04:00:00.000000 +00:00
LGA,2013,7,8,1,80.06,62.96,55.97,260,13.80936,,0,1015.3,10,2013-07-08 05:00:00.000000 +00:00
LGA,2013,7,8,2,78.08,64.04,62.05,260,8.05546,,0,1014.9,10,2013-07-08 06:00:00.000000 +00:00
LGA,2013,7,8,3,77,64.94,66.36,250,10.35702,,0,1014.9,10,2013-07-08 07:00:00.000000 +00:00
LGA,2013,7,8,4,75.92,64.94,68.78,260,10.35702,,0,1015.3,10,2013-07-08 08:00:00.000000 +00:00
LGA,2013,7,8,5,75.92,64.94,68.78,260,9.20624,,0,1015.9,10,2013-07-08 09:00:00.000000 +00:00
LGA,2013,7,8,6,75.92,64.94,68.78,240,6.90468,,0,1016.4,10,2013-07-08 10:00:00.000000 +00:00
LGA,2013,7,8,7,77,66.02,68.9,280,8.05546,,0,1016.6,10,2013-07-08 11:00:00.000000 +00:00
LGA,2013,7,8,8,78.98,66.02,64.54,310,10.35702,,0,1016.5,10,2013-07-08 12:00:00.000000 +00:00
LGA,2013,7,8,9,80.96,66.02,60.49,320,5.7539,,0,1016.3,10,2013-07-08 13:00:00.000000 +00:00
LGA,2013,7,8,10,84.92,64.04,49.66,270,6.90468,,0,1016.5,10,2013-07-08 14:00:00.000000 +00:00
LGA,2013,7,8,11,87.08,62.06,43.23,260,11.5078,,0,1016.4,10,2013-07-08 15:00:00.000000 +00:00
LGA,2013,7,8,12,87.08,62.96,44.63,260,11.5078,,0,1016.2,10,2013-07-08 16:00:00.000000 +00:00
LGA,2013,7,8,13,87.98,62.06,42.02,250,11.5078,,0,1015.9,10,2013-07-08 17:00:00.000000 +00:00
LGA,2013,7,8,14,89.06,62.96,41.91,290,8.05546,,0,1015.4,10,2013-07-08 18:00:00.000000 +00:00
LGA,2013,7,8,15,89.06,62.06,40.6,250,8.05546,,0,1015.1,10,2013-07-08 19:00:00.000000 +00:00
LGA,2013,7,8,16,89.96,62.06,39.47,210,11.5078,,0,1014.7,10,2013-07-08 20:00:00.000000 +00:00
LGA,2013,7,8,17,87.98,62.06,42.02,220,13.80936,,0,1014.4,10,2013-07-08 21:00:00.000000 +00:00
LGA,2013,7,8,18,87.98,64.04,45.04,220,12.65858,,0,,10,2013-07-08 22:00:00.000000 +00:00
LGA,2013,7,8,19,84.92,66.92,54.9,210,16.11092,21.86482,0,1015.2,10,2013-07-08 23:00:00.000000 +00:00
LGA,2013,7,8,20,84.92,68,69.52,,12.65858,,0,,10,2013-07-09 00:00:00.000000 +00:00
LGA,2013,7,8,21,84.02,64.94,52.75,260,8.05546,,0,1016.9,10,2013-07-09 01:00:00.000000 +00:00
LGA,2013,7,8,22,82.94,62.96,50.97,230,10.35702,,0,1016.7,10,2013-07-09 02:00:00.000000 +00:00
LGA,2013,7,8,23,82.04,64.04,54.5,250,8.05546,,0,1017,10,2013-07-09 03:00:00.000000 +00:00
LGA,2013,7,9,0,80.06,64.04,58.14,250,5.7539,,0,1016.8,10,2013-07-09 04:00:00.000000 +00:00
LGA,2013,7,9,1,80.06,62.96,55.97,240,6.90468,,0,1016.9,10,2013-07-09 05:00:00.000000 +00:00
LGA,2013,7,9,2,78.98,64.04,60.23,230,4.60312,,0,1016.9,10,2013-07-09 06:00:00.000000 +00:00
LGA,2013,7,9,3,78.08,64.04,62.05,0,0,,0,1016.7,10,2013-07-09 07:00:00.000000 +00:00
LGA,2013,7,9,4,77,64.94,66.36,220,6.90468,,0,1017.2,10,2013-07-09 08:00:00.000000 +00:00
LGA,2013,7,9,5,78.08,64.04,62.05,210,4.60312,,0,1017.4,10,2013-07-09 09:00:00.000000 +00:00
LGA,2013,7,9,6,78.08,64.94,64.03,210,5.7539,,0,1017.7,10,2013-07-09 10:00:00.000000 +00:00
LGA,2013,7,9,7,78.08,64.94,64.03,0,0,,0,1018.1,10,2013-07-09 11:00:00.000000 +00:00
LGA,2013,7,9,8,80.96,64.94,58.25,0,0,,0,1018,9,2013-07-09 12:00:00.000000 +00:00
LGA,2013,7,9,9,84.02,66.02,54.77,0,0,,0,1017.7,9,2013-07-09 13:00:00.000000 +00:00
LGA,2013,7,9,10,82.94,64.94,54.63,340,4.60312,,0,1017.6,10,2013-07-09 14:00:00.000000 +00:00
LGA,2013,7,9,11,87.08,64.94,47.83,230,9.20624,,0,1017.5,10,2013-07-09 15:00:00.000000 +00:00
LGA,2013,7,9,12,89.96,64.94,43.67,230,12.65858,16.11092,0,1017.1,10,2013-07-09 16:00:00.000000 +00:00
LGA,2013,7,9,13,87.08,68,53.18,190,14.96014,24.16638,0,1016.8,10,2013-07-09 17:00:00.000000 +00:00
LGA,2013,7,9,14,87.98,69.08,53.64,160,14.96014,19.56326,0,1016.3,10,2013-07-09 18:00:00.000000 +00:00
LGA,2013,7,9,15,82.94,66.92,58.51,0,0,,0.06,1015.9,6,2013-07-09 19:00:00.000000 +00:00
LGA,2013,7,9,16,84.02,68,58.65,250,8.05546,29.92028,0,1016,9,2013-07-09 20:00:00.000000 +00:00
LGA,2013,7,9,17,87.08,64.94,47.83,210,10.35702,,0,1015.4,10,2013-07-09 21:00:00.000000 +00:00
LGA,2013,7,9,18,87.08,66.92,51.24,190,10.35702,,0,1015.1,9,2013-07-09 22:00:00.000000 +00:00
LGA,2013,7,9,19,87.08,66.92,51.24,200,9.20624,,0,1015.4,10,2013-07-09 23:00:00.000000 +00:00
LGA,2013,7,9,20,84.92,69.08,59.14,180,10.35702,,0,1015.4,10,2013-07-10 00:00:00.000000 +00:00
LGA,2013,7,9,21,84.2,69.8,62.03,240,10.35702,,0,,10,2013-07-10 01:00:00.000000 +00:00
LGA,2013,7,9,22,82.4,66.2,58.08,230,8.05546,,0,,10,2013-07-10 02:00:00.000000 +00:00
LGA,2013,7,9,23,82.04,66.02,58.4,230,5.7539,,0,1016.4,10,2013-07-10 03:00:00.000000 +00:00
LGA,2013,7,10,0,80.96,66.02,60.49,220,11.5078,,0,1016,10,2013-07-10 04:00:00.000000 +00:00
LGA,2013,7,10,1,75.92,69.98,81.85,170,9.20624,,0.02,1015.6,8,2013-07-10 05:00:00.000000 +00:00
LGA,2013,7,10,2,77,69.98,78.96,200,8.05546,,0,1015.1,8,2013-07-10 06:00:00.000000 +00:00
LGA,2013,7,10,3,75.92,69.98,81.85,180,6.90468,,0,1014.9,8,2013-07-10 07:00:00.000000 +00:00
LGA,2013,7,10,4,75.92,69.08,79.37,180,6.90468,,0,1014.5,8,2013-07-10 08:00:00.000000 +00:00
LGA,2013,7,10,5,75.02,69.08,81.79,180,6.90468,,0,1014.7,8,2013-07-10 09:00:00.000000 +00:00
LGA,2013,7,10,6,75.92,69.98,81.85,180,6.90468,,0,1014.3,8,2013-07-10 10:00:00.000000 +00:00
LGA,2013,7,10,7,78.08,69.98,76.19,180,8.05546,,0,1014.4,8,2013-07-10 11:00:00.000000 +00:00
LGA,2013,7,10,8,78.98,71.6,78.62,190,9.20624,,0,,8,2013-07-10 12:00:00.000000 +00:00
LGA,2013,7,10,9,80.96,71.6,74.11,170,8.05546,,0,,8,2013-07-10 13:00:00.000000 +00:00
LGA,2013,7,10,10,82.94,71.6,69.9,240,12.65858,,0,,8,2013-07-10 14:00:00.000000 +00:00
LGA,2013,7,10,11,86,71.06,62.03,240,10.35702,,0,,9,2013-07-10 15:00:00.000000 +00:00
LGA,2013,7,10,12,87.08,69.98,56.92,230,11.5078,20.71404,0,1012.1,9,2013-07-10 16:00:00.000000 +00:00
LGA,2013,7,10,13,82.4,71.6,69.9,210,18.41248,,0,,10,2013-07-10 17:00:00.000000 +00:00
LGA,2013,7,10,14,84.92,71.96,65.23,220,12.65858,,0,1010.7,8,2013-07-10 18:00:00.000000 +00:00
LGA,2013,7,10,15,87.98,66.92,49.79,230,17.2617,23.0156,0,1010.4,10,2013-07-10 19:00:00.000000 +00:00
LGA,2013,7,10,16,87.08,69.08,55.19,200,16.11092,20.71404,0,1009.7,10,2013-07-10 20:00:00.000000 +00:00
LGA,2013,7,10,17,87.08,66.92,51.24,220,14.96014,,0,1009.1,10,2013-07-10 21:00:00.000000 +00:00
LGA,2013,7,10,18,91.04,66.92,45.22,220,11.5078,19.56326,0,1009.7,10,2013-07-10 22:00:00.000000 +00:00
LGA,2013,7,10,19,87.98,66.02,48.26,250,16.11092,21.86482,0,1010.1,10,2013-07-10 23:00:00.000000 +00:00
LGA,2013,7,10,20,86,68,55.04,230,9.20624,,0,1010,10,2013-07-11 00:00:00.000000 +00:00
LGA,2013,7,10,21,87.08,68,53.18,240,8.05546,,0,1010.5,10,2013-07-11 01:00:00.000000 +00:00
LGA,2013,7,10,22,84.92,69.08,59.14,220,6.90468,,0,1010.2,10,2013-07-11 02:00:00.000000 +00:00
LGA,2013,7,10,23,84.02,69.08,60.87,230,10.35702,,0,1009.7,10,2013-07-11 03:00:00.000000 +00:00
LGA,2013,7,11,0,84.02,69.98,62.77,240,13.80936,,0,1009.1,10,2013-07-11 04:00:00.000000 +00:00
LGA,2013,7,11,1,82.94,71.06,67.44,230,10.35702,21.86482,0,1009.2,10,2013-07-11 05:00:00.000000 +00:00
LGA,2013,7,11,2,82.04,71.06,69.43,220,11.5078,17.2617,0,1009.4,10,2013-07-11 06:00:00.000000 +00:00
LGA,2013,7,11,3,80.96,71.96,74.15,230,6.90468,,0,1009.2,10,2013-07-11 07:00:00.000000 +00:00
LGA,2013,7,11,4,80.96,71.96,74.15,210,10.35702,,0,1008.8,10,2013-07-11 08:00:00.000000 +00:00
LGA,2013,7,11,5,80.96,69.08,67.22,230,9.20624,,0,1009.5,10,2013-07-11 09:00:00.000000 +00:00
LGA,2013,7,11,6,78.98,69.98,73.97,210,10.35702,,0,1010,10,2013-07-11 10:00:00.000000 +00:00
LGA,2013,7,11,7,80.6,69.98,71.39,220,10.35702,,0,,10,2013-07-11 11:00:00.000000 +00:00
LGA,2013,7,11,8,80.06,69.98,71.39,290,5.7539,,0,1010.4,10,2013-07-11 12:00:00.000000 +00:00
LGA,2013,7,11,9,80.6,64.94,62.16,310,11.5078,,0,,10,2013-07-11 13:00:00.000000 +00:00
LGA,2013,7,11,10,77,66.02,68.9,310,11.5078,,0,1011.1,10,2013-07-11 14:00:00.000000 +00:00
LGA,2013,7,11,11,78.08,64.04,62.05,310,12.65858,,0,1010.9,10,2013-07-11 15:00:00.000000 +00:00
LGA,2013,7,11,12,78.98,64.94,62.16,310,9.20624,,0,1011.1,10,2013-07-11 16:00:00.000000 +00:00
LGA,2013,7,11,13,80.96,64.94,58.25,320,3.45234,,0,1011.1,10,2013-07-11 17:00:00.000000 +00:00
LGA,2013,7,11,14,82.04,64.04,54.5,320,5.7539,,0,1010.9,10,2013-07-11 18:00:00.000000 +00:00
LGA,2013,7,11,15,84.02,64.04,51.12,80,4.60312,,0,1010.7,10,2013-07-11 19:00:00.000000 +00:00
LGA,2013,7,11,16,84.02,62.96,49.22,70,3.45234,,0,1010.5,10,2013-07-11 20:00:00.000000 +00:00
LGA,2013,7,11,17,84.02,64.94,52.75,50,5.7539,,0,1010.7,10,2013-07-11 21:00:00.000000 +00:00
LGA,2013,7,11,18,84.02,64.04,51.12,50,5.7539,,0,1011.2,10,2013-07-11 22:00:00.000000 +00:00
LGA,2013,7,11,19,82.04,60.08,47.39,320,10.35702,,0,1011.7,10,2013-07-11 23:00:00.000000 +00:00
LGA,2013,7,11,20,80.96,60.08,49.09,340,6.90468,,0,1012.1,10,2013-07-12 00:00:00.000000 +00:00
LGA,2013,7,11,21,78.08,60.98,55.7,40,8.05546,,0,1013,10,2013-07-12 01:00:00.000000 +00:00
LGA,2013,7,11,22,77,60.98,57.73,50,6.90468,,0,1012.9,10,2013-07-12 02:00:00.000000 +00:00
LGA,2013,7,11,23,77,60.08,55.91,80,4.60312,,0,1013,10,2013-07-12 03:00:00.000000 +00:00
LGA,2013,7,12,0,75.02,62.06,64.07,60,4.60312,,0,1013.1,10,2013-07-12 04:00:00.000000 +00:00
LGA,2013,7,12,1,75.02,60.98,61.66,50,5.7539,,0,1013.4,10,2013-07-12 05:00:00.000000 +00:00
LGA,2013,7,12,2,73.94,60.08,61.92,70,6.90468,,0,1013.4,10,2013-07-12 06:00:00.000000 +00:00
LGA,2013,7,12,3,73.04,60.98,65.9,30,6.90468,,0,1013.8,10,2013-07-12 07:00:00.000000 +00:00
LGA,2013,7,12,4,73.04,60.98,65.9,30,9.20624,,0,1014.3,10,2013-07-12 08:00:00.000000 +00:00
LGA,2013,7,12,5,73.04,60.08,63.83,30,6.90468,,0,1014.7,10,2013-07-12 09:00:00.000000 +00:00
LGA,2013,7,12,6,73.04,60.08,63.83,40,6.90468,,0,1015.5,10,2013-07-12 10:00:00.000000 +00:00
LGA,2013,7,12,7,73.04,60.98,65.9,40,11.5078,,0,1015.6,10,2013-07-12 11:00:00.000000 +00:00
LGA,2013,7,12,8,73.94,60.98,63.94,40,16.11092,,0,1016,10,2013-07-12 12:00:00.000000 +00:00
LGA,2013,7,12,9,75.02,60.98,61.66,50,14.96014,,0,1016.4,10,2013-07-12 13:00:00.000000 +00:00
LGA,2013,7,12,10,75.02,62.06,64.07,50,17.2617,,0,1016.9,10,2013-07-12 14:00:00.000000 +00:00
LGA,2013,7,12,11,77,62.96,61.91,60,17.2617,,0,1017.1,10,2013-07-12 15:00:00.000000 +00:00
LGA,2013,7,12,12,75.92,62.96,64.91,60,16.11092,,0,,10,2013-07-12 16:00:00.000000 +00:00
LGA,2013,7,12,13,77,64.04,64.3,60,16.11092,,0,1017.1,10,2013-07-12 17:00:00.000000 +00:00
LGA,2013,7,12,14,75.92,64.94,68.78,70,14.96014,,0,1017.1,10,2013-07-12 18:00:00.000000 +00:00
LGA,2013,7,12,15,73.94,66.02,76.31,50,10.35702,,0,1017,10,2013-07-12 19:00:00.000000 +00:00
LGA,2013,7,12,16,73.94,66.02,76.31,50,11.5078,21.86482,0,1017,10,2013-07-12 20:00:00.000000 +00:00
LGA,2013,7,12,17,73.94,66.92,78.72,50,12.65858,,0,1017,10,2013-07-12 21:00:00.000000 +00:00
LGA,2013,7,12,18,73.04,68,84.22,50,9.20624,,0,1017.4,10,2013-07-12 22:00:00.000000 +00:00
LGA,2013,7,12,19,73.4,68,84.22,70,9.20624,,0.03,,5,2013-07-12 23:00:00.000000 +00:00
LGA,2013,7,12,20,71.6,66.2,87.26,70,18.41248,,0.11,,4,2013-07-13 00:00:00.000000 +00:00
LGA,2013,7,12,21,69.98,66.02,87.26,60,17.2617,,0.01,1018.6,5,2013-07-13 01:00:00.000000 +00:00
LGA,2013,7,12,22,69.8,66.2,89.98,60,17.2617,,0,,10,2013-07-13 02:00:00.000000 +00:00
LGA,2013,7,12,23,69.8,66.2,89.98,70,14.96014,,0.03,,8,2013-07-13 03:00:00.000000 +00:00
LGA,2013,7,13,0,69.8,66.2,89.98,70,10.35702,,0.04,,10,2013-07-13 04:00:00.000000 +00:00
LGA,2013,7,13,1,69.8,66.2,89.98,70,11.5078,,0,,10,2013-07-13 05:00:00.000000 +00:00
LGA,2013,7,13,2,69.8,66.92,92.83,60,10.35702,,0,,2,2013-07-13 06:00:00.000000 +00:00
LGA,2013,7,13,3,69.08,66.92,92.83,60,9.20624,,0,1020,2,2013-07-13 07:00:00.000000 +00:00
LGA,2013,7,13,4,69.08,66.92,92.83,70,6.90468,,0.01,1020.6,2,2013-07-13 08:00:00.000000 +00:00
LGA,2013,7,13,5,69.08,66.92,92.83,40,6.90468,,0,1021,2,2013-07-13 09:00:00.000000 +00:00
LGA,2013,7,13,6,69.8,66.92,92.83,60,10.35702,,0,,2,2013-07-13 10:00:00.000000 +00:00
LGA,2013,7,13,7,69.8,66.92,92.83,50,9.20624,,0,,3,2013-07-13 11:00:00.000000 +00:00
LGA,2013,7,13,8,69.98,68,94.01,40,12.65858,,0.01,,3,2013-07-13 12:00:00.000000 +00:00
LGA,2013,7,13,9,71.06,68,90.06,40,11.5078,,0,1023.4,2,2013-07-13 13:00:00.000000 +00:00
LGA,2013,7,13,10,71.96,68,87.35,40,12.65858,,0,1023.8,2,2013-07-13 14:00:00.000000 +00:00
LGA,2013,7,13,11,73.94,68,88.43,50,13.80936,,0,,6,2013-07-13 15:00:00.000000 +00:00
LGA,2013,7,13,12,75.02,68,83.21,40,14.96014,,0,,6,2013-07-13 16:00:00.000000 +00:00
LGA,2013,7,13,13,75.02,68,78.81,50,16.11092,,0,1023.9,9,2013-07-13 17:00:00.000000 +00:00
LGA,2013,7,13,14,75.92,69.08,79.37,50,13.80936,,0,1024,10,2013-07-13 18:00:00.000000 +00:00
LGA,2013,7,13,15,73.94,69.8,88.51,50,16.11092,,0,,10,2013-07-13 19:00:00.000000 +00:00
LGA,2013,7,13,16,73.94,69.08,84.8,40,14.96014,,0,1024,10,2013-07-13 20:00:00.000000 +00:00
LGA,2013,7,13,17,73.94,69.08,84.8,40,11.5078,,0,,10,2013-07-13 21:00:00.000000 +00:00
LGA,2013,7,13,18,73.4,69.8,88.51,60,8.05546,,0,,10,2013-07-13 22:00:00.000000 +00:00
LGA,2013,7,13,19,75.02,69.8,88.51,60,8.05546,,0,,10,2013-07-13 23:00:00.000000 +00:00
LGA,2013,7,13,20,73.94,69.8,88.51,50,6.90468,,0,,10,2013-07-14 00:00:00.000000 +00:00
LGA,2013,7,13,21,73.04,69.08,87.41,60,6.90468,,0,1024.9,10,2013-07-14 01:00:00.000000 +00:00
LGA,2013,7,13,22,73.04,69.08,87.41,60,8.05546,,0,1025.3,10,2013-07-14 02:00:00.000000 +00:00
LGA,2013,7,13,23,73.4,69.8,88.51,60,8.05546,,0,,9,2013-07-14 03:00:00.000000 +00:00
LGA,2013,7,14,0,73.04,69.98,90.14,70,3.45234,,0,1025.4,9,2013-07-14 04:00:00.000000 +00:00
LGA,2013,7,14,1,71.96,69.98,94.06,60,6.90468,,0,,8,2013-07-14 05:00:00.000000 +00:00
LGA,2013,7,14,2,73.04,71.06,93.52,0,0,,0,1025.9,6,2013-07-14 06:00:00.000000 +00:00
LGA,2013,7,14,3,71.96,69.98,94.06,70,5.7539,,0,,6,2013-07-14 07:00:00.000000 +00:00
LGA,2013,7,14,4,71.96,69.98,94.06,0,0,,0,,8,2013-07-14 08:00:00.000000 +00:00
LGA,2013,7,14,5,73.94,69.98,87.45,0,0,,0,1026.2,7,2013-07-14 09:00:00.000000 +00:00
LGA,2013,7,14,6,75.02,69.98,84.34,60,3.45234,,0,1026.7,8,2013-07-14 10:00:00.000000 +00:00
LGA,2013,7,14,7,78.08,71.96,81.5,230,6.90468,,0,1027,8,2013-07-14 11:00:00.000000 +00:00
LGA,2013,7,14,8,80.06,71.06,74.07,260,9.20624,,0,1026.9,8,2013-07-14 12:00:00.000000 +00:00
LGA,2013,7,14,9,82.04,71.06,69.43,290,9.20624,,0,1026.6,10,2013-07-14 13:00:00.000000 +00:00
LGA,2013,7,14,10,84.02,69.98,62.77,270,9.20624,,0,1026.4,10,2013-07-14 14:00:00.000000 +00:00
LGA,2013,7,14,11,86,69.08,57.12,310,11.5078,,0,1026.2,10,2013-07-14 15:00:00.000000 +00:00
LGA,2013,7,14,12,87.08,69.98,56.92,290,6.90468,,0,1025.7,10,2013-07-14 16:00:00.000000 +00:00
LGA,2013,7,14,13,89.06,68,49.95,310,10.35702,,0,1025.4,10,2013-07-14 17:00:00.000000 +00:00
LGA,2013,7,14,14,91.94,66.92,43.96,260,4.60312,,0,1025,10,2013-07-14 18:00:00.000000 +00:00
LGA,2013,7,14,15,91.94,68,45.63,220,9.20624,,0,1024.4,10,2013-07-14 19:00:00.000000 +00:00
LGA,2013,7,14,16,93.02,64.04,38.45,250,13.80936,,0,1023.9,10,2013-07-14 20:00:00.000000 +00:00
LGA,2013,7,14,17,91.94,64.04,39.77,270,14.96014,,0,1023.6,10,2013-07-14 21:00:00.000000 +00:00
LGA,2013,7,14,18,91.04,64.94,42.21,290,8.05546,,0,1023.6,10,2013-07-14 22:00:00.000000 +00:00
LGA,2013,7,14,19,89.96,66.02,45.34,260,13.80936,18.41248,0,1023.4,10,2013-07-14 23:00:00.000000 +00:00
LGA,2013,7,14,20,89.06,64.94,44.92,250,6.90468,,0,1023.7,10,2013-07-15 00:00:00.000000 +00:00
LGA,2013,7,14,21,87.98,64.94,46.48,230,9.20624,,0,1024.1,10,2013-07-15 01:00:00.000000 +00:00
LGA,2013,7,14,22,87.08,66.92,51.24,230,6.90468,,0,1024.1,10,2013-07-15 02:00:00.000000 +00:00
LGA,2013,7,14,23,84.92,69.08,59.14,240,6.90468,,0,1023.7,10,2013-07-15 03:00:00.000000 +00:00
LGA,2013,7,15,0,84.92,66.92,54.9,250,11.5078,18.41248,0,1023.7,10,2013-07-15 04:00:00.000000 +00:00
LGA,2013,7,15,1,84.02,68,58.65,250,11.5078,,0,1023.4,10,2013-07-15 05:00:00.000000 +00:00
LGA,2013,8,12,19,77,66.02,68.9,160,5.7539,,0,1013.6,10,2013-08-12 23:00:00.000000 +00:00
LGA,2013,7,15,2,82.94,69.08,63.03,260,10.35702,,0,1023.5,10,2013-07-15 06:00:00.000000 +00:00
LGA,2013,7,15,3,82.04,69.08,64.9,270,12.65858,18.41248,0,1023.4,10,2013-07-15 07:00:00.000000 +00:00
LGA,2013,7,15,4,80.96,69.08,67.22,290,9.20624,,0,1023.4,10,2013-07-15 08:00:00.000000 +00:00
LGA,2013,7,15,5,80.96,69.98,69.32,260,5.7539,,0,1023.6,10,2013-07-15 09:00:00.000000 +00:00
LGA,2013,7,15,6,80.06,69.08,69.23,280,3.45234,,0,1023.9,10,2013-07-15 10:00:00.000000 +00:00
LGA,2013,7,15,7,80.96,69.08,67.22,300,5.7539,,0,1023.9,10,2013-07-15 11:00:00.000000 +00:00
LGA,2013,7,15,8,84.02,69.08,60.87,310,9.20624,,0,1023.7,10,2013-07-15 12:00:00.000000 +00:00
LGA,2013,7,15,9,86,68,55.04,320,9.20624,,0,1023.3,10,2013-07-15 13:00:00.000000 +00:00
LGA,2013,7,15,10,87.98,69.08,53.64,320,9.20624,,0,1022.8,10,2013-07-15 14:00:00.000000 +00:00
LGA,2013,7,15,11,89.96,69.08,50.39,320,6.90468,,0,1022.5,10,2013-07-15 15:00:00.000000 +00:00
LGA,2013,7,15,12,93.02,69.08,45.79,10,4.60312,,0,1022.1,10,2013-07-15 16:00:00.000000 +00:00
LGA,2013,7,15,13,91.94,68,45.63,50,9.20624,,0,1021.6,10,2013-07-15 17:00:00.000000 +00:00
LGA,2013,7,15,14,93.02,69.08,45.79,340,10.35702,,0,1021.3,10,2013-07-15 18:00:00.000000 +00:00
LGA,2013,7,15,15,93.92,66.92,41.34,330,8.05546,,0,1020.7,10,2013-07-15 19:00:00.000000 +00:00
LGA,2013,7,15,16,93.02,66.92,42.51,330,17.2617,,0,1020.2,10,2013-07-15 20:00:00.000000 +00:00
LGA,2013,7,15,17,93.92,66.02,40.07,340,9.20624,,0,1020,10,2013-07-15 21:00:00.000000 +00:00
LGA,2013,7,15,18,91.04,69.98,50.23,60,9.20624,,0,1019.9,10,2013-07-15 22:00:00.000000 +00:00
LGA,2013,7,15,19,89.06,69.98,53.46,70,9.20624,,0,1020.1,10,2013-07-15 23:00:00.000000 +00:00
LGA,2013,7,15,20,89.06,69.98,53.46,60,5.7539,,0,1020.2,10,2013-07-16 00:00:00.000000 +00:00
LGA,2013,7,15,21,87.98,69.98,55.31,60,5.7539,,0,1020.7,10,2013-07-16 01:00:00.000000 +00:00
LGA,2013,7,15,22,86,69.98,58.91,70,4.60312,,0,1020.9,10,2013-07-16 02:00:00.000000 +00:00
LGA,2013,7,15,23,84.02,69.98,62.77,60,3.45234,,0,1021,10,2013-07-16 03:00:00.000000 +00:00
LGA,2013,7,16,0,82.04,69.98,66.93,0,0,,0,1021,10,2013-07-16 04:00:00.000000 +00:00
LGA,2013,7,16,1,82.04,69.08,64.9,320,4.60312,,0,1020.8,10,2013-07-16 05:00:00.000000 +00:00
LGA,2013,7,16,2,80.96,71.06,71.92,40,3.45234,,0,1020.9,10,2013-07-16 06:00:00.000000 +00:00
LGA,2013,7,16,3,80.96,69.08,67.22,350,5.7539,,0,1020.9,10,2013-07-16 07:00:00.000000 +00:00
LGA,2013,7,16,4,80.96,66.92,62.4,320,6.90468,,0,1021,10,2013-07-16 08:00:00.000000 +00:00
LGA,2013,7,16,5,80.06,66.02,62.29,340,5.7539,,0,1021.5,10,2013-07-16 09:00:00.000000 +00:00
LGA,2013,7,16,6,80.06,66.02,62.29,330,9.20624,,0,1021.9,10,2013-07-16 10:00:00.000000 +00:00
LGA,2013,7,16,7,82.04,64.94,56.24,350,12.65858,,0,1022.3,10,2013-07-16 11:00:00.000000 +00:00
LGA,2013,7,16,8,84.02,64.94,52.75,340,9.20624,,0,1022.4,10,2013-07-16 12:00:00.000000 +00:00
LGA,2013,7,16,9,84.92,64.04,49.66,360,16.11092,20.71404,0,1022.2,10,2013-07-16 13:00:00.000000 +00:00
LGA,2013,7,16,10,87.98,64.04,45.04,360,11.5078,,0,1022,10,2013-07-16 14:00:00.000000 +00:00
LGA,2013,7,16,11,89.06,62.96,41.91,20,11.5078,,0,1021.7,10,2013-07-16 15:00:00.000000 +00:00
LGA,2013,7,16,12,91.04,59,34.22,360,12.65858,,0,1021.4,10,2013-07-16 16:00:00.000000 +00:00
LGA,2013,7,16,13,91.94,60.08,34.58,330,14.96014,18.41248,0,1021.1,10,2013-07-16 17:00:00.000000 +00:00
LGA,2013,7,16,14,93.02,55.94,28.82,330,13.80936,20.71404,0,1020.9,10,2013-07-16 18:00:00.000000 +00:00
LGA,2013,7,16,15,93.02,60.98,34.52,30,11.5078,19.56326,0,1020.5,10,2013-07-16 19:00:00.000000 +00:00
LGA,2013,7,16,16,93.02,59,32.17,350,14.96014,21.86482,0,1020.2,10,2013-07-16 20:00:00.000000 +00:00
LGA,2013,7,16,17,91.94,59,33.27,330,13.80936,,0,1019.8,10,2013-07-16 21:00:00.000000 +00:00
LGA,2013,7,16,18,91.04,62.06,38.15,360,11.5078,,0,1019.9,10,2013-07-16 22:00:00.000000 +00:00
LGA,2013,7,16,19,89.06,60.98,39.08,360,11.5078,,0,1020.3,10,2013-07-16 23:00:00.000000 +00:00
LGA,2013,7,16,20,87.08,62.06,43.23,360,8.05546,,0,1020.6,10,2013-07-17 00:00:00.000000 +00:00
LGA,2013,7,16,21,87.08,62.06,43.23,10,3.45234,,0,1021,10,2013-07-17 01:00:00.000000 +00:00
LGA,2013,7,16,22,86,62.96,46.19,20,4.60312,,0,1021.2,10,2013-07-17 02:00:00.000000 +00:00
LGA,2013,7,16,23,84.92,64.04,49.66,0,0,,0,1021.1,10,2013-07-17 03:00:00.000000 +00:00
LGA,2013,7,17,0,84.02,64.04,51.12,0,0,,0,1021,10,2013-07-17 04:00:00.000000 +00:00
LGA,2013,7,17,1,82.94,64.04,52.93,0,0,,0,1020.8,10,2013-07-17 05:00:00.000000 +00:00
LGA,2013,7,17,2,82.94,64.04,52.93,0,0,,0,1020.7,10,2013-07-17 06:00:00.000000 +00:00
LGA,2013,7,17,3,80.96,66.02,60.49,60,3.45234,,0,1020.7,10,2013-07-17 07:00:00.000000 +00:00
LGA,2013,7,17,4,80.06,66.92,64.26,0,0,,0,1020.9,10,2013-07-17 08:00:00.000000 +00:00
LGA,2013,7,17,5,78.98,66.92,66.58,0,0,,0,1021.4,10,2013-07-17 09:00:00.000000 +00:00
LGA,2013,7,17,6,80.96,68,64.77,20,4.60312,,0,1021.8,10,2013-07-17 10:00:00.000000 +00:00
LGA,2013,7,17,7,84.02,68,58.65,0,0,,0,1021.9,10,2013-07-17 11:00:00.000000 +00:00
LGA,2013,7,17,8,86,68,55.04,40,3.45234,,0,1022.1,10,2013-07-17 12:00:00.000000 +00:00
LGA,2013,7,17,9,87.98,68,51.68,60,5.7539,,0,1022,10,2013-07-17 13:00:00.000000 +00:00
LGA,2013,7,17,10,91.04,66.02,43.83,50,3.45234,,0,1021.7,10,2013-07-17 14:00:00.000000 +00:00
LGA,2013,7,17,11,91.94,66.02,42.61,50,5.7539,,0,1021.4,10,2013-07-17 15:00:00.000000 +00:00
LGA,2013,7,17,12,93.92,66.02,40.07,60,6.90468,,0,1020.8,10,2013-07-17 16:00:00.000000 +00:00
LGA,2013,7,17,13,95,64.04,36.17,20,6.90468,16.11092,0,1020.2,10,2013-07-17 17:00:00.000000 +00:00
LGA,2013,7,17,14,95,60.98,32.47,60,3.45234,,0,1019.6,10,2013-07-17 18:00:00.000000 +00:00
LGA,2013,7,17,15,93.92,64.94,38.59,,5.7539,,0,1018.9,10,2013-07-17 19:00:00.000000 +00:00
LGA,2013,7,17,16,93.02,66.02,41.2,160,8.05546,,0,1018.5,10,2013-07-17 20:00:00.000000 +00:00
LGA,2013,7,17,17,91.04,64.04,40.9,170,14.96014,18.41248,0,1018.2,10,2013-07-17 21:00:00.000000 +00:00
LGA,2013,7,17,18,89.06,64.94,44.92,160,11.5078,,0,1018.3,10,2013-07-17 22:00:00.000000 +00:00
LGA,2013,7,17,19,87.08,66.02,49.66,180,11.5078,,0,1018.1,10,2013-07-17 23:00:00.000000 +00:00
LGA,2013,7,17,20,87.08,66.02,49.66,170,11.5078,,0,1017.9,10,2013-07-18 00:00:00.000000 +00:00
LGA,2013,7,17,21,86,69.08,57.12,180,5.7539,,0,1018.3,10,2013-07-18 01:00:00.000000 +00:00
LGA,2013,7,17,22,87.08,68,53.18,220,9.20624,,0,1018.2,10,2013-07-18 02:00:00.000000 +00:00
LGA,2013,7,17,23,86,68,55.04,220,8.05546,,0,1017.8,10,2013-07-18 03:00:00.000000 +00:00
LGA,2013,7,18,0,84.92,68,56.98,220,9.20624,,0,1017.8,10,2013-07-18 04:00:00.000000 +00:00
LGA,2013,7,18,1,84.92,68,56.98,220,6.90468,,0,1017.5,10,2013-07-18 05:00:00.000000 +00:00
LGA,2013,7,18,2,84.02,69.08,60.87,0,0,,0,1016.7,10,2013-07-18 06:00:00.000000 +00:00
LGA,2013,7,18,3,84.02,69.08,60.87,0,0,,0,1016.5,10,2013-07-18 07:00:00.000000 +00:00
LGA,2013,7,18,4,84.92,68,56.98,0,0,,0,1016.5,10,2013-07-18 08:00:00.000000 +00:00
LGA,2013,7,18,5,84.92,68,56.98,270,5.7539,,0,1016.6,10,2013-07-18 09:00:00.000000 +00:00
LGA,2013,7,18,6,82.94,69.08,63.03,310,9.20624,,0,1016.9,10,2013-07-18 10:00:00.000000 +00:00
LGA,2013,7,18,7,84.02,69.98,62.77,300,9.20624,,0,1017.2,10,2013-07-18 11:00:00.000000 +00:00
LGA,2013,7,18,8,86,69.98,58.91,330,6.90468,,0,1017.4,10,2013-07-18 12:00:00.000000 +00:00
LGA,2013,7,18,9,89.06,71.06,55.46,330,5.7539,,0,1017.2,10,2013-07-18 13:00:00.000000 +00:00
LGA,2013,7,18,10,91.94,69.08,47.36,330,10.35702,16.11092,0,1016.9,10,2013-07-18 14:00:00.000000 +00:00
LGA,2013,7,18,11,93.92,68,42.91,330,9.20624,,0,1016.8,10,2013-07-18 15:00:00.000000 +00:00
LGA,2013,7,18,12,95,64.94,37.33,300,5.7539,,0,1016.4,10,2013-07-18 16:00:00.000000 +00:00
LGA,2013,7,18,13,96.98,64.94,35.12,350,5.7539,,0,1015.9,10,2013-07-18 17:00:00.000000 +00:00
LGA,2013,7,18,14,96.08,66.02,37.49,310,6.90468,,0,1015.3,10,2013-07-18 18:00:00.000000 +00:00
LGA,2013,7,18,15,98.96,64.04,32.04,250,12.65858,18.41248,0,1014.9,10,2013-07-18 19:00:00.000000 +00:00
LGA,2013,7,18,16,96.08,64.94,36.11,310,11.5078,,0,1014.3,10,2013-07-18 20:00:00.000000 +00:00
LGA,2013,7,18,17,96.08,64.04,34.99,300,5.7539,,0,1014,10,2013-07-18 21:00:00.000000 +00:00
LGA,2013,7,18,18,96.08,64.94,36.11,290,8.05546,,0,1014.3,10,2013-07-18 22:00:00.000000 +00:00
LGA,2013,7,18,19,93.02,66.02,41.2,330,3.45234,,0,1014.5,10,2013-07-18 23:00:00.000000 +00:00
LGA,2013,7,18,20,95,66.02,38.75,250,9.20624,,0,1014.7,10,2013-07-19 00:00:00.000000 +00:00
LGA,2013,7,18,21,91.94,68,45.63,280,3.45234,,0,1014.7,10,2013-07-19 01:00:00.000000 +00:00
LGA,2013,7,18,22,93.02,69.08,45.79,250,5.7539,,0,1014.5,10,2013-07-19 02:00:00.000000 +00:00
LGA,2013,7,18,23,93.02,69.08,45.79,210,10.35702,,0,1013.9,10,2013-07-19 03:00:00.000000 +00:00
LGA,2013,7,19,0,89.96,71.06,53.91,230,10.35702,,0,1014.5,10,2013-07-19 04:00:00.000000 +00:00
LGA,2013,7,19,1,87.98,71.96,59.16,210,8.05546,,0,1014.3,10,2013-07-19 05:00:00.000000 +00:00
LGA,2013,7,19,2,87.08,73.04,63.14,230,8.05546,,0,1014.3,10,2013-07-19 06:00:00.000000 +00:00
LGA,2013,7,19,3,87.08,73.04,63.14,220,6.90468,,0,1014.1,10,2013-07-19 07:00:00.000000 +00:00
LGA,2013,7,19,4,87.08,71.06,59.05,240,5.7539,,0,1013.9,10,2013-07-19 08:00:00.000000 +00:00
LGA,2013,7,19,5,86,71.06,61.12,210,9.20624,,0,1013.7,10,2013-07-19 09:00:00.000000 +00:00
LGA,2013,7,19,6,87.08,71.06,59.05,210,8.05546,,0,1013.6,10,2013-07-19 10:00:00.000000 +00:00
LGA,2013,7,19,7,87.08,73.04,63.14,210,8.05546,,0,1014,9,2013-07-19 11:00:00.000000 +00:00
LGA,2013,7,19,8,89.96,71.96,55.58,220,8.05546,,0,1013.9,9,2013-07-19 12:00:00.000000 +00:00
LGA,2013,7,19,9,93.02,73.04,52.39,220,9.20624,,0,1013.7,9,2013-07-19 13:00:00.000000 +00:00
LGA,2013,7,19,10,95,73.04,49.27,230,10.35702,,0,1013.3,9,2013-07-19 14:00:00.000000 +00:00
LGA,2013,7,19,11,95,71.96,47.51,220,10.35702,,0,1012.8,9,2013-07-19 15:00:00.000000 +00:00
LGA,2013,7,19,12,96.08,69.98,42.96,230,17.2617,25.31716,0,1012.1,10,2013-07-19 16:00:00.000000 +00:00
LGA,2013,7,19,13,98.06,69.08,39.22,240,16.11092,28.7695,0,1011.3,10,2013-07-19 17:00:00.000000 +00:00
LGA,2013,7,19,14,98.06,69.98,40.44,220,13.80936,21.86482,0,1010.6,10,2013-07-19 18:00:00.000000 +00:00
LGA,2013,7,19,15,98.96,69.08,38.16,240,16.11092,25.31716,0,1009.9,10,2013-07-19 19:00:00.000000 +00:00
LGA,2013,7,19,16,98.96,69.08,38.16,230,14.96014,23.0156,0,1009.1,10,2013-07-19 20:00:00.000000 +00:00
LGA,2013,7,19,17,96.98,69.98,41.8,230,18.41248,26.46794,0,1008.5,10,2013-07-19 21:00:00.000000 +00:00
LGA,2013,7,19,18,95,71.96,47.51,230,14.96014,25.31716,0,1008.7,10,2013-07-19 22:00:00.000000 +00:00
LGA,2013,7,19,19,93.92,71.96,49.12,230,11.5078,,0,1008.9,9,2013-07-19 23:00:00.000000 +00:00
LGA,2013,7,19,20,93.02,73.04,52.39,230,12.65858,,0,1009.8,10,2013-07-20 00:00:00.000000 +00:00
LGA,2013,7,19,21,91.04,73.04,55.72,230,13.80936,21.86482,0,1010.1,10,2013-07-20 01:00:00.000000 +00:00
LGA,2013,7,19,22,89.96,71.96,55.58,240,11.5078,21.86482,0,1009.3,10,2013-07-20 02:00:00.000000 +00:00
LGA,2013,7,19,23,89.06,73.04,59.3,220,13.80936,19.56326,0,1008.9,9,2013-07-20 03:00:00.000000 +00:00
LGA,2013,7,20,0,87.98,73.04,61.36,230,10.35702,,0,1009.2,9,2013-07-20 04:00:00.000000 +00:00
LGA,2013,7,20,1,87.98,73.04,61.36,240,12.65858,,0,1009.1,8,2013-07-20 05:00:00.000000 +00:00
LGA,2013,7,20,2,87.08,71.06,59.05,260,13.80936,23.0156,0,1008.7,9,2013-07-20 06:00:00.000000 +00:00
LGA,2013,7,20,3,86,69.08,57.12,230,9.20624,,0,1008.3,10,2013-07-20 07:00:00.000000 +00:00
LGA,2013,7,20,4,84.02,68,58.65,220,11.5078,,0,1008.1,10,2013-07-20 08:00:00.000000 +00:00
LGA,2013,7,20,5,82.94,68,60.74,220,9.20624,,0,1008.2,10,2013-07-20 09:00:00.000000 +00:00
LGA,2013,7,20,6,82.94,68,60.74,240,10.35702,,0,1009,10,2013-07-20 10:00:00.000000 +00:00
LGA,2013,7,20,7,84.02,66.92,56.51,250,8.05546,,0,1009.2,10,2013-07-20 11:00:00.000000 +00:00
LGA,2013,7,20,8,84.92,68,56.98,230,9.20624,,0,1008.9,10,2013-07-20 12:00:00.000000 +00:00
LGA,2013,7,20,9,86,68,55.04,250,13.80936,21.86482,0,1008.9,10,2013-07-20 13:00:00.000000 +00:00
LGA,2013,7,20,10,87.98,68,51.68,240,14.96014,,0,1008.7,10,2013-07-20 14:00:00.000000 +00:00
LGA,2013,7,20,11,89.96,68,48.55,210,12.65858,,0,1007.8,10,2013-07-20 15:00:00.000000 +00:00
LGA,2013,7,20,12,91.94,68,45.63,240,17.2617,24.16638,0,1007.3,10,2013-07-20 16:00:00.000000 +00:00
LGA,2013,7,20,13,93.02,69.08,45.79,240,19.56326,,0,1006.9,10,2013-07-20 17:00:00.000000 +00:00
LGA,2013,7,20,14,93.92,66.92,41.34,250,14.96014,24.16638,0,1006.8,10,2013-07-20 18:00:00.000000 +00:00
LGA,2013,7,20,15,93.92,66.92,41.34,270,16.11092,26.46794,0,1006.5,10,2013-07-20 19:00:00.000000 +00:00
LGA,2013,7,20,16,93.92,66.92,41.34,270,19.56326,26.46794,0,1006.3,10,2013-07-20 20:00:00.000000 +00:00
LGA,2013,7,20,17,93.02,66.02,41.2,260,14.96014,26.46794,0,1006.5,10,2013-07-20 21:00:00.000000 +00:00
LGA,2013,7,20,18,91.04,64.04,40.9,280,10.35702,17.2617,0,1007.3,10,2013-07-20 22:00:00.000000 +00:00
LGA,2013,7,20,19,87.98,66.02,48.26,220,11.5078,18.41248,0,1008.2,10,2013-07-20 23:00:00.000000 +00:00
LGA,2013,7,20,20,84.92,68,56.98,210,11.5078,,0,1008.6,10,2013-07-21 00:00:00.000000 +00:00
LGA,2013,7,20,21,82.94,69.08,63.03,210,9.20624,17.2617,0,1009.1,10,2013-07-21 01:00:00.000000 +00:00
LGA,2013,7,20,22,82.94,69.08,63.03,220,5.7539,,0,1009.3,10,2013-07-21 02:00:00.000000 +00:00
LGA,2013,7,20,23,84.02,66.92,56.51,360,3.45234,,0,1009.9,10,2013-07-21 03:00:00.000000 +00:00
LGA,2013,7,21,0,82.94,66.92,58.51,320,5.7539,,0,1010.1,10,2013-07-21 04:00:00.000000 +00:00
LGA,2013,7,21,1,82.04,69.08,64.9,0,0,,0,1010.5,10,2013-07-21 05:00:00.000000 +00:00
LGA,2013,7,21,2,80.06,69.08,69.23,60,4.60312,,0,1010.3,10,2013-07-21 06:00:00.000000 +00:00
LGA,2013,7,21,3,80.96,68,64.77,50,3.45234,,0,1010.2,10,2013-07-21 07:00:00.000000 +00:00
LGA,2013,7,21,4,78.98,69.98,73.97,50,5.7539,,0,1010.8,10,2013-07-21 08:00:00.000000 +00:00
LGA,2013,7,21,5,77,69.98,78.96,40,5.7539,,0,1011.6,10,2013-07-21 09:00:00.000000 +00:00
LGA,2013,7,21,6,78.08,62.96,59.74,40,10.35702,,0,1011.8,10,2013-07-21 10:00:00.000000 +00:00
LGA,2013,7,21,7,78.98,60.08,52.37,50,11.5078,,0,1012.5,10,2013-07-21 11:00:00.000000 +00:00
LGA,2013,7,21,8,78.98,60.98,54.08,40,10.35702,,0,1013,10,2013-07-21 12:00:00.000000 +00:00
LGA,2013,7,21,9,78.08,60.98,55.7,50,12.65858,,0,1013.4,10,2013-07-21 13:00:00.000000 +00:00
LGA,2013,7,21,10,80.96,60.08,49.09,60,11.5078,,0,1013.5,10,2013-07-21 14:00:00.000000 +00:00
LGA,2013,7,21,11,84.02,59,42.77,50,12.65858,,0,1013.5,10,2013-07-21 15:00:00.000000 +00:00
LGA,2013,7,21,12,82.04,57.92,43.87,40,12.65858,,0,1013.9,10,2013-07-21 16:00:00.000000 +00:00
LGA,2013,7,21,13,84.92,59,41.55,50,11.5078,25.31716,0,1013.6,10,2013-07-21 17:00:00.000000 +00:00
LGA,2013,7,21,14,84.92,59,41.55,50,11.5078,,0,1013.7,10,2013-07-21 18:00:00.000000 +00:00
LGA,2013,7,21,15,86,57.02,37.38,50,9.20624,21.86482,0,1013.4,10,2013-07-21 19:00:00.000000 +00:00
LGA,2013,7,21,16,84.92,57.92,39.97,50,9.20624,,0,1013.1,10,2013-07-21 20:00:00.000000 +00:00
LGA,2013,7,21,17,82.94,59,44.29,50,11.5078,,0,1012.8,10,2013-07-21 21:00:00.000000 +00:00
LGA,2013,7,21,18,82.04,62.06,50.84,50,8.05546,,0,1013,10,2013-07-21 22:00:00.000000 +00:00
LGA,2013,7,21,19,80.06,66.02,62.29,60,5.7539,,0,1013.1,10,2013-07-21 23:00:00.000000 +00:00
LGA,2013,7,21,20,80.06,66.02,62.29,170,9.20624,,0,1013.7,10,2013-07-22 00:00:00.000000 +00:00
LGA,2013,7,21,21,78.98,66.92,66.58,150,5.7539,,0,1014.4,10,2013-07-22 01:00:00.000000 +00:00
LGA,2013,7,21,22,78.08,66.92,68.59,130,5.7539,,0,1014.3,10,2013-07-22 02:00:00.000000 +00:00
LGA,2013,7,21,23,78.08,66.92,68.59,90,4.60312,,0,1013.9,10,2013-07-22 03:00:00.000000 +00:00
LGA,2013,7,22,0,75.92,69.08,79.37,80,5.7539,,0,1014.2,10,2013-07-22 04:00:00.000000 +00:00
LGA,2013,7,22,1,75.02,69.98,84.34,40,5.7539,,0,1014,10,2013-07-22 05:00:00.000000 +00:00
LGA,2013,7,22,2,75.02,69.98,84.34,40,5.7539,,0,1013.4,10,2013-07-22 06:00:00.000000 +00:00
LGA,2013,7,22,3,75.92,69.98,81.85,60,6.90468,,0,1013.5,10,2013-07-22 07:00:00.000000 +00:00
LGA,2013,7,22,4,75.02,69.98,84.34,80,5.7539,,0,1013.6,10,2013-07-22 08:00:00.000000 +00:00
LGA,2013,7,22,5,75.2,69.98,84.34,50,6.90468,,0,,10,2013-07-22 09:00:00.000000 +00:00
LGA,2013,7,22,6,75.02,69.98,84.34,40,10.35702,,0,1013.9,10,2013-07-22 10:00:00.000000 +00:00
LGA,2013,7,22,7,75.2,71.6,88.59,50,10.35702,,0,,9,2013-07-22 11:00:00.000000 +00:00
LGA,2013,7,22,8,75.2,69.98,84.34,40,13.80936,,0,,8,2013-07-22 12:00:00.000000 +00:00
LGA,2013,7,22,9,78.08,71.06,83.32,50,13.80936,,0,,8,2013-07-22 13:00:00.000000 +00:00
LGA,2013,7,22,10,78.8,71.6,81.92,50,16.11092,,0,,7,2013-07-22 14:00:00.000000 +00:00
LGA,2013,7,22,11,78.98,71.06,76.74,50,16.11092,,0,1013.9,7,2013-07-22 15:00:00.000000 +00:00
LGA,2013,7,22,12,75.2,71.96,90.22,70,12.65858,,0.04,,2,2013-07-22 16:00:00.000000 +00:00
LGA,2013,7,22,13,78.08,71.96,88.59,50,12.65858,,0.04,,10,2013-07-22 17:00:00.000000 +00:00
LGA,2013,7,22,14,78.98,73.04,82.06,40,13.80936,,0,1012.2,6,2013-07-22 18:00:00.000000 +00:00
LGA,2013,7,22,15,78.98,71.96,79.12,50,12.65858,,0,1011.3,8,2013-07-22 19:00:00.000000 +00:00
LGA,2013,7,22,16,77,71.96,84.46,50,13.80936,,0,1011.1,8,2013-07-22 20:00:00.000000 +00:00
LGA,2013,7,22,17,77,71.96,84.46,40,9.20624,,0,1010.6,7,2013-07-22 21:00:00.000000 +00:00
LGA,2013,7,22,18,80.06,73.04,79.2,130,9.20624,,0,1010.5,10,2013-07-22 22:00:00.000000 +00:00
LGA,2013,7,22,19,80.6,73.4,79.12,140,11.5078,,0,,10,2013-07-22 23:00:00.000000 +00:00
LGA,2013,7,22,20,78.08,73.04,84.53,140,6.90468,,0,1010.1,10,2013-07-23 00:00:00.000000 +00:00
LGA,2013,7,22,21,77,73.04,87.6,160,8.05546,,0.01,1010,9,2013-07-23 01:00:00.000000 +00:00
LGA,2013,7,22,22,77,73.4,88.67,130,8.05546,,0.04,,8,2013-07-23 02:00:00.000000 +00:00
LGA,2013,7,22,23,77,73.4,88.67,120,8.05546,,0,,9,2013-07-23 03:00:00.000000 +00:00
LGA,2013,7,23,0,75.92,73.4,94.14,150,11.5078,,0.14,,10,2013-07-23 04:00:00.000000 +00:00
LGA,2013,7,23,1,75.2,71.96,90.22,150,6.90468,,0,,10,2013-07-23 05:00:00.000000 +00:00
LGA,2013,7,23,2,75.92,73.4,94.14,160,5.7539,,0,,10,2013-07-23 06:00:00.000000 +00:00
LGA,2013,7,23,3,77,73.94,90.29,180,6.90468,,0.08,1006.1,5,2013-07-23 07:00:00.000000 +00:00
LGA,2013,7,23,4,77,73.94,90.29,180,9.20624,,0.2,,5,2013-07-23 08:00:00.000000 +00:00
LGA,2013,7,23,5,77,73.4,88.67,220,13.80936,,0.03,,10,2013-07-23 09:00:00.000000 +00:00
LGA,2013,7,23,6,75.2,69.98,84.34,220,9.20624,,0,,10,2013-07-23 10:00:00.000000 +00:00
LGA,2013,7,23,7,75.92,69.08,79.37,230,8.05546,,0,1004.7,10,2013-07-23 11:00:00.000000 +00:00
LGA,2013,7,23,8,77,69.98,78.96,220,10.35702,,0,1004,10,2013-07-23 12:00:00.000000 +00:00
LGA,2013,7,23,9,77,69.08,76.57,250,8.05546,,0,1003.7,10,2013-07-23 13:00:00.000000 +00:00
LGA,2013,7,23,10,80.96,69.8,69.71,260,8.05546,,0,,10,2013-07-23 14:00:00.000000 +00:00
LGA,2013,7,23,11,82.94,69.08,63.03,240,5.7539,,0,1003.5,10,2013-07-23 15:00:00.000000 +00:00
LGA,2013,7,23,12,84.92,69.08,59.14,250,9.20624,,0,1003.1,10,2013-07-23 16:00:00.000000 +00:00
LGA,2013,7,23,13,87.08,69.08,55.19,220,10.35702,,0,1002.4,10,2013-07-23 17:00:00.000000 +00:00
LGA,2013,7,23,14,89.06,68,49.95,240,10.35702,18.41248,0,1001.8,10,2013-07-23 18:00:00.000000 +00:00
LGA,2013,7,23,15,87.98,64.94,46.48,230,9.20624,,0,1001.5,10,2013-07-23 19:00:00.000000 +00:00
LGA,2013,7,23,16,87.98,66.92,49.79,230,9.20624,20.71404,0,1000.9,10,2013-07-23 20:00:00.000000 +00:00
LGA,2013,7,23,17,86,69.08,57.12,220,9.20624,18.41248,0,1000.7,10,2013-07-23 21:00:00.000000 +00:00
LGA,2013,7,23,18,87.08,66.92,51.24,230,9.20624,,0,1000.9,10,2013-07-23 22:00:00.000000 +00:00
LGA,2013,7,23,19,84.92,66.92,54.9,250,13.80936,,0,1001.4,10,2013-07-23 23:00:00.000000 +00:00
LGA,2013,7,23,20,80.06,69.08,69.23,340,8.05546,,0,1002,10,2013-07-24 00:00:00.000000 +00:00
LGA,2013,7,23,21,80.06,69.08,69.23,350,4.60312,,0,1002.8,10,2013-07-24 01:00:00.000000 +00:00
LGA,2013,7,23,22,80.96,66.92,62.4,330,8.05546,,0,1002.9,10,2013-07-24 02:00:00.000000 +00:00
LGA,2013,7,23,23,80.06,68,66.7,300,3.45234,,0,1002.9,10,2013-07-24 03:00:00.000000 +00:00
LGA,2013,7,24,0,80.06,68,66.7,300,9.20624,,0,1003,10,2013-07-24 04:00:00.000000 +00:00
LGA,2013,7,24,1,78.98,68,69.11,310,9.20624,,0,1002.8,10,2013-07-24 05:00:00.000000 +00:00
LGA,2013,7,24,2,78.98,66.92,66.58,270,3.45234,,0,1002.9,10,2013-07-24 06:00:00.000000 +00:00
LGA,2013,7,24,3,78.98,66.02,64.54,280,4.60312,,0,1002.7,10,2013-07-24 07:00:00.000000 +00:00
LGA,2013,7,24,4,78.98,66.02,64.54,0,0,,0,1002.7,10,2013-07-24 08:00:00.000000 +00:00
LGA,2013,7,24,5,77,68,73.78,330,6.90468,,0,1003.2,10,2013-07-24 09:00:00.000000 +00:00
LGA,2013,7,24,6,77,66.92,71.08,280,3.45234,,0,1003.9,10,2013-07-24 10:00:00.000000 +00:00
LGA,2013,7,24,7,77,66.02,68.9,310,13.80936,,0,1004.6,10,2013-07-24 11:00:00.000000 +00:00
LGA,2013,7,24,8,78.08,64.94,64.03,320,17.2617,,0,1005.4,10,2013-07-24 12:00:00.000000 +00:00
LGA,2013,7,24,9,78.98,64.04,60.23,320,11.5078,,0,1006,10,2013-07-24 13:00:00.000000 +00:00
LGA,2013,7,24,10,82.04,62.96,52.47,350,9.20624,,0,1006.3,10,2013-07-24 14:00:00.000000 +00:00
LGA,2013,7,24,11,80.96,64.94,58.25,320,17.2617,,0,1006.8,10,2013-07-24 15:00:00.000000 +00:00
LGA,2013,7,24,12,80.06,62.96,55.97,310,16.11092,,0,1007.3,10,2013-07-24 16:00:00.000000 +00:00
LGA,2013,7,24,13,80.06,62.06,54.23,310,9.20624,,0,1007.4,10,2013-07-24 17:00:00.000000 +00:00
LGA,2013,7,24,14,82.04,62.06,50.84,320,6.90468,,0,1008.2,10,2013-07-24 18:00:00.000000 +00:00
LGA,2013,7,24,15,82.04,60.98,48.93,330,12.65858,,0,1008.1,10,2013-07-24 19:00:00.000000 +00:00
LGA,2013,7,24,16,80.96,60.08,49.09,300,10.35702,,0,1008.2,10,2013-07-24 20:00:00.000000 +00:00
LGA,2013,7,24,17,80.06,57.92,46.79,330,9.20624,,0,1008.4,10,2013-07-24 21:00:00.000000 +00:00
LGA,2013,7,24,18,80.06,57.02,45.3,330,8.05546,,0,1009.1,10,2013-07-24 22:00:00.000000 +00:00
LGA,2013,7,24,19,78.08,57.02,48.35,320,11.5078,,0,1010,10,2013-07-24 23:00:00.000000 +00:00
LGA,2013,7,24,20,77,55.04,46.64,330,12.65858,,0,1010.8,10,2013-07-25 00:00:00.000000 +00:00
LGA,2013,7,24,21,75.02,57.02,53.52,340,11.5078,,0,1011.9,10,2013-07-25 01:00:00.000000 +00:00
LGA,2013,7,24,22,71.96,53.96,53.08,360,14.96014,,0,1012.8,10,2013-07-25 02:00:00.000000 +00:00
LGA,2013,7,24,23,69.98,53.06,54.94,360,14.96014,,0,1013.4,10,2013-07-25 03:00:00.000000 +00:00
LGA,2013,7,25,0,69.08,51.08,52.67,360,10.35702,,0,1013.8,10,2013-07-25 04:00:00.000000 +00:00
LGA,2013,7,25,1,68,51.08,54.66,10,10.35702,,0,1013.7,10,2013-07-25 05:00:00.000000 +00:00
LGA,2013,7,25,2,66.92,51.08,56.73,20,12.65858,,0,1013.7,10,2013-07-25 06:00:00.000000 +00:00
LGA,2013,7,25,3,66.02,51.08,58.53,20,12.65858,,0,1013.7,10,2013-07-25 07:00:00.000000 +00:00
LGA,2013,7,25,4,66.92,51.98,58.65,30,10.35702,,0,1014.2,10,2013-07-25 08:00:00.000000 +00:00
LGA,2013,7,25,5,64.94,51.08,60.77,30,14.96014,21.86482,0,1014.4,10,2013-07-25 09:00:00.000000 +00:00
LGA,2013,7,25,6,64.94,51.08,60.77,30,13.80936,20.71404,0,1014.8,10,2013-07-25 10:00:00.000000 +00:00
LGA,2013,7,25,7,64.94,51.08,60.77,20,13.80936,19.56326,0,1015.8,10,2013-07-25 11:00:00.000000 +00:00
LGA,2013,7,25,8,66.02,51.08,58.53,40,11.5078,,0,1016.2,10,2013-07-25 12:00:00.000000 +00:00
LGA,2013,7,25,9,66.92,51.8,63.6,40,13.80936,,0,,10,2013-07-25 13:00:00.000000 +00:00
LGA,2013,7,25,10,66.02,51.08,58.53,50,17.2617,20.71404,0,1016.7,10,2013-07-25 14:00:00.000000 +00:00
LGA,2013,7,25,11,66.02,51.08,58.53,60,17.2617,,0,1017.6,10,2013-07-25 15:00:00.000000 +00:00
LGA,2013,7,25,12,66.92,51.98,58.65,30,14.96014,,0,1017.3,10,2013-07-25 16:00:00.000000 +00:00
LGA,2013,7,25,13,66.02,53.96,65.07,30,11.5078,,0,1017.3,10,2013-07-25 17:00:00.000000 +00:00
LGA,2013,7,25,14,66.02,53.96,65.07,60,14.96014,,0,1017.2,10,2013-07-25 18:00:00.000000 +00:00
LGA,2013,7,25,15,64.94,55.04,70.28,40,12.65858,,0,1017.4,10,2013-07-25 19:00:00.000000 +00:00
LGA,2013,7,25,16,66.02,55.04,67.69,40,14.96014,,0,1017.1,10,2013-07-25 20:00:00.000000 +00:00
LGA,2013,7,25,17,68,55.94,69.94,50,12.65858,,0,,10,2013-07-25 21:00:00.000000 +00:00
LGA,2013,7,25,18,66.92,55.94,67.79,50,16.11092,21.86482,0,1017.3,10,2013-07-25 22:00:00.000000 +00:00
LGA,2013,7,25,19,68,55.04,63.21,40,14.96014,,0,1017.3,10,2013-07-25 23:00:00.000000 +00:00
LGA,2013,7,25,20,66.92,55.04,65.61,40,10.35702,,0,1017.1,10,2013-07-26 00:00:00.000000 +00:00
LGA,2013,7,25,21,66.92,55.94,67.79,40,13.80936,24.16638,0,1017.1,10,2013-07-26 01:00:00.000000 +00:00
LGA,2013,7,25,22,66.02,57.02,72.72,30,12.65858,,0.01,1017.1,10,2013-07-26 02:00:00.000000 +00:00
LGA,2013,7,25,23,64.94,57.92,77.99,40,11.5078,,0.01,1017,10,2013-07-26 03:00:00.000000 +00:00
LGA,2013,7,26,0,64.94,57.92,77.99,30,10.35702,19.56326,0,1016.5,10,2013-07-26 04:00:00.000000 +00:00
LGA,2013,7,26,1,64.94,57.92,77.99,30,10.35702,,0,1016.4,10,2013-07-26 05:00:00.000000 +00:00
LGA,2013,7,26,2,64.94,57.92,77.99,20,12.65858,,0,1015.8,10,2013-07-26 06:00:00.000000 +00:00
LGA,2013,7,26,3,66.02,57.92,75.12,10,10.35702,,0,1015.7,10,2013-07-26 07:00:00.000000 +00:00
LGA,2013,7,26,4,66.92,57.92,72.81,10,6.90468,,0,1015.5,10,2013-07-26 08:00:00.000000 +00:00
LGA,2013,7,26,5,66.92,57.02,70.49,350,10.35702,,0,1015.7,10,2013-07-26 09:00:00.000000 +00:00
LGA,2013,7,26,6,68,57.02,67.91,10,10.35702,,0,1016,10,2013-07-26 10:00:00.000000 +00:00
LGA,2013,7,26,7,68,57.02,67.91,10,9.20624,,0,1016.2,10,2013-07-26 11:00:00.000000 +00:00
LGA,2013,7,26,8,69.08,57.2,68.35,20,11.5078,,0,,10,2013-07-26 12:00:00.000000 +00:00
LGA,2013,7,26,9,71.06,57.92,63.18,20,9.20624,,0,1016.6,10,2013-07-26 13:00:00.000000 +00:00
LGA,2013,7,26,10,73.04,57.92,59.08,330,11.5078,,0,1016.7,10,2013-07-26 14:00:00.000000 +00:00
LGA,2013,7,26,11,77,57.02,50.11,360,8.05546,,0,1016.8,10,2013-07-26 15:00:00.000000 +00:00
LGA,2013,7,26,12,78.08,57.02,48.35,330,8.05546,,0,1016.5,10,2013-07-26 16:00:00.000000 +00:00
LGA,2013,7,26,13,80.06,57.02,45.3,10,3.45234,,0,1016.2,10,2013-07-26 17:00:00.000000 +00:00
LGA,2013,7,26,14,80.06,57.02,45.3,80,10.35702,,0,1015.9,10,2013-07-26 18:00:00.000000 +00:00
LGA,2013,7,26,15,80.96,59,47.23,50,11.5078,,0,1015.7,10,2013-07-26 19:00:00.000000 +00:00
LGA,2013,7,26,16,80.96,57.92,45.44,40,8.05546,,0,1015.5,10,2013-07-26 20:00:00.000000 +00:00
LGA,2013,7,26,17,80.96,57.02,43.99,50,8.05546,,0,1015.5,10,2013-07-26 21:00:00.000000 +00:00
LGA,2013,7,26,18,82.04,60.98,48.93,150,9.20624,,0,1015.6,10,2013-07-26 22:00:00.000000 +00:00
LGA,2013,7,26,19,80.96,59,47.23,180,8.05546,17.2617,0,1015.7,10,2013-07-26 23:00:00.000000 +00:00
LGA,2013,7,26,20,77,62.96,61.91,170,6.90468,,0,1016,10,2013-07-27 00:00:00.000000 +00:00
LGA,2013,7,26,21,75.92,64.04,66.65,190,9.20624,,0,1016.7,10,2013-07-27 01:00:00.000000 +00:00
LGA,2013,7,26,22,75.92,64.04,66.65,200,11.5078,,0,1017,10,2013-07-27 02:00:00.000000 +00:00
LGA,2013,7,26,23,75.02,62.96,66.13,210,10.35702,,0,1017.2,10,2013-07-27 03:00:00.000000 +00:00
LGA,2013,7,27,0,73.94,62.96,68.57,200,9.20624,,0,1017.3,10,2013-07-27 04:00:00.000000 +00:00
LGA,2013,7,27,1,73.04,62.96,70.68,200,8.05546,,0,1017.2,10,2013-07-27 05:00:00.000000 +00:00
LGA,2013,7,27,2,71.96,62.96,73.3,210,8.05546,,0,1017.1,10,2013-07-27 06:00:00.000000 +00:00
LGA,2013,7,27,3,71.06,62.96,75.57,220,9.20624,,0,1016.8,10,2013-07-27 07:00:00.000000 +00:00
LGA,2013,7,27,4,71.06,62.96,75.57,220,8.05546,,0,1016.9,10,2013-07-27 08:00:00.000000 +00:00
LGA,2013,7,27,5,71.06,62.96,75.57,220,5.7539,,0,1017.3,10,2013-07-27 09:00:00.000000 +00:00
LGA,2013,7,27,6,71.96,62.96,73.3,230,5.7539,,0,1017.1,10,2013-07-27 10:00:00.000000 +00:00
LGA,2013,7,27,7,73.94,64.04,71.22,210,3.45234,,0,1017.3,10,2013-07-27 11:00:00.000000 +00:00
LGA,2013,7,27,8,75.92,62.06,62.17,230,6.90468,,0,1017.4,10,2013-07-27 12:00:00.000000 +00:00
LGA,2013,7,27,9,77,59,53.8,190,8.05546,,0,1017.6,10,2013-07-27 13:00:00.000000 +00:00
LGA,2013,7,27,10,80.06,55.94,43.56,210,4.60312,,0,1017.5,10,2013-07-27 14:00:00.000000 +00:00
LGA,2013,7,27,11,82.04,55.94,40.84,200,9.20624,16.11092,0,1017.6,10,2013-07-27 15:00:00.000000 +00:00
LGA,2013,7,27,12,82.94,59,44.29,160,12.65858,20.71404,0,1017.1,10,2013-07-27 16:00:00.000000 +00:00
LGA,2013,7,27,13,82.04,59,45.6,180,12.65858,19.56326,0,1016.7,10,2013-07-27 17:00:00.000000 +00:00
LGA,2013,7,27,14,82.04,55.94,40.84,150,14.96014,,0,1016.3,10,2013-07-27 18:00:00.000000 +00:00
LGA,2013,7,27,15,82.04,57.02,42.47,180,12.65858,19.56326,0,1015.9,10,2013-07-27 19:00:00.000000 +00:00
LGA,2013,7,27,16,82.04,55.04,39.53,150,18.41248,,0,1015.3,10,2013-07-27 20:00:00.000000 +00:00
LGA,2013,7,27,17,78.98,57.02,46.93,170,16.11092,,0,1015,10,2013-07-27 21:00:00.000000 +00:00
LGA,2013,7,27,18,78.08,57.92,49.94,180,14.96014,,0,1014.9,10,2013-07-27 22:00:00.000000 +00:00
LGA,2013,7,27,19,75.92,60.98,59.84,160,12.65858,21.86482,0,1015.4,10,2013-07-27 23:00:00.000000 +00:00
LGA,2013,7,27,20,73.94,64.04,71.22,170,13.80936,,0,1015.5,10,2013-07-28 00:00:00.000000 +00:00
LGA,2013,7,27,21,73.04,66.02,78.65,180,8.05546,,0,1015.9,10,2013-07-28 01:00:00.000000 +00:00
LGA,2013,7,27,22,73.04,66.02,78.65,180,6.90468,,0,1015.4,10,2013-07-28 02:00:00.000000 +00:00
LGA,2013,7,27,23,71.96,66.02,81.57,160,4.60312,,0,1014.6,10,2013-07-28 03:00:00.000000 +00:00
LGA,2013,7,28,0,71.96,66.02,81.57,150,6.90468,,0,1014.5,10,2013-07-28 04:00:00.000000 +00:00
LGA,2013,7,28,1,71.96,66.02,81.57,160,4.60312,,0,1014.4,10,2013-07-28 05:00:00.000000 +00:00
LGA,2013,7,28,2,71.96,66.02,81.57,200,4.60312,,0,1014.2,10,2013-07-28 06:00:00.000000 +00:00
LGA,2013,7,28,3,71.96,66.02,81.57,160,5.7539,,0,1014,10,2013-07-28 07:00:00.000000 +00:00
LGA,2013,7,28,4,71.06,66.02,84.1,160,8.05546,,0,1014.5,10,2013-07-28 08:00:00.000000 +00:00
LGA,2013,7,28,5,71.96,66.02,81.57,180,4.60312,,0,1014.3,10,2013-07-28 09:00:00.000000 +00:00
LGA,2013,7,28,6,71.96,66.02,81.57,210,6.90468,,0,1015.1,10,2013-07-28 10:00:00.000000 +00:00
LGA,2013,7,28,7,73.04,64.94,75.75,190,4.60312,,0,1015.2,10,2013-07-28 11:00:00.000000 +00:00
LGA,2013,7,28,8,75.02,64.04,68.69,180,9.20624,,0,1015.2,10,2013-07-28 12:00:00.000000 +00:00
LGA,2013,7,28,9,75.02,64.04,68.69,170,8.05546,,0,1014.7,10,2013-07-28 13:00:00.000000 +00:00
LGA,2013,7,28,10,77,62.06,59.98,170,10.35702,,0,1014.6,10,2013-07-28 14:00:00.000000 +00:00
LGA,2013,7,28,11,78.08,62.96,59.74,150,9.20624,,0,1014.3,10,2013-07-28 15:00:00.000000 +00:00
LGA,2013,7,28,12,77,62.06,59.98,160,11.5078,,0,1014.8,10,2013-07-28 16:00:00.000000 +00:00
LGA,2013,7,28,13,75.92,64.04,66.65,160,12.65858,,0,1014.7,10,2013-07-28 17:00:00.000000 +00:00
LGA,2013,7,28,14,77,64.04,64.3,150,14.96014,20.71404,0,1013.7,10,2013-07-28 18:00:00.000000 +00:00
LGA,2013,7,28,15,80.96,64.04,56.45,,6.90468,19.56326,0,1013.5,10,2013-07-28 19:00:00.000000 +00:00
LGA,2013,7,28,16,80.06,62.96,55.97,160,13.80936,,0,1013.3,10,2013-07-28 20:00:00.000000 +00:00
LGA,2013,7,28,17,78.98,66.02,64.54,170,10.35702,16.11092,0,1014.2,10,2013-07-28 21:00:00.000000 +00:00
LGA,2013,7,28,18,77,69.8,79.37,190,9.20624,,0,,8,2013-07-28 22:00:00.000000 +00:00
LGA,2013,7,28,19,75.2,69.8,83.32,170,10.35702,,0.01,,8,2013-07-28 23:00:00.000000 +00:00
LGA,2013,7,28,20,73.94,69.08,84.8,190,5.7539,,0.03,1014.2,8,2013-07-29 00:00:00.000000 +00:00
LGA,2013,7,28,21,73.94,69.08,84.8,180,8.05546,,0,1015,8,2013-07-29 01:00:00.000000 +00:00
LGA,2013,7,28,22,73.94,69.8,88.51,210,9.20624,,0,,8,2013-07-29 02:00:00.000000 +00:00
LGA,2013,7,28,23,73.04,69.98,90.14,190,4.60312,,0.08,1014.4,7,2013-07-29 03:00:00.000000 +00:00
LGA,2013,7,29,0,73.4,69.8,88.51,230,5.7539,,0.01,,10,2013-07-29 04:00:00.000000 +00:00
LGA,2013,7,29,1,71.96,68,87.35,230,3.45234,,0,1014.5,10,2013-07-29 05:00:00.000000 +00:00
LGA,2013,7,29,2,73.04,66.92,81.14,0,0,,0,1014.4,10,2013-07-29 06:00:00.000000 +00:00
LGA,2013,7,29,3,73.04,66.02,78.65,310,4.60312,,0,1015,10,2013-07-29 07:00:00.000000 +00:00
LGA,2013,7,29,4,71.96,66.92,84.16,90,3.45234,,0,1014.6,10,2013-07-29 08:00:00.000000 +00:00
LGA,2013,7,29,5,71.06,68,90.06,0,0,,0,1014.7,10,2013-07-29 09:00:00.000000 +00:00
LGA,2013,7,29,6,71.96,66.92,84.16,90,4.60312,,0,1015.1,10,2013-07-29 10:00:00.000000 +00:00
LGA,2013,7,29,7,73.94,68,81.71,320,3.45234,,0,1015.9,10,2013-07-29 11:00:00.000000 +00:00
LGA,2013,7,29,8,75.02,64.94,70.88,360,4.60312,,0,1016.5,10,2013-07-29 12:00:00.000000 +00:00
LGA,2013,7,29,9,78.08,62.96,59.74,60,4.60312,,0,1016.5,10,2013-07-29 13:00:00.000000 +00:00
LGA,2013,7,29,10,78.98,62.06,56.18,110,4.60312,,0,1016.6,10,2013-07-29 14:00:00.000000 +00:00
LGA,2013,7,29,11,82.04,62.06,50.84,50,4.60312,,0,1016.4,10,2013-07-29 15:00:00.000000 +00:00
LGA,2013,7,29,12,82.94,60.98,47.52,0,0,,0,1016,10,2013-07-29 16:00:00.000000 +00:00
LGA,2013,7,29,13,86,55.94,35.95,210,10.35702,17.2617,0,1015.8,10,2013-07-29 17:00:00.000000 +00:00
LGA,2013,7,29,14,87.08,57.92,37.31,240,8.05546,,0,1015.8,10,2013-07-29 18:00:00.000000 +00:00
LGA,2013,7,29,15,84.92,57.92,39.97,230,13.80936,19.56326,0,1015.7,10,2013-07-29 19:00:00.000000 +00:00
LGA,2013,7,29,16,84.92,55.04,36.02,230,10.35702,19.56326,0,1015.8,10,2013-07-29 20:00:00.000000 +00:00
LGA,2013,7,29,17,84.02,51.98,33.14,260,19.56326,24.16638,0,1016,10,2013-07-29 21:00:00.000000 +00:00
LGA,2013,7,29,18,82.94,42.98,24.46,270,12.65858,23.0156,0,1016.4,10,2013-07-29 22:00:00.000000 +00:00
LGA,2013,7,29,19,80.96,48.92,32.67,270,10.35702,,0,1017,10,2013-07-29 23:00:00.000000 +00:00
LGA,2013,7,29,20,80.06,50,35.03,270,11.5078,,0,1017.7,10,2013-07-30 00:00:00.000000 +00:00
LGA,2013,7,29,21,78.08,51.98,40.23,290,12.65858,,0,1018.3,10,2013-07-30 01:00:00.000000 +00:00
LGA,2013,7,29,22,77,51.98,41.69,300,17.2617,,0,1018.6,10,2013-07-30 02:00:00.000000 +00:00
LGA,2013,7,29,23,75.02,53.06,46.34,300,11.5078,,0,1019,10,2013-07-30 03:00:00.000000 +00:00
LGA,2013,7,30,0,73.94,53.06,48.04,300,9.20624,,0,1019.2,10,2013-07-30 04:00:00.000000 +00:00
LGA,2013,7,30,1,73.04,53.06,49.52,310,13.80936,,0,1019.2,10,2013-07-30 05:00:00.000000 +00:00
LGA,2013,7,30,2,71.96,55.04,55.22,310,10.35702,,0,1019.1,10,2013-07-30 06:00:00.000000 +00:00
LGA,2013,7,30,3,71.06,53.96,54.73,330,5.7539,,0,1019.2,10,2013-07-30 07:00:00.000000 +00:00
LGA,2013,7,30,4,69.98,55.04,59.06,320,4.60312,,0,1019.9,10,2013-07-30 08:00:00.000000 +00:00
LGA,2013,7,30,5,69.98,53.96,56.78,320,5.7539,,0,1020.3,10,2013-07-30 09:00:00.000000 +00:00
LGA,2013,7,30,6,71.06,55.04,56.93,310,5.7539,,0,1020.8,10,2013-07-30 10:00:00.000000 +00:00
LGA,2013,7,30,7,71.06,53.96,54.73,330,8.05546,,0,1021.1,10,2013-07-30 11:00:00.000000 +00:00
LGA,2013,7,30,8,71.96,53.96,53.08,300,6.90468,,0,1021.5,10,2013-07-30 12:00:00.000000 +00:00
LGA,2013,7,30,9,73.94,53.06,48.04,320,13.80936,,0,1021.3,10,2013-07-30 13:00:00.000000 +00:00
LGA,2013,7,30,10,75.92,53.96,46.47,330,11.5078,,0,1021.1,10,2013-07-30 14:00:00.000000 +00:00
LGA,2013,7,30,11,78.08,53.06,41.86,300,11.5078,16.11092,0,1020.8,10,2013-07-30 15:00:00.000000 +00:00
LGA,2013,7,30,12,78.98,51.98,39.05,300,10.35702,19.56326,0,1020.4,10,2013-07-30 16:00:00.000000 +00:00
LGA,2013,7,30,13,78.98,53.96,42,320,12.65858,18.41248,0,1020,10,2013-07-30 17:00:00.000000 +00:00
LGA,2013,7,30,14,78.98,51.08,37.78,310,6.90468,,0,1019.6,10,2013-07-30 18:00:00.000000 +00:00
LGA,2013,7,30,15,80.96,53.06,38.08,330,9.20624,,0,1019.3,10,2013-07-30 19:00:00.000000 +00:00
LGA,2013,7,30,16,80.96,51.08,35.4,310,11.5078,18.41248,0,1019,10,2013-07-30 20:00:00.000000 +00:00
LGA,2013,7,30,17,80.96,53.96,39.36,290,10.35702,,0,1019.1,10,2013-07-30 21:00:00.000000 +00:00
LGA,2013,7,30,18,78.98,53.06,40.64,320,10.35702,,0,1019.5,10,2013-07-30 22:00:00.000000 +00:00
LGA,2013,7,30,19,78.08,55.04,45,320,8.05546,,0,1019.9,10,2013-07-30 23:00:00.000000 +00:00
LGA,2013,7,30,20,77,55.04,46.64,320,10.35702,,0,1019.7,10,2013-07-31 00:00:00.000000 +00:00
LGA,2013,7,30,21,75.92,55.94,49.95,330,5.7539,,0,1020.1,10,2013-07-31 01:00:00.000000 +00:00
LGA,2013,7,30,22,75.92,55.94,49.95,330,8.05546,,0,1020.2,10,2013-07-31 02:00:00.000000 +00:00
LGA,2013,7,30,23,75.02,55.94,51.47,330,6.90468,,0,1020.2,10,2013-07-31 03:00:00.000000 +00:00
LGA,2013,7,31,0,73.94,55.94,53.37,320,8.05546,,0,1020.1,10,2013-07-31 04:00:00.000000 +00:00
LGA,2013,7,31,1,73.04,55.94,55.01,300,8.05546,,0,1020,10,2013-07-31 05:00:00.000000 +00:00
LGA,2013,7,31,3,71.06,57.02,61.16,320,6.90468,,0,1020.2,10,2013-07-31 07:00:00.000000 +00:00
LGA,2013,7,31,4,71.06,55.94,58.82,310,5.7539,,0,1020.1,10,2013-07-31 08:00:00.000000 +00:00
LGA,2013,7,31,5,71.06,55.04,56.93,340,4.60312,,0,1020.6,10,2013-07-31 09:00:00.000000 +00:00
LGA,2013,7,31,6,71.06,55.04,56.93,0,0,,0,1021,10,2013-07-31 10:00:00.000000 +00:00
LGA,2013,7,31,7,73.04,55.94,55.01,300,5.7539,,0,1021.2,10,2013-07-31 11:00:00.000000 +00:00
LGA,2013,7,31,8,73.94,55.04,51.65,300,3.45234,,0,1021,10,2013-07-31 12:00:00.000000 +00:00
LGA,2013,7,31,9,75.02,55.04,49.81,40,4.60312,,0,1020.8,10,2013-07-31 13:00:00.000000 +00:00
LGA,2013,7,31,10,78.08,55.04,45,30,6.90468,,0,1020.7,10,2013-07-31 14:00:00.000000 +00:00
LGA,2013,7,31,11,78.98,53.96,42,,3.45234,,0,1020.2,10,2013-07-31 15:00:00.000000 +00:00
LGA,2013,7,31,12,80.96,55.04,40.94,320,3.45234,,0,1019.7,10,2013-07-31 16:00:00.000000 +00:00
LGA,2013,7,31,13,82.04,53.96,38,300,6.90468,16.11092,0,1019.2,10,2013-07-31 17:00:00.000000 +00:00
LGA,2013,7,31,14,80.96,55.04,40.94,170,11.5078,,0,1018.8,10,2013-07-31 18:00:00.000000 +00:00
LGA,2013,7,31,15,80.96,55.94,42.3,160,10.35702,,0,1018.3,10,2013-07-31 19:00:00.000000 +00:00
LGA,2013,7,31,16,80.96,57.02,43.99,160,10.35702,,0,1017.9,10,2013-07-31 20:00:00.000000 +00:00
LGA,2013,7,31,17,78.98,57.02,46.93,170,12.65858,,0,1017.7,10,2013-07-31 21:00:00.000000 +00:00
LGA,2013,7,31,18,78.08,57.02,48.35,180,12.65858,,0,1017.5,10,2013-07-31 22:00:00.000000 +00:00
LGA,2013,7,31,19,77,57.02,50.11,180,10.35702,,0,1017.3,10,2013-07-31 23:00:00.000000 +00:00
LGA,2013,7,31,20,75.92,57.02,51.94,180,11.5078,,0,1017.4,10,2013-08-01 00:00:00.000000 +00:00
LGA,2013,7,31,21,75.92,59,55.77,180,9.20624,,0,1017.5,10,2013-08-01 01:00:00.000000 +00:00
LGA,2013,7,31,22,75.92,59,55.77,200,10.35702,,0,1017.6,10,2013-08-01 02:00:00.000000 +00:00
LGA,2013,7,31,23,75.02,60.98,61.66,200,6.90468,,0,1017.3,10,2013-08-01 03:00:00.000000 +00:00
LGA,2013,8,1,0,75.02,60.98,61.66,210,9.20624,,0,1017,10,2013-08-01 04:00:00.000000 +00:00
LGA,2013,8,1,1,73.94,60.08,61.92,210,5.7539,,0,1016.5,10,2013-08-01 05:00:00.000000 +00:00
LGA,2013,8,1,2,73.94,60.08,61.92,190,6.90468,,0,1015.9,10,2013-08-01 06:00:00.000000 +00:00
LGA,2013,8,1,3,73.94,60.08,61.92,190,4.60312,,0,1015.1,10,2013-08-01 07:00:00.000000 +00:00
LGA,2013,8,1,4,73.94,60.08,61.92,190,6.90468,,0,1014.9,10,2013-08-01 08:00:00.000000 +00:00
LGA,2013,8,1,5,73.94,60.08,61.92,180,5.7539,,0,1014.9,10,2013-08-01 09:00:00.000000 +00:00
LGA,2013,8,1,6,73.94,60.08,61.92,180,6.90468,,0,1014.8,10,2013-08-01 10:00:00.000000 +00:00
LGA,2013,8,1,7,75.02,60.08,59.72,170,8.05546,,0,1014.8,10,2013-08-01 11:00:00.000000 +00:00
LGA,2013,8,1,8,78.08,62.06,57.87,180,13.80936,,0,1014.5,10,2013-08-01 12:00:00.000000 +00:00
LGA,2013,8,1,9,75.92,64.94,68.78,180,10.35702,18.41248,0,1014.3,10,2013-08-01 13:00:00.000000 +00:00
LGA,2013,8,1,10,75.92,64.04,66.65,180,12.65858,20.71404,0,1014.1,10,2013-08-01 14:00:00.000000 +00:00
LGA,2013,8,1,11,71.06,62.06,73.22,190,11.5078,,0.01,1014.2,8,2013-08-01 15:00:00.000000 +00:00
LGA,2013,8,1,12,71.6,64.4,78.49,,9.20624,,0.08,,3,2013-08-01 16:00:00.000000 +00:00
LGA,2013,8,1,13,69.08,62.96,80.86,200,4.60312,,0.05,1013.5,4,2013-08-01 17:00:00.000000 +00:00
LGA,2013,8,1,14,69.98,64.94,84.04,150,8.05546,,0.08,1013,8,2013-08-01 18:00:00.000000 +00:00
LGA,2013,8,1,15,69.08,62.96,80.86,130,6.90468,,0.03,1012.6,6,2013-08-01 19:00:00.000000 +00:00
LGA,2013,8,1,16,71.06,64.04,78.49,110,9.20624,,0.03,1011.7,10,2013-08-01 20:00:00.000000 +00:00
LGA,2013,8,1,17,71.96,64.04,76.13,,4.60312,,0,1011.3,10,2013-08-01 21:00:00.000000 +00:00
LGA,2013,8,1,18,71.6,66.92,86.77,160,14.96014,,0,,10,2013-08-01 22:00:00.000000 +00:00
LGA,2013,8,1,19,71.6,66.92,86.77,160,13.80936,,0,,10,2013-08-01 23:00:00.000000 +00:00
LGA,2013,8,1,20,71.6,66.92,88.34,190,13.80936,,0.2,,4,2013-08-02 00:00:00.000000 +00:00
LGA,2013,8,1,21,71.06,66.92,86.77,180,9.20624,,0.01,1010.8,10,2013-08-02 01:00:00.000000 +00:00
LGA,2013,8,1,22,71.06,68,90.06,200,5.7539,,0,1010.2,10,2013-08-02 02:00:00.000000 +00:00
LGA,2013,8,1,23,71.6,66.92,86.77,220,9.20624,,0.01,,10,2013-08-02 03:00:00.000000 +00:00
LGA,2013,8,2,0,71.6,68,90.06,230,4.60312,,0,,10,2013-08-02 04:00:00.000000 +00:00
LGA,2013,8,2,1,71.96,66.92,84.16,300,5.7539,,0,,10,2013-08-02 05:00:00.000000 +00:00
LGA,2013,8,2,2,71.6,66.92,86.77,310,3.45234,,0,,10,2013-08-02 06:00:00.000000 +00:00
LGA,2013,8,2,3,71.06,66.02,84.1,310,6.90468,,0,1008.9,10,2013-08-02 07:00:00.000000 +00:00
LGA,2013,8,2,4,69.98,64.94,84.04,280,6.90468,,0,1009.4,10,2013-08-02 08:00:00.000000 +00:00
LGA,2013,8,2,5,69.98,64.94,84.04,300,4.60312,,0,1010.1,10,2013-08-02 09:00:00.000000 +00:00
LGA,2013,8,2,6,69.98,62.96,78.41,300,9.20624,,0,1010.9,10,2013-08-02 10:00:00.000000 +00:00
LGA,2013,8,2,7,71.06,60.98,70.47,330,6.90468,,0,1011.5,10,2013-08-02 11:00:00.000000 +00:00
LGA,2013,8,2,8,73.04,59,61.41,300,4.60312,,0,1011.8,10,2013-08-02 12:00:00.000000 +00:00
LGA,2013,8,2,9,75.92,57.92,53.65,310,8.05546,,0,1012.1,10,2013-08-02 13:00:00.000000 +00:00
LGA,2013,8,2,10,77,60.08,55.91,340,5.7539,,0,1012.5,10,2013-08-02 14:00:00.000000 +00:00
LGA,2013,8,2,11,80.06,57.92,46.79,290,6.90468,,0,1012.4,10,2013-08-02 15:00:00.000000 +00:00
LGA,2013,8,2,12,80.96,57.02,43.99,250,12.65858,18.41248,0,1012.1,10,2013-08-02 16:00:00.000000 +00:00
LGA,2013,8,2,13,82.04,55.94,40.84,240,8.05546,,0,1011.5,10,2013-08-02 17:00:00.000000 +00:00
LGA,2013,8,2,14,84.02,55.94,38.31,270,16.11092,20.71404,0,1011.5,10,2013-08-02 18:00:00.000000 +00:00
LGA,2013,8,2,15,84.92,53.96,34.63,270,11.5078,20.71404,0,1011.1,10,2013-08-02 19:00:00.000000 +00:00
LGA,2013,8,2,16,84.92,53.96,34.63,260,13.80936,19.56326,0,1011.2,10,2013-08-02 20:00:00.000000 +00:00
LGA,2013,8,2,17,84.02,53.96,35.64,260,14.96014,23.0156,0,1011.2,10,2013-08-02 21:00:00.000000 +00:00
LGA,2013,8,2,18,82.94,55.04,38.39,250,11.5078,,0,1010.4,10,2013-08-02 22:00:00.000000 +00:00
LGA,2013,8,2,19,82.04,55.94,40.84,260,11.5078,18.41248,0,1011.6,10,2013-08-02 23:00:00.000000 +00:00
LGA,2013,8,2,20,82.04,57.02,42.47,260,11.5078,,0,1011.7,10,2013-08-03 00:00:00.000000 +00:00
LGA,2013,8,2,21,80.96,60.08,49.09,220,9.20624,,0,1012.2,10,2013-08-03 01:00:00.000000 +00:00
LGA,2013,8,2,22,80.06,55.94,43.56,260,12.65858,19.56326,0,1012.6,10,2013-08-03 02:00:00.000000 +00:00
LGA,2013,8,2,23,78.98,53.96,42,260,11.5078,,0,1012.7,10,2013-08-03 03:00:00.000000 +00:00
LGA,2013,8,3,0,78.08,53.96,43.26,270,10.35702,,0,1012.6,10,2013-08-03 04:00:00.000000 +00:00
LGA,2013,8,3,1,77,53.96,44.84,270,8.05546,,0,1012.3,10,2013-08-03 05:00:00.000000 +00:00
LGA,2013,8,3,2,75.92,55.04,48.34,210,6.90468,,0,1011.8,10,2013-08-03 06:00:00.000000 +00:00
LGA,2013,8,3,3,75.92,53.96,46.47,250,8.05546,,0,1011.5,10,2013-08-03 07:00:00.000000 +00:00
LGA,2013,8,3,4,75.92,53.96,46.47,230,5.7539,,0,1011.6,10,2013-08-03 08:00:00.000000 +00:00
LGA,2013,8,3,5,73.94,55.04,51.65,220,6.90468,,0,1012.1,10,2013-08-03 09:00:00.000000 +00:00
LGA,2013,8,3,6,73.94,55.94,53.37,,3.45234,,0,1012.3,10,2013-08-03 10:00:00.000000 +00:00
LGA,2013,8,3,7,73.04,57.02,57.2,260,9.20624,,0,1012.5,10,2013-08-03 11:00:00.000000 +00:00
LGA,2013,8,3,8,73.04,57.02,57.2,270,6.90468,,0,1012.6,10,2013-08-03 12:00:00.000000 +00:00
LGA,2013,8,3,9,71.96,59,63.7,250,8.05546,,0,1012.5,10,2013-08-03 13:00:00.000000 +00:00
LGA,2013,8,3,10,71.96,60.08,66.2,250,9.20624,,0,1012.6,10,2013-08-03 14:00:00.000000 +00:00
LGA,2013,8,3,11,71.96,62.96,73.3,250,11.5078,,0.01,1012.8,10,2013-08-03 15:00:00.000000 +00:00
LGA,2013,8,3,12,71.96,62.96,73.3,250,10.35702,,0,1012.6,10,2013-08-03 16:00:00.000000 +00:00
LGA,2013,8,3,13,73.04,62.96,70.68,240,6.90468,,0,1012.1,10,2013-08-03 17:00:00.000000 +00:00
LGA,2013,8,3,14,75.92,60.98,59.84,240,11.5078,,0,1012.1,10,2013-08-03 18:00:00.000000 +00:00
LGA,2013,8,3,15,78.08,60.98,55.7,240,11.5078,,0,1011.2,10,2013-08-03 19:00:00.000000 +00:00
LGA,2013,8,3,16,78.08,59,51.91,250,10.35702,,0,1010.4,10,2013-08-03 20:00:00.000000 +00:00
LGA,2013,8,3,17,80.06,59,48.64,250,11.5078,,0,1010.7,10,2013-08-03 21:00:00.000000 +00:00
LGA,2013,8,3,18,78.98,62.06,56.18,260,12.65858,21.86482,0,1011.1,10,2013-08-03 22:00:00.000000 +00:00
LGA,2013,8,3,19,77,60.98,57.73,230,9.20624,,0,1010.9,10,2013-08-03 23:00:00.000000 +00:00
LGA,2013,8,3,20,75.02,62.06,64.07,220,9.20624,,0,1011.4,10,2013-08-04 00:00:00.000000 +00:00
LGA,2013,8,3,21,75.02,62.96,66.13,250,10.35702,16.11092,0,1011.7,10,2013-08-04 01:00:00.000000 +00:00
LGA,2013,8,3,22,75.02,62.06,64.07,280,5.7539,,0,1011.5,10,2013-08-04 02:00:00.000000 +00:00
LGA,2013,8,3,23,73.94,62.96,68.57,280,3.45234,,0,1011.6,10,2013-08-04 03:00:00.000000 +00:00
LGA,2013,8,4,0,73.04,62.06,68.47,280,4.60312,,0,1011.5,10,2013-08-04 04:00:00.000000 +00:00
LGA,2013,8,4,1,71.96,62.06,71.01,310,8.05546,,0,1010.9,10,2013-08-04 05:00:00.000000 +00:00
LGA,2013,8,4,2,71.06,60.08,68.25,320,5.7539,,0,1011,10,2013-08-04 06:00:00.000000 +00:00
LGA,2013,8,4,3,71.96,55.94,57.05,330,8.05546,,0,1010.9,10,2013-08-04 07:00:00.000000 +00:00
LGA,2013,8,4,4,71.06,53.06,52.95,340,5.7539,,0,1011,10,2013-08-04 08:00:00.000000 +00:00
LGA,2013,8,4,5,69.98,51.98,52.8,350,4.60312,,0,1011.2,10,2013-08-04 09:00:00.000000 +00:00
LGA,2013,8,4,6,69.98,53.96,56.78,320,9.20624,,0,1011.4,10,2013-08-04 10:00:00.000000 +00:00
LGA,2013,8,4,7,71.06,53.06,52.95,310,6.90468,,0,1011.9,10,2013-08-04 11:00:00.000000 +00:00
LGA,2013,8,4,8,71.06,53.96,54.73,300,10.35702,,0,1011.9,10,2013-08-04 12:00:00.000000 +00:00
LGA,2013,8,4,9,73.04,55.04,53.24,310,10.35702,,0,1011.9,10,2013-08-04 13:00:00.000000 +00:00
LGA,2013,8,4,10,75.02,53.96,47.89,310,6.90468,,0,1012,10,2013-08-04 14:00:00.000000 +00:00
LGA,2013,8,4,11,77,53.06,43.38,310,11.5078,,0,1011.9,10,2013-08-04 15:00:00.000000 +00:00
LGA,2013,8,4,12,77,53.96,44.84,330,12.65858,,0,1011.6,10,2013-08-04 16:00:00.000000 +00:00
LGA,2013,8,4,13,77,53.06,43.38,320,17.2617,23.0156,0,1011.2,10,2013-08-04 17:00:00.000000 +00:00
LGA,2013,8,4,14,78.98,50,36.29,330,18.41248,23.0156,0,1011,10,2013-08-04 18:00:00.000000 +00:00
LGA,2013,8,4,15,78.98,50,36.29,310,13.80936,23.0156,0,1010.8,10,2013-08-04 19:00:00.000000 +00:00
LGA,2013,8,4,16,80.06,51.08,36.46,320,18.41248,,0,1010.6,10,2013-08-04 20:00:00.000000 +00:00
LGA,2013,8,4,17,78.08,53.06,41.86,310,18.41248,25.31716,0,1011.1,10,2013-08-04 21:00:00.000000 +00:00
LGA,2013,8,4,18,77,51.98,41.69,340,11.5078,18.41248,0,1011.5,10,2013-08-04 22:00:00.000000 +00:00
LGA,2013,8,4,19,75.92,51.08,41.8,320,18.41248,24.16638,0,1012.3,10,2013-08-04 23:00:00.000000 +00:00
LGA,2013,8,4,20,75.02,51.08,43.08,310,18.41248,,0,1013.1,10,2013-08-05 00:00:00.000000 +00:00
LGA,2013,8,4,21,73.94,50,42.91,320,17.2617,,0,1014.1,10,2013-08-05 01:00:00.000000 +00:00
LGA,2013,8,4,22,71.96,51.08,47.75,320,17.2617,23.0156,0,1014.3,10,2013-08-05 02:00:00.000000 +00:00
LGA,2013,8,4,23,71.06,50,47.29,320,13.80936,,0,1014.4,10,2013-08-05 03:00:00.000000 +00:00
LGA,2013,8,5,0,69.08,50,50.6,320,17.2617,,0,1014.4,10,2013-08-05 04:00:00.000000 +00:00
LGA,2013,8,5,1,68,50,52.51,320,14.96014,,0,1014.4,10,2013-08-05 05:00:00.000000 +00:00
LGA,2013,8,5,2,66.92,50,54.51,300,11.5078,18.41248,0,1014.9,10,2013-08-05 06:00:00.000000 +00:00
LGA,2013,8,5,3,66.02,48.92,54.01,300,8.05546,,0,1015.6,10,2013-08-05 07:00:00.000000 +00:00
LGA,2013,8,5,4,64.94,48.92,56.08,300,5.7539,,0,1015.6,10,2013-08-05 08:00:00.000000 +00:00
LGA,2013,8,5,5,64.94,50,58.39,310,10.35702,,0,1016.2,10,2013-08-05 09:00:00.000000 +00:00
LGA,2013,8,5,6,64.94,51.98,62.83,320,13.80936,,0,1016.9,10,2013-08-05 10:00:00.000000 +00:00
LGA,2013,8,5,7,66.02,50,56.23,340,8.05546,,0,1017.3,10,2013-08-05 11:00:00.000000 +00:00
LGA,2013,8,5,8,68,48.92,50.44,320,6.90468,,0,1017.4,10,2013-08-05 12:00:00.000000 +00:00
LGA,2013,8,5,9,69.98,48.02,45.57,,6.90468,,0,1017.7,10,2013-08-05 13:00:00.000000 +00:00
LGA,2013,8,5,10,71.06,42.08,35.04,360,11.5078,17.2617,0,1017.7,10,2013-08-05 14:00:00.000000 +00:00
LGA,2013,8,5,11,73.04,41,31.43,320,6.90468,,0,1017.5,10,2013-08-05 15:00:00.000000 +00:00
LGA,2013,8,5,12,73.94,41,30.49,330,5.7539,,0,1017.1,10,2013-08-05 16:00:00.000000 +00:00
LGA,2013,8,5,13,75.02,42.08,30.66,320,12.65858,18.41248,0,1016.5,10,2013-08-05 17:00:00.000000 +00:00
LGA,2013,8,5,14,75.92,44.06,32.1,310,11.5078,,0,1016.2,10,2013-08-05 18:00:00.000000 +00:00
LGA,2013,8,5,15,78.08,42.98,28.68,320,9.20624,,0,1015.7,10,2013-08-05 19:00:00.000000 +00:00
LGA,2013,8,5,16,78.08,46.04,32.22,320,10.35702,,0,1015.4,10,2013-08-05 20:00:00.000000 +00:00
LGA,2013,8,5,17,77,42.98,29.72,0,0,,0,1015.7,10,2013-08-05 21:00:00.000000 +00:00
LGA,2013,8,5,18,77,44.96,32.05,330,3.45234,,0,1016,10,2013-08-05 22:00:00.000000 +00:00
LGA,2013,8,5,19,75.92,46.04,34.61,290,5.7539,,0,1016.6,10,2013-08-05 23:00:00.000000 +00:00
LGA,2013,8,5,20,75.02,48.92,39.75,310,6.90468,,0,1017,10,2013-08-06 00:00:00.000000 +00:00
LGA,2013,8,5,21,75.02,48.92,39.75,320,4.60312,,0,1016.9,10,2013-08-06 01:00:00.000000 +00:00
LGA,2013,8,5,22,73.04,51.98,47.59,160,5.7539,,0,1016.9,10,2013-08-06 02:00:00.000000 +00:00
LGA,2013,8,5,23,73.04,53.06,49.52,220,5.7539,,0,1017,10,2013-08-06 03:00:00.000000 +00:00
LGA,2013,8,6,0,73.04,48.92,42.48,0,0,,0,1017,10,2013-08-06 04:00:00.000000 +00:00
LGA,2013,8,6,1,71.96,51.08,47.75,0,0,,0,1017.2,10,2013-08-06 05:00:00.000000 +00:00
LGA,2013,8,6,2,71.96,50,45.87,0,0,,0,1017.2,10,2013-08-06 06:00:00.000000 +00:00
LGA,2013,8,6,3,69.98,53.06,54.94,0,0,,0,1017.3,10,2013-08-06 07:00:00.000000 +00:00
LGA,2013,8,6,4,69.08,55.04,60.91,0,0,,0,1017.6,10,2013-08-06 08:00:00.000000 +00:00
LGA,2013,8,6,5,68,55.04,63.21,50,4.60312,,0,1018,10,2013-08-06 09:00:00.000000 +00:00
LGA,2013,8,6,6,66.92,55.94,67.79,40,5.7539,,0,1018.4,10,2013-08-06 10:00:00.000000 +00:00
LGA,2013,8,6,7,68,57.92,70.15,50,4.60312,,0,1018.7,10,2013-08-06 11:00:00.000000 +00:00
LGA,2013,8,6,8,69.98,59,68.13,50,6.90468,,0,1018.8,10,2013-08-06 12:00:00.000000 +00:00
LGA,2013,8,6,9,71.96,60.08,66.2,50,11.5078,,0,1019.1,10,2013-08-06 13:00:00.000000 +00:00
LGA,2013,8,6,10,73.94,59,59.58,50,9.20624,,0,1019.1,10,2013-08-06 14:00:00.000000 +00:00
LGA,2013,8,6,11,75.92,59,55.77,50,10.35702,,0,1019.2,10,2013-08-06 15:00:00.000000 +00:00
LGA,2013,8,6,12,77,55.04,46.64,100,8.05546,,0,1019.4,10,2013-08-06 16:00:00.000000 +00:00
LGA,2013,8,6,13,80.96,46.94,30.33,170,11.5078,16.11092,0,1019,10,2013-08-06 17:00:00.000000 +00:00
LGA,2013,8,6,14,80.06,48.02,32.53,180,12.65858,20.71404,0,1019,10,2013-08-06 18:00:00.000000 +00:00
LGA,2013,8,6,15,80.06,48.92,33.65,160,14.96014,,0,1018.8,10,2013-08-06 19:00:00.000000 +00:00
LGA,2013,8,6,16,78.98,48.02,33.7,170,13.80936,23.0156,0,1019.1,10,2013-08-06 20:00:00.000000 +00:00
LGA,2013,8,6,17,77,53.06,43.38,180,14.96014,19.56326,0,1019.2,10,2013-08-06 21:00:00.000000 +00:00
LGA,2013,8,6,18,75.92,55.04,48.34,180,14.96014,,0,1019.5,10,2013-08-06 22:00:00.000000 +00:00
LGA,2013,8,6,19,75.02,57.02,53.52,170,12.65858,,0,1019.7,10,2013-08-06 23:00:00.000000 +00:00
LGA,2013,8,6,20,73.04,55.94,55.01,170,12.65858,,0,1019.6,10,2013-08-07 00:00:00.000000 +00:00
LGA,2013,8,6,21,73.04,55.94,55.01,170,11.5078,,0,1019.8,10,2013-08-07 01:00:00.000000 +00:00
LGA,2013,8,6,22,71.96,57.02,59.32,170,10.35702,,0,1019.9,10,2013-08-07 02:00:00.000000 +00:00
LGA,2013,8,6,23,73.04,57.02,57.2,180,9.20624,,0,1020,10,2013-08-07 03:00:00.000000 +00:00
LGA,2013,8,7,0,73.04,57.02,57.2,170,10.35702,,0,1019.8,10,2013-08-07 04:00:00.000000 +00:00
LGA,2013,8,7,1,71.96,57.92,61.28,180,8.05546,,0,1019.9,10,2013-08-07 05:00:00.000000 +00:00
LGA,2013,8,7,2,73.04,59,61.41,160,8.05546,,0,1020,10,2013-08-07 06:00:00.000000 +00:00
LGA,2013,8,7,3,71.96,59,63.7,180,5.7539,,0,1019.9,10,2013-08-07 07:00:00.000000 +00:00
LGA,2013,8,7,4,71.96,59,63.7,140,5.7539,,0,1020.1,10,2013-08-07 08:00:00.000000 +00:00
LGA,2013,8,7,5,71.96,57.92,61.28,150,6.90468,,0,1020.3,10,2013-08-07 09:00:00.000000 +00:00
LGA,2013,8,7,6,71.96,57.92,61.28,150,8.05546,,0,1020.5,10,2013-08-07 10:00:00.000000 +00:00
LGA,2013,8,7,7,73.04,57.92,59.08,150,10.35702,,0,1020.7,10,2013-08-07 11:00:00.000000 +00:00
LGA,2013,8,7,8,73.04,59,61.41,140,11.5078,,0,1020.4,10,2013-08-07 12:00:00.000000 +00:00
LGA,2013,8,7,9,73.94,59,59.58,140,10.35702,,0,1020.3,10,2013-08-07 13:00:00.000000 +00:00
LGA,2013,8,7,10,75.92,59,55.77,180,9.20624,17.2617,0,1020.3,10,2013-08-07 14:00:00.000000 +00:00
LGA,2013,8,7,11,75.92,60.08,57.96,160,14.96014,21.86482,0,1020.4,10,2013-08-07 15:00:00.000000 +00:00
LGA,2013,8,7,12,75.92,60.08,57.96,160,9.20624,,0,1020.3,10,2013-08-07 16:00:00.000000 +00:00
LGA,2013,8,7,13,78.98,59,50.39,160,12.65858,19.56326,0,1020,10,2013-08-07 17:00:00.000000 +00:00
LGA,2013,8,7,14,80.06,59,48.64,170,13.80936,21.86482,0,1019.6,10,2013-08-07 18:00:00.000000 +00:00
LGA,2013,8,7,15,77,62.06,59.98,180,14.96014,21.86482,0,1019.3,10,2013-08-07 19:00:00.000000 +00:00
LGA,2013,8,7,16,78.08,62.06,57.87,160,12.65858,25.31716,0,1018.9,10,2013-08-07 20:00:00.000000 +00:00
LGA,2013,8,7,17,75.92,62.96,64.17,160,13.80936,,0,1018.7,10,2013-08-07 21:00:00.000000 +00:00
LGA,2013,8,7,18,75.2,64.4,69.14,180,20.71404,28.7695,0.01,,10,2013-08-07 22:00:00.000000 +00:00
LGA,2013,8,7,19,73.94,66.02,76.31,170,16.11092,,0,,10,2013-08-07 23:00:00.000000 +00:00
LGA,2013,8,7,20,75.2,66.2,78.65,190,17.2617,25.31716,0,,10,2013-08-08 00:00:00.000000 +00:00
LGA,2013,8,7,21,73.4,66.2,78.65,180,13.80936,21.86482,0,,10,2013-08-08 01:00:00.000000 +00:00
LGA,2013,8,7,22,73.04,66.02,78.65,170,12.65858,,0,1019,10,2013-08-08 02:00:00.000000 +00:00
LGA,2013,8,7,23,73.04,66.92,81.14,160,12.65858,,0,1018.4,10,2013-08-08 03:00:00.000000 +00:00
LGA,2013,8,8,0,73.94,66.92,78.72,170,12.65858,,0,1018.1,10,2013-08-08 04:00:00.000000 +00:00
LGA,2013,8,8,1,73.94,66.92,78.72,180,11.5078,,0,1017.6,10,2013-08-08 05:00:00.000000 +00:00
LGA,2013,8,8,2,73.4,69.08,87.41,180,10.35702,,0.13,,10,2013-08-08 06:00:00.000000 +00:00
LGA,2013,8,8,3,73.4,69.8,88.51,180,12.65858,,0.02,,10,2013-08-08 07:00:00.000000 +00:00
LGA,2013,8,8,4,71.96,68,87.35,180,8.05546,,0,,10,2013-08-08 08:00:00.000000 +00:00
LGA,2013,8,8,5,71.96,68,88.43,180,10.35702,,0,,10,2013-08-08 09:00:00.000000 +00:00
LGA,2013,8,8,6,73.4,69.8,88.51,190,11.5078,,0,,10,2013-08-08 10:00:00.000000 +00:00
LGA,2013,8,8,7,73.04,69.08,87.41,180,9.20624,,0,1017.4,10,2013-08-08 11:00:00.000000 +00:00
LGA,2013,8,8,8,75.02,69.8,88.51,190,8.05546,,0,,10,2013-08-08 12:00:00.000000 +00:00
LGA,2013,8,8,9,75.02,69.08,81.79,210,6.90468,,0,1017.8,10,2013-08-08 13:00:00.000000 +00:00
LGA,2013,8,8,10,78.98,69.8,83.32,,9.20624,,0,,10,2013-08-08 14:00:00.000000 +00:00
LGA,2013,8,8,11,80.06,69.08,69.23,,5.7539,,0,1017.2,10,2013-08-08 15:00:00.000000 +00:00
LGA,2013,8,8,12,78.08,69.08,73.88,160,10.35702,,0,1017.1,10,2013-08-08 16:00:00.000000 +00:00
LGA,2013,8,8,13,80.96,69.98,69.71,180,6.90468,,0,,10,2013-08-08 17:00:00.000000 +00:00
LGA,2013,8,8,14,80.96,73.04,76.9,160,11.5078,,0,1017.1,9,2013-08-08 18:00:00.000000 +00:00
LGA,2013,8,8,15,78.98,69.98,73.97,170,10.35702,,0,1016.9,7,2013-08-08 19:00:00.000000 +00:00
LGA,2013,8,8,16,78.08,71.96,81.5,170,14.96014,,0.03,1016.7,10,2013-08-08 20:00:00.000000 +00:00
LGA,2013,8,8,17,75.92,69.08,79.37,190,12.65858,18.41248,0,1016.6,10,2013-08-08 21:00:00.000000 +00:00
LGA,2013,8,8,18,75.02,69.08,81.79,180,12.65858,,0.01,1015.8,10,2013-08-08 22:00:00.000000 +00:00
LGA,2013,8,8,19,75.02,69.98,84.34,210,6.90468,,0.01,1016.3,10,2013-08-08 23:00:00.000000 +00:00
LGA,2013,8,8,20,75.02,69.98,84.34,,4.60312,,0,1016.5,10,2013-08-09 00:00:00.000000 +00:00
LGA,2013,8,8,21,78.08,69.98,76.19,170,8.05546,,0,1016.7,10,2013-08-09 01:00:00.000000 +00:00
LGA,2013,8,8,22,75.02,69.08,81.79,190,12.65858,,0,1016.8,10,2013-08-09 02:00:00.000000 +00:00
LGA,2013,8,8,23,73.94,69.08,84.8,180,9.20624,,0,1016.5,10,2013-08-09 03:00:00.000000 +00:00
LGA,2013,8,9,0,73.94,69.08,84.8,180,9.20624,,0,1016.2,10,2013-08-09 04:00:00.000000 +00:00
LGA,2013,8,9,1,73.94,69.98,87.45,170,6.90468,,0,1015.6,10,2013-08-09 05:00:00.000000 +00:00
LGA,2013,8,9,2,73.94,69.98,88.51,170,9.20624,,0,,10,2013-08-09 06:00:00.000000 +00:00
LGA,2013,8,9,3,73.94,71.06,90.73,170,9.20624,,0,1014.6,10,2013-08-09 07:00:00.000000 +00:00
LGA,2013,8,9,4,73.94,71.06,90.73,180,12.65858,,0,1014.3,10,2013-08-09 08:00:00.000000 +00:00
LGA,2013,8,9,5,75.2,71.6,88.59,180,12.65858,,0,,10,2013-08-09 09:00:00.000000 +00:00
LGA,2013,8,9,6,73.94,71.96,93.54,170,8.05546,17.2617,0.02,1013.7,6,2013-08-09 10:00:00.000000 +00:00
LGA,2013,8,9,7,75.02,71.96,94.1,180,11.5078,,0.01,,10,2013-08-09 11:00:00.000000 +00:00
LGA,2013,8,9,8,75.2,71.96,90.22,180,12.65858,,0,,10,2013-08-09 12:00:00.000000 +00:00
LGA,2013,8,9,9,75.92,71.96,87.55,170,12.65858,,0,1011.7,10,2013-08-09 13:00:00.000000 +00:00
LGA,2013,8,9,10,78.08,71.96,81.5,170,11.5078,,0,1011.5,10,2013-08-09 14:00:00.000000 +00:00
LGA,2013,8,9,11,82.94,73.04,74.11,,11.5078,,0,,10,2013-08-09 15:00:00.000000 +00:00
LGA,2013,8,9,12,84.02,71.6,69.9,210,17.2617,25.31716,0,,10,2013-08-09 16:00:00.000000 +00:00
LGA,2013,8,9,13,84.92,71.96,65.95,230,20.71404,26.46794,0.03,,10,2013-08-09 17:00:00.000000 +00:00
LGA,2013,8,9,14,87.98,69.98,55.31,240,16.11092,23.0156,0,1009.3,10,2013-08-09 18:00:00.000000 +00:00
LGA,2013,8,9,15,87.98,69.98,55.31,230,9.20624,18.41248,0,1009,10,2013-08-09 19:00:00.000000 +00:00
LGA,2013,8,9,16,86,69.98,58.91,240,13.80936,,0,1009,10,2013-08-09 20:00:00.000000 +00:00
LGA,2013,8,9,17,82.94,71.96,69.53,240,6.90468,,0.01,1009.2,6,2013-08-09 21:00:00.000000 +00:00
LGA,2013,8,9,18,84.02,71.06,65.13,230,6.90468,,0,1009.5,10,2013-08-09 22:00:00.000000 +00:00
LGA,2013,8,9,19,82.94,71.06,67.44,260,8.05546,,0,1009.7,10,2013-08-09 23:00:00.000000 +00:00
LGA,2013,8,9,20,80.96,71.06,71.92,240,9.20624,,0,1009.5,10,2013-08-10 00:00:00.000000 +00:00
LGA,2013,8,9,21,80.96,71.06,71.92,260,8.05546,,0,1010.3,10,2013-08-10 01:00:00.000000 +00:00
LGA,2013,8,9,22,80.06,69.98,71.39,260,13.80936,19.56326,0,1010.5,10,2013-08-10 02:00:00.000000 +00:00
LGA,2013,8,9,23,78.98,69.98,73.97,280,8.05546,,0,1010.9,10,2013-08-10 03:00:00.000000 +00:00
LGA,2013,8,10,0,78.08,69.08,73.88,290,12.65858,,0,1011.2,10,2013-08-10 04:00:00.000000 +00:00
LGA,2013,8,10,1,75.92,69.08,79.37,310,11.5078,,0,1011.5,10,2013-08-10 05:00:00.000000 +00:00
LGA,2013,8,10,2,75.02,66.02,73.59,310,12.65858,21.86482,0,1012.2,10,2013-08-10 06:00:00.000000 +00:00
LGA,2013,8,10,3,73.94,64.04,71.22,330,13.80936,,0,1012.6,10,2013-08-10 07:00:00.000000 +00:00
LGA,2013,8,10,4,73.04,64.04,73.41,310,6.90468,,0,1013.2,10,2013-08-10 08:00:00.000000 +00:00
LGA,2013,8,10,5,71.96,62.06,71.01,310,6.90468,,0,1014,10,2013-08-10 09:00:00.000000 +00:00
LGA,2013,8,10,6,71.96,62.06,71.01,310,8.05546,,0,1014.5,10,2013-08-10 10:00:00.000000 +00:00
LGA,2013,8,10,7,73.94,60.98,63.94,310,9.20624,,0,1015,10,2013-08-10 11:00:00.000000 +00:00
LGA,2013,8,10,8,75.02,60.08,59.72,310,9.20624,,0,1014.9,10,2013-08-10 12:00:00.000000 +00:00
LGA,2013,8,10,9,75.02,59,57.47,320,11.5078,,0,1015.1,10,2013-08-10 13:00:00.000000 +00:00
LGA,2013,8,10,10,78.08,55.94,46.49,320,16.11092,21.86482,0,1015,10,2013-08-10 14:00:00.000000 +00:00
LGA,2013,8,10,11,78.08,57.92,49.94,300,11.5078,,0,1015.3,10,2013-08-10 15:00:00.000000 +00:00
LGA,2013,8,10,12,80.06,57.92,46.79,290,8.05546,,0,1014.9,10,2013-08-10 16:00:00.000000 +00:00
LGA,2013,8,10,13,80.96,57.02,43.99,310,12.65858,23.0156,0,1014.9,10,2013-08-10 17:00:00.000000 +00:00
LGA,2013,8,10,14,82.94,57.02,41.25,270,11.5078,19.56326,0,1014.9,10,2013-08-10 18:00:00.000000 +00:00
LGA,2013,8,10,15,82.94,59,44.29,310,8.05546,17.2617,0,1014.5,10,2013-08-10 19:00:00.000000 +00:00
LGA,2013,8,10,16,84.02,57.92,41.15,310,10.35702,,0,1014.4,10,2013-08-10 20:00:00.000000 +00:00
LGA,2013,8,10,17,82.94,57.92,42.61,300,10.35702,,0,1014.4,10,2013-08-10 21:00:00.000000 +00:00
LGA,2013,8,10,18,82.04,57.92,43.87,320,9.20624,,0,1014.7,10,2013-08-10 22:00:00.000000 +00:00
LGA,2013,8,10,19,80.06,53.96,40.54,330,10.35702,,0,1015.2,10,2013-08-10 23:00:00.000000 +00:00
LGA,2013,8,10,20,78.98,53.96,42,320,10.35702,,0,1015.9,10,2013-08-11 00:00:00.000000 +00:00
LGA,2013,8,10,21,78.08,55.04,45,350,9.20624,,0,1016.8,10,2013-08-11 01:00:00.000000 +00:00
LGA,2013,8,10,22,75.92,55.04,48.34,10,6.90468,,0,1017.1,10,2013-08-11 02:00:00.000000 +00:00
LGA,2013,8,10,23,73.94,53.96,49.66,360,6.90468,,0,1017.4,10,2013-08-11 03:00:00.000000 +00:00
LGA,2013,8,11,0,73.04,53.06,49.52,10,5.7539,,0,1017.5,10,2013-08-11 04:00:00.000000 +00:00
LGA,2013,8,11,1,73.04,51.98,47.59,330,6.90468,,0,1017.7,10,2013-08-11 05:00:00.000000 +00:00
LGA,2013,8,11,2,71.96,51.98,49.36,330,5.7539,,0,1018.1,10,2013-08-11 06:00:00.000000 +00:00
LGA,2013,8,11,3,69.08,53.96,58.56,20,4.60312,,0,1018.5,10,2013-08-11 07:00:00.000000 +00:00
LGA,2013,8,11,4,69.08,53.96,58.56,0,0,,0,1018.7,10,2013-08-11 08:00:00.000000 +00:00
LGA,2013,8,11,5,68,53.96,60.77,340,3.45234,,0,1019.2,10,2013-08-11 09:00:00.000000 +00:00
LGA,2013,8,11,6,66.92,53.06,61.03,70,8.05546,,0,1019.8,10,2013-08-11 10:00:00.000000 +00:00
LGA,2013,8,11,7,68,50,52.51,40,6.90468,,0,1019.7,10,2013-08-11 11:00:00.000000 +00:00
LGA,2013,8,11,8,71.06,48.02,43.92,50,4.60312,,0,1020,10,2013-08-11 12:00:00.000000 +00:00
LGA,2013,8,11,9,71.96,48.92,44.06,100,4.60312,,0,1019.9,10,2013-08-11 13:00:00.000000 +00:00
LGA,2013,8,11,10,73.94,48.02,39.85,90,4.60312,,0,1019.7,10,2013-08-11 14:00:00.000000 +00:00
LGA,2013,8,11,11,75.92,48.02,37.3,,3.45234,,0,1019.6,10,2013-08-11 15:00:00.000000 +00:00
LGA,2013,8,11,12,77,48.02,35.98,240,4.60312,,0,1019,10,2013-08-11 16:00:00.000000 +00:00
LGA,2013,8,11,13,78.98,46.94,32.36,250,8.05546,,0,1018.5,10,2013-08-11 17:00:00.000000 +00:00
LGA,2013,8,11,14,78.98,51.08,37.78,320,11.5078,,0,1017.9,10,2013-08-11 18:00:00.000000 +00:00
LGA,2013,8,11,15,80.96,51.08,35.4,,4.60312,,0,1017.3,10,2013-08-11 19:00:00.000000 +00:00
LGA,2013,8,11,16,80.96,51.98,36.6,260,8.05546,,0,1017.1,10,2013-08-11 20:00:00.000000 +00:00
LGA,2013,8,11,17,80.96,53.96,39.36,220,6.90468,,0,1016.8,10,2013-08-11 21:00:00.000000 +00:00
LGA,2013,8,11,18,78.8,55.94,46.49,200,12.65858,,0,,10,2013-08-11 22:00:00.000000 +00:00
LGA,2013,8,11,19,75.92,57.92,53.65,170,10.35702,,0,1016.9,10,2013-08-11 23:00:00.000000 +00:00
LGA,2013,8,11,20,75.02,57.92,55.28,190,13.80936,,0,1017.3,10,2013-08-12 00:00:00.000000 +00:00
LGA,2013,8,11,21,73.94,60.08,61.92,190,12.65858,,0,1017.5,10,2013-08-12 01:00:00.000000 +00:00
LGA,2013,8,11,22,73.94,62.06,66.43,170,8.05546,,0,1017.4,10,2013-08-12 02:00:00.000000 +00:00
LGA,2013,8,11,23,73.94,64.04,71.22,200,6.90468,,0,1017.2,10,2013-08-12 03:00:00.000000 +00:00
LGA,2013,8,12,0,73.04,66.02,78.65,170,5.7539,,0,1016.8,10,2013-08-12 04:00:00.000000 +00:00
LGA,2013,8,12,1,73.04,66.92,81.14,210,4.60312,,0,1016.5,10,2013-08-12 05:00:00.000000 +00:00
LGA,2013,8,12,2,73.04,66.92,81.14,210,6.90468,,0,1016.3,10,2013-08-12 06:00:00.000000 +00:00
LGA,2013,8,12,3,73.04,66.92,81.14,230,6.90468,,0,1016,10,2013-08-12 07:00:00.000000 +00:00
LGA,2013,8,12,4,73.04,66.92,81.14,0,0,,0,1015.6,10,2013-08-12 08:00:00.000000 +00:00
LGA,2013,8,12,5,73.04,66.92,81.14,320,4.60312,,0,1015.9,10,2013-08-12 09:00:00.000000 +00:00
LGA,2013,8,12,6,73.94,66.02,76.31,350,3.45234,,0,1016,10,2013-08-12 10:00:00.000000 +00:00
LGA,2013,8,12,7,71.6,66.2,84.1,250,4.60312,,0.09,,5,2013-08-12 11:00:00.000000 +00:00
LGA,2013,8,12,8,71.96,66.02,81.57,0,0,,0,1016.3,10,2013-08-12 12:00:00.000000 +00:00
LGA,2013,8,12,9,73.04,66.92,81.14,50,4.60312,,0,1016.4,10,2013-08-12 13:00:00.000000 +00:00
LGA,2013,8,12,10,73.04,66.02,78.65,40,5.7539,,0,1016.6,10,2013-08-12 14:00:00.000000 +00:00
LGA,2013,8,12,11,75.02,62.96,66.13,50,8.05546,18.41248,0,1016.2,10,2013-08-12 15:00:00.000000 +00:00
LGA,2013,8,12,12,73.94,64.94,73.49,50,8.05546,,0,1016,10,2013-08-12 16:00:00.000000 +00:00
LGA,2013,8,12,13,75.02,64.04,68.69,50,6.90468,,0,1015.5,10,2013-08-12 17:00:00.000000 +00:00
LGA,2013,8,12,14,78.98,64.04,60.23,40,6.90468,,0,1015.1,10,2013-08-12 18:00:00.000000 +00:00
LGA,2013,8,12,15,80.96,59,47.23,40,5.7539,,0,1014.7,10,2013-08-12 19:00:00.000000 +00:00
LGA,2013,8,12,16,78.98,66.02,64.54,200,6.90468,,0,1014.4,10,2013-08-12 20:00:00.000000 +00:00
LGA,2013,8,12,17,80.96,64.94,58.25,130,4.60312,,0,1013.9,10,2013-08-12 21:00:00.000000 +00:00
LGA,2013,8,12,18,78.08,64.94,64.03,180,9.20624,,0,1013.7,10,2013-08-12 22:00:00.000000 +00:00
LGA,2013,8,12,20,75.02,66.02,73.59,180,6.90468,,0,1013.5,10,2013-08-13 00:00:00.000000 +00:00
LGA,2013,8,12,21,73.94,68,81.71,210,9.20624,,0,1013.6,10,2013-08-13 01:00:00.000000 +00:00
LGA,2013,8,12,22,73.94,68,81.71,170,5.7539,,0,1013.6,7,2013-08-13 02:00:00.000000 +00:00
LGA,2013,8,12,23,73.94,66.92,78.72,180,4.60312,,0,1013.6,7,2013-08-13 03:00:00.000000 +00:00
LGA,2013,8,13,1,73.94,68,81.71,180,6.90468,,0,1012.5,9,2013-08-13 05:00:00.000000 +00:00
LGA,2013,8,13,2,73.94,68,81.71,190,4.60312,,0,1011.8,9,2013-08-13 06:00:00.000000 +00:00
LGA,2013,8,13,3,73.04,68,84.22,180,3.45234,,0,1011.3,7,2013-08-13 07:00:00.000000 +00:00
LGA,2013,8,13,4,73.04,69.08,87.41,170,4.60312,,0,1010.6,6,2013-08-13 08:00:00.000000 +00:00
LGA,2013,8,13,5,73.04,69.08,87.41,,5.7539,,0,1010.4,7,2013-08-13 09:00:00.000000 +00:00
LGA,2013,8,13,6,73.94,69.98,87.45,180,5.7539,,0,1010.3,6,2013-08-13 10:00:00.000000 +00:00
LGA,2013,8,13,7,75.2,71.06,90.73,,8.05546,,0.01,,7,2013-08-13 11:00:00.000000 +00:00
LGA,2013,8,13,8,75.2,71.6,94.1,190,8.05546,,0.05,,5,2013-08-13 12:00:00.000000 +00:00
LGA,2013,8,13,9,75.2,71.6,88.59,,8.05546,,0.22,,5,2013-08-13 13:00:00.000000 +00:00
LGA,2013,8,13,10,73.4,66.92,84.16,150,6.90468,,0.17,,6,2013-08-13 14:00:00.000000 +00:00
LGA,2013,8,13,11,71.06,66.92,86.77,110,10.35702,,0.16,1007.5,5,2013-08-13 15:00:00.000000 +00:00
LGA,2013,8,13,12,69.98,64.94,84.04,110,8.05546,,0.09,1007.3,4,2013-08-13 16:00:00.000000 +00:00
LGA,2013,8,13,13,71.96,64.94,78.57,30,5.7539,,0,1007.1,10,2013-08-13 17:00:00.000000 +00:00
LGA,2013,8,13,14,73.04,64.04,73.41,40,3.45234,,0,1006.9,10,2013-08-13 18:00:00.000000 +00:00
LGA,2013,8,13,15,73.94,62.96,68.57,60,4.60312,,0,1006.5,10,2013-08-13 19:00:00.000000 +00:00
LGA,2013,8,13,16,75.02,62.96,66.13,50,6.90468,,0,1006.2,10,2013-08-13 20:00:00.000000 +00:00
LGA,2013,8,13,17,77,62.96,61.91,40,5.7539,,0,1005.9,10,2013-08-13 21:00:00.000000 +00:00
LGA,2013,8,13,18,78.08,64.04,62.05,170,10.35702,,0,1005.7,10,2013-08-13 22:00:00.000000 +00:00
LGA,2013,8,13,19,75.02,64.04,68.69,190,9.20624,,0,1006.5,10,2013-08-13 23:00:00.000000 +00:00
LGA,2013,8,13,20,73.04,64.94,75.75,190,10.35702,,0,1006.4,10,2013-08-14 00:00:00.000000 +00:00
LGA,2013,8,13,21,73.04,66.02,78.65,,5.7539,,0,1006.8,10,2013-08-14 01:00:00.000000 +00:00
LGA,2013,8,13,22,69.98,64.94,84.04,320,8.05546,,0.04,1007.3,10,2013-08-14 02:00:00.000000 +00:00
LGA,2013,8,13,23,71.06,64.04,78.49,310,6.90468,,0,1007.3,10,2013-08-14 03:00:00.000000 +00:00
LGA,2013,8,14,0,71.06,64.04,78.49,310,11.5078,,0,1007.2,10,2013-08-14 04:00:00.000000 +00:00
LGA,2013,8,14,1,69.98,60.08,70.81,320,13.80936,,0,1007.3,10,2013-08-14 05:00:00.000000 +00:00
LGA,2013,8,14,2,68,57.92,70.15,310,16.11092,23.0156,0,1007.5,10,2013-08-14 06:00:00.000000 +00:00
LGA,2013,8,14,3,66.92,55.04,65.61,310,16.11092,,0,1007.9,10,2013-08-14 07:00:00.000000 +00:00
LGA,2013,8,14,4,64.94,51.98,62.83,330,16.11092,21.86482,0,1008.6,10,2013-08-14 08:00:00.000000 +00:00
LGA,2013,8,14,5,62.96,46.04,53.94,310,11.5078,21.86482,0,1009.4,10,2013-08-14 09:00:00.000000 +00:00
LGA,2013,8,14,6,62.06,46.04,55.68,330,11.5078,,0,1010.2,10,2013-08-14 10:00:00.000000 +00:00
LGA,2013,8,14,7,62.96,44.96,51.77,310,10.35702,20.71404,0,1010.3,10,2013-08-14 11:00:00.000000 +00:00
LGA,2013,8,14,8,64.04,44.96,49.85,300,16.11092,23.0156,0,1010.7,10,2013-08-14 12:00:00.000000 +00:00
LGA,2013,8,14,9,66.02,44.96,46.52,320,12.65858,20.71404,0,1010.7,10,2013-08-14 13:00:00.000000 +00:00
LGA,2013,8,14,10,68,44.96,43.44,320,16.11092,21.86482,0,1011,10,2013-08-14 14:00:00.000000 +00:00
LGA,2013,8,14,11,69.08,46.94,45.12,320,19.56326,26.46794,0,1010.8,10,2013-08-14 15:00:00.000000 +00:00
LGA,2013,8,14,12,69.98,48.02,45.57,310,17.2617,25.31716,0,1011.2,10,2013-08-14 16:00:00.000000 +00:00
LGA,2013,8,14,13,71.96,48.02,42.6,320,16.11092,27.61872,0,1011.3,10,2013-08-14 17:00:00.000000 +00:00
LGA,2013,8,14,14,73.04,48.92,42.48,310,19.56326,33.37262,0,1011.5,10,2013-08-14 18:00:00.000000 +00:00
LGA,2013,8,14,15,73.94,50,42.91,310,19.56326,29.92028,0,1011.2,10,2013-08-14 19:00:00.000000 +00:00
LGA,2013,8,14,16,73.94,51.08,44.66,320,16.11092,28.7695,0,1011.7,10,2013-08-14 20:00:00.000000 +00:00
LGA,2013,9,3,3,73.04,69.98,90.14,0,0,,0,1005.9,6,2013-09-03 07:00:00.000000 +00:00
LGA,2013,8,14,17,73.04,51.08,46.04,310,21.86482,29.92028,0,1012,10,2013-08-14 21:00:00.000000 +00:00
LGA,2013,8,14,18,73.04,50,44.23,300,20.71404,28.7695,0,1012.7,10,2013-08-14 22:00:00.000000 +00:00
LGA,2013,8,14,19,71.06,50,47.29,310,19.56326,26.46794,0,1013.8,10,2013-08-14 23:00:00.000000 +00:00
LGA,2013,8,14,20,69.98,50,49.07,310,12.65858,19.56326,0,1015,10,2013-08-15 00:00:00.000000 +00:00
LGA,2013,8,14,21,69.08,48.92,48.6,310,14.96014,23.0156,0,1016,10,2013-08-15 01:00:00.000000 +00:00
LGA,2013,8,14,22,68,48.92,50.44,320,10.35702,,0,1016.6,10,2013-08-15 02:00:00.000000 +00:00
LGA,2013,8,14,23,66.92,50,54.51,310,13.80936,,0,1017.2,10,2013-08-15 03:00:00.000000 +00:00
LGA,2013,8,15,0,66.02,48.92,54.01,310,9.20624,,0,1017.6,10,2013-08-15 04:00:00.000000 +00:00
LGA,2013,8,15,1,64.94,48.92,56.08,320,11.5078,,0,1017.7,10,2013-08-15 05:00:00.000000 +00:00
LGA,2013,8,15,2,64.04,48.92,57.87,340,8.05546,,0,1018.1,10,2013-08-15 06:00:00.000000 +00:00
LGA,2013,8,15,3,64.04,48.92,57.87,330,6.90468,,0,1018.1,10,2013-08-15 07:00:00.000000 +00:00
LGA,2013,8,15,4,64.04,48.92,57.87,300,4.60312,,0,1018.4,10,2013-08-15 08:00:00.000000 +00:00
LGA,2013,8,15,5,62.96,50,62.58,310,10.35702,,0,1019,10,2013-08-15 09:00:00.000000 +00:00
LGA,2013,8,15,6,62.96,50,62.58,310,10.35702,,0,1019.4,10,2013-08-15 10:00:00.000000 +00:00
LGA,2013,8,15,7,64.94,48.92,56.08,320,11.5078,,0,1019.7,10,2013-08-15 11:00:00.000000 +00:00
LGA,2013,8,15,8,66.92,48.92,52.35,320,6.90468,,0,1020.3,10,2013-08-15 12:00:00.000000 +00:00
LGA,2013,8,15,9,69.08,48.92,48.6,310,4.60312,,0,1020.3,10,2013-08-15 13:00:00.000000 +00:00
LGA,2013,8,15,10,71.96,46.94,40.9,330,3.45234,,0,1020.4,10,2013-08-15 14:00:00.000000 +00:00
LGA,2013,8,15,11,73.94,42.98,32.91,340,6.90468,,0,1020.1,10,2013-08-15 15:00:00.000000 +00:00
LGA,2013,8,15,12,75.02,41,29.41,,3.45234,18.41248,0,1019.7,10,2013-08-15 16:00:00.000000 +00:00
LGA,2013,8,15,13,75.92,44.06,32.1,300,10.35702,,0,1019.1,10,2013-08-15 17:00:00.000000 +00:00
LGA,2013,8,15,14,77,44.06,30.97,330,12.65858,18.41248,0,1018.6,10,2013-08-15 18:00:00.000000 +00:00
LGA,2013,8,15,15,77,42.98,29.72,310,8.05546,16.11092,0,1018.2,10,2013-08-15 19:00:00.000000 +00:00
LGA,2013,8,15,16,77,48.02,35.98,320,9.20624,,0,1018.2,10,2013-08-15 20:00:00.000000 +00:00
LGA,2013,8,15,17,77,46.04,33.39,300,10.35702,,0,1017.9,10,2013-08-15 21:00:00.000000 +00:00
LGA,2013,8,15,18,75.92,46.04,34.61,310,6.90468,,0,1018.2,10,2013-08-15 22:00:00.000000 +00:00
LGA,2013,8,15,19,73.94,46.94,38.26,360,9.20624,,0,1019,10,2013-08-15 23:00:00.000000 +00:00
LGA,2013,8,15,20,73.94,48.02,39.85,330,5.7539,,0,1019.7,10,2013-08-16 00:00:00.000000 +00:00
LGA,2013,8,15,21,73.94,46.94,38.26,0,0,,0,1020.1,10,2013-08-16 01:00:00.000000 +00:00
LGA,2013,8,15,22,73.04,46.94,39.44,0,0,,0,1020.3,10,2013-08-16 02:00:00.000000 +00:00
LGA,2013,8,15,23,69.98,55.04,59.06,220,8.05546,,0,1020.6,10,2013-08-16 03:00:00.000000 +00:00
LGA,2013,8,16,1,68,53.06,58.8,230,5.7539,,0,1020.2,10,2013-08-16 05:00:00.000000 +00:00
LGA,2013,8,16,2,68,53.06,58.8,200,5.7539,,0,1020.1,10,2013-08-16 06:00:00.000000 +00:00
LGA,2013,8,16,3,66.92,53.06,61.03,0,0,,0,1020.1,10,2013-08-16 07:00:00.000000 +00:00
LGA,2013,8,16,4,66.92,53.96,63.08,0,0,,0,1020.3,10,2013-08-16 08:00:00.000000 +00:00
LGA,2013,8,16,5,66.92,53.96,63.08,330,3.45234,,0,1020.5,10,2013-08-16 09:00:00.000000 +00:00
LGA,2013,8,16,6,66.92,53.96,63.08,0,0,,0,1020.7,10,2013-08-16 10:00:00.000000 +00:00
LGA,2013,8,16,7,69.98,53.96,56.78,0,0,,0,1020.8,10,2013-08-16 11:00:00.000000 +00:00
LGA,2013,8,16,8,71.06,53.06,52.95,0,0,,0,1021.1,10,2013-08-16 12:00:00.000000 +00:00
LGA,2013,8,16,9,73.04,53.06,49.52,320,4.60312,,0,1021.2,10,2013-08-16 13:00:00.000000 +00:00
LGA,2013,8,16,10,75.02,48.92,39.75,0,0,,0,1021.4,10,2013-08-16 14:00:00.000000 +00:00
LGA,2013,8,16,11,75.92,44.96,33.22,0,0,,0,1021.3,10,2013-08-16 15:00:00.000000 +00:00
LGA,2013,8,16,12,77,44.96,32.05,0,0,,0,1021.1,10,2013-08-16 16:00:00.000000 +00:00
LGA,2013,8,16,13,78.08,44.96,30.93,140,8.05546,,0,1021.1,10,2013-08-16 17:00:00.000000 +00:00
LGA,2013,8,16,14,77,46.94,34.55,140,9.20624,,0,1020.7,10,2013-08-16 18:00:00.000000 +00:00
LGA,2013,8,16,15,78.08,46.94,33.34,,6.90468,,0,1020.6,10,2013-08-16 19:00:00.000000 +00:00
LGA,2013,8,16,16,78.08,48.02,34.72,170,9.20624,18.41248,0,1020.6,10,2013-08-16 20:00:00.000000 +00:00
LGA,2013,8,16,17,77,50,38.74,170,10.35702,,0,1021,10,2013-08-16 21:00:00.000000 +00:00
LGA,2013,8,16,18,73.94,51.08,44.66,180,10.35702,,0,1021.1,10,2013-08-16 22:00:00.000000 +00:00
LGA,2013,8,16,19,73.04,51.08,46.04,190,12.65858,,0,1021.6,10,2013-08-16 23:00:00.000000 +00:00
LGA,2013,8,16,20,73.04,51.98,47.59,180,10.35702,,0,1021.8,10,2013-08-17 00:00:00.000000 +00:00
LGA,2013,8,16,21,71.96,53.06,51.36,190,8.05546,,0,1022.5,10,2013-08-17 01:00:00.000000 +00:00
LGA,2013,8,16,22,71.96,51.98,49.36,190,5.7539,,0,1022.4,10,2013-08-17 02:00:00.000000 +00:00
LGA,2013,8,16,23,71.06,51.98,50.89,220,3.45234,,0,1022.7,10,2013-08-17 03:00:00.000000 +00:00
LGA,2013,8,17,0,71.06,53.06,52.95,230,6.90468,,0,1022.9,10,2013-08-17 04:00:00.000000 +00:00
LGA,2013,8,17,1,69.98,51.98,52.8,240,5.7539,,0,1023.1,10,2013-08-17 05:00:00.000000 +00:00
LGA,2013,8,17,2,69.98,53.06,54.94,270,6.90468,,0,1023.1,10,2013-08-17 06:00:00.000000 +00:00
LGA,2013,8,17,3,69.98,51.98,52.8,0,0,,0,1023.2,10,2013-08-17 07:00:00.000000 +00:00
LGA,2013,8,17,4,68,53.06,58.8,310,4.60312,,0,1023.1,10,2013-08-17 08:00:00.000000 +00:00
LGA,2013,8,17,5,68,53.06,58.8,290,3.45234,,0,1023.6,10,2013-08-17 09:00:00.000000 +00:00
LGA,2013,8,17,6,68,53.96,60.77,0,0,,0,1023.9,10,2013-08-17 10:00:00.000000 +00:00
LGA,2013,8,17,7,69.98,55.04,59.06,60,4.60312,,0,1024.4,10,2013-08-17 11:00:00.000000 +00:00
LGA,2013,8,17,8,69.98,55.04,59.06,70,5.7539,,0,1024.9,10,2013-08-17 12:00:00.000000 +00:00
LGA,2013,8,17,9,73.04,55.04,53.24,0,0,,0,1024.9,10,2013-08-17 13:00:00.000000 +00:00
LGA,2013,8,17,10,75.02,57.02,53.52,50,4.60312,,0,1024.8,10,2013-08-17 14:00:00.000000 +00:00
LGA,2013,8,17,11,77,57.92,51.76,60,8.05546,,0,1024.7,10,2013-08-17 15:00:00.000000 +00:00
LGA,2013,8,17,12,80.06,53.96,40.54,50,10.35702,,0,1024.5,10,2013-08-17 16:00:00.000000 +00:00
LGA,2013,8,17,13,80.06,50,35.03,40,8.05546,,0,1024.3,10,2013-08-17 17:00:00.000000 +00:00
LGA,2013,8,17,14,80.96,53.96,39.36,70,8.05546,,0,1023.9,10,2013-08-17 18:00:00.000000 +00:00
LGA,2013,8,17,15,80.06,53.06,39.22,0,0,,0,1023.5,10,2013-08-17 19:00:00.000000 +00:00
LGA,2013,8,17,16,78.98,51.08,37.78,140,6.90468,,0,1023.6,10,2013-08-17 20:00:00.000000 +00:00
LGA,2013,8,17,17,78.98,50,36.29,180,9.20624,,0,1023.7,10,2013-08-17 21:00:00.000000 +00:00
LGA,2013,8,17,18,77,48.92,37.21,180,10.35702,,0,1023.8,10,2013-08-17 22:00:00.000000 +00:00
LGA,2013,8,17,19,75.02,51.98,44.53,170,11.5078,,0,1024.1,10,2013-08-17 23:00:00.000000 +00:00
LGA,2013,8,17,20,73.94,53.06,48.04,190,8.05546,,0,1024.5,10,2013-08-18 00:00:00.000000 +00:00
LGA,2013,8,17,21,73.94,51.98,46.17,190,4.60312,,0,1024.7,10,2013-08-18 01:00:00.000000 +00:00
LGA,2013,8,17,22,73.94,53.06,48.04,200,6.90468,,0,1024.8,10,2013-08-18 02:00:00.000000 +00:00
LGA,2013,8,17,23,73.04,51.98,47.59,210,3.45234,,0,1024.6,10,2013-08-18 03:00:00.000000 +00:00
LGA,2013,8,18,0,73.04,53.96,51.18,0,0,,0,1024.2,10,2013-08-18 04:00:00.000000 +00:00
LGA,2013,8,18,1,71.96,55.04,55.22,0,0,,0,1023.9,10,2013-08-18 05:00:00.000000 +00:00
LGA,2013,8,18,2,71.06,60.08,68.25,60,3.45234,,0,1023.9,10,2013-08-18 06:00:00.000000 +00:00
LGA,2013,8,18,3,69.98,60.98,73.11,60,3.45234,,0,1023.9,10,2013-08-18 07:00:00.000000 +00:00
LGA,2013,8,18,4,69.98,60.98,73.11,60,5.7539,,0,1023.8,10,2013-08-18 08:00:00.000000 +00:00
LGA,2013,8,18,5,69.08,60.98,75.4,100,5.7539,,0,1024,10,2013-08-18 09:00:00.000000 +00:00
LGA,2013,8,18,6,69.08,57.92,67.59,100,3.45234,,0,1024.4,8,2013-08-18 10:00:00.000000 +00:00
LGA,2013,8,18,7,69.08,60.98,75.4,90,4.60312,,0,1024.5,8,2013-08-18 11:00:00.000000 +00:00
LGA,2013,8,18,8,69.98,62.06,75.96,80,5.7539,,0,1024.3,8,2013-08-18 12:00:00.000000 +00:00
LGA,2013,8,18,9,71.06,62.06,73.22,80,8.05546,,0,1024.2,9,2013-08-18 13:00:00.000000 +00:00
LGA,2013,8,18,10,71.96,62.06,71.01,40,5.7539,,0,1024.2,10,2013-08-18 14:00:00.000000 +00:00
LGA,2013,8,18,11,73.94,62.06,66.43,40,8.05546,,0,1023.7,10,2013-08-18 15:00:00.000000 +00:00
LGA,2013,8,18,12,73.94,62.06,66.43,40,5.7539,,0,1023.8,10,2013-08-18 16:00:00.000000 +00:00
LGA,2013,8,18,13,75.02,60.08,59.72,40,6.90468,,0,1022.8,10,2013-08-18 17:00:00.000000 +00:00
LGA,2013,8,18,14,73.94,60.08,61.92,50,8.05546,,0,1022.1,10,2013-08-18 18:00:00.000000 +00:00
LGA,2013,8,18,15,75.02,55.94,51.47,40,9.20624,,0,1021.2,10,2013-08-18 19:00:00.000000 +00:00
LGA,2013,8,18,16,75.02,53.96,47.89,50,8.05546,,0,1020.7,10,2013-08-18 20:00:00.000000 +00:00
LGA,2013,8,18,17,73.94,53.06,48.04,50,8.05546,,0,1020.6,10,2013-08-18 21:00:00.000000 +00:00
LGA,2013,8,18,18,73.94,53.96,49.66,50,9.20624,,0,1020.4,10,2013-08-18 22:00:00.000000 +00:00
LGA,2013,8,18,19,73.04,55.04,53.24,40,5.7539,,0,1020.6,10,2013-08-18 23:00:00.000000 +00:00
LGA,2013,8,18,20,73.04,59,61.41,50,9.20624,,0,1020.6,10,2013-08-19 00:00:00.000000 +00:00
LGA,2013,8,18,21,71.06,60.98,70.47,70,3.45234,,0,1020.5,10,2013-08-19 01:00:00.000000 +00:00
LGA,2013,8,18,22,71.06,60.08,68.25,0,0,,0,1020.7,10,2013-08-19 02:00:00.000000 +00:00
LGA,2013,8,18,23,71.06,60.98,70.47,0,0,,0,1020.3,10,2013-08-19 03:00:00.000000 +00:00
LGA,2013,8,19,0,69.98,57.02,63.45,220,6.90468,,0,1020,10,2013-08-19 04:00:00.000000 +00:00
LGA,2013,8,19,1,69.08,53.96,58.56,220,10.35702,,0,1020.1,10,2013-08-19 05:00:00.000000 +00:00
LGA,2013,8,19,2,68,55.04,63.21,220,6.90468,,0,1019.6,10,2013-08-19 06:00:00.000000 +00:00
LGA,2013,8,19,3,69.08,55.04,60.91,230,8.05546,,0,1019.5,10,2013-08-19 07:00:00.000000 +00:00
LGA,2013,8,19,4,68,55.94,65.31,220,5.7539,,0,1019.5,10,2013-08-19 08:00:00.000000 +00:00
LGA,2013,8,19,5,69.08,59,70.26,300,5.7539,,0,1019.4,10,2013-08-19 09:00:00.000000 +00:00
LGA,2013,8,19,6,69.08,59,70.26,0,0,,0,1019.7,10,2013-08-19 10:00:00.000000 +00:00
LGA,2013,8,19,7,69.98,60.08,70.81,290,3.45234,,0,1019.8,10,2013-08-19 11:00:00.000000 +00:00
LGA,2013,8,19,8,71.96,59,63.7,0,0,,0,1019.3,10,2013-08-19 12:00:00.000000 +00:00
LGA,2013,8,19,9,73.94,59,59.58,300,4.60312,,0,1019.1,10,2013-08-19 13:00:00.000000 +00:00
LGA,2013,8,19,10,75.92,59,55.77,330,5.7539,,0,1018.6,10,2013-08-19 14:00:00.000000 +00:00
LGA,2013,8,19,11,78.08,55.94,46.49,260,10.35702,,0,1018.4,10,2013-08-19 15:00:00.000000 +00:00
LGA,2013,8,19,12,80.06,55.94,43.56,280,9.20624,,0,1017.9,10,2013-08-19 16:00:00.000000 +00:00
LGA,2013,8,19,13,78.98,55.94,45.14,270,5.7539,,0,1017.3,10,2013-08-19 17:00:00.000000 +00:00
LGA,2013,8,19,14,78.98,57.92,48.48,220,10.35702,,0,1017.2,10,2013-08-19 18:00:00.000000 +00:00
LGA,2013,8,19,15,80.06,59,48.64,230,11.5078,,0,1017,10,2013-08-19 19:00:00.000000 +00:00
LGA,2013,8,19,16,78.98,57.92,48.48,240,6.90468,,0,1017,10,2013-08-19 20:00:00.000000 +00:00
LGA,2013,8,19,18,77,53.06,43.38,260,11.5078,,0,1017.2,10,2013-08-19 22:00:00.000000 +00:00
LGA,2013,8,19,19,75.92,57.92,53.65,250,9.20624,,0,1017,10,2013-08-19 23:00:00.000000 +00:00
LGA,2013,8,19,20,75.02,60.08,59.72,250,5.7539,,0,1017.1,10,2013-08-20 00:00:00.000000 +00:00
LGA,2013,8,19,21,75.02,60.98,61.66,250,6.90468,,0,1017.4,10,2013-08-20 01:00:00.000000 +00:00
LGA,2013,8,19,22,73.94,60.98,63.94,250,8.05546,,0,1017.7,10,2013-08-20 02:00:00.000000 +00:00
LGA,2013,8,19,23,73.94,62.96,68.57,240,5.7539,,0,1017.8,10,2013-08-20 03:00:00.000000 +00:00
LGA,2013,8,20,0,73.04,62.96,70.68,270,8.05546,,0,1017.6,10,2013-08-20 04:00:00.000000 +00:00
LGA,2013,8,20,1,71.96,64.04,76.13,270,4.60312,,0,1017.4,10,2013-08-20 05:00:00.000000 +00:00
LGA,2013,8,20,2,71.06,64.04,78.49,0,0,,0,1017.6,10,2013-08-20 06:00:00.000000 +00:00
LGA,2013,8,20,3,71.06,62.96,75.57,0,0,,0,1017.6,10,2013-08-20 07:00:00.000000 +00:00
LGA,2013,8,20,4,69.98,62.96,78.41,290,3.45234,,0,1017.6,10,2013-08-20 08:00:00.000000 +00:00
LGA,2013,8,20,5,69.98,62.96,78.41,0,0,,0,1018,10,2013-08-20 09:00:00.000000 +00:00
LGA,2013,8,20,6,69.98,62.96,78.41,0,0,,0,1018.8,10,2013-08-20 10:00:00.000000 +00:00
LGA,2013,8,20,7,71.96,62.96,73.3,0,0,,0,1019.4,10,2013-08-20 11:00:00.000000 +00:00
LGA,2013,8,20,8,73.94,62.06,66.43,310,4.60312,,0,1019.7,10,2013-08-20 12:00:00.000000 +00:00
LGA,2013,8,20,9,77,62.06,59.98,320,3.45234,,0,1019.8,10,2013-08-20 13:00:00.000000 +00:00
LGA,2013,8,20,10,80.96,60.98,50.68,330,5.7539,,0,1020,10,2013-08-20 14:00:00.000000 +00:00
LGA,2013,8,20,11,82.94,60.98,47.52,310,3.45234,,0,1019.7,10,2013-08-20 15:00:00.000000 +00:00
LGA,2013,8,20,12,84.02,59,42.77,330,10.35702,,0,1019.3,10,2013-08-20 16:00:00.000000 +00:00
LGA,2013,8,20,13,86,59,40.14,340,8.05546,,0,1018.9,10,2013-08-20 17:00:00.000000 +00:00
LGA,2013,8,20,14,87.08,57.92,37.31,350,5.7539,,0,1018.4,10,2013-08-20 18:00:00.000000 +00:00
LGA,2013,8,20,15,87.08,57.92,37.31,330,5.7539,,0,1018.2,10,2013-08-20 19:00:00.000000 +00:00
LGA,2013,8,20,16,87.98,55.94,33.75,,6.90468,,0,1018,10,2013-08-20 20:00:00.000000 +00:00
LGA,2013,8,20,17,87.08,53.96,32.32,290,6.90468,,0,1018.1,10,2013-08-20 21:00:00.000000 +00:00
LGA,2013,8,20,18,82.94,62.96,50.97,140,10.35702,,0,1018.3,10,2013-08-20 22:00:00.000000 +00:00
LGA,2013,8,20,19,82.04,64.04,54.5,130,8.05546,,0,1018.7,10,2013-08-20 23:00:00.000000 +00:00
LGA,2013,8,20,20,80.96,66.02,60.49,,5.7539,,0,1019.2,10,2013-08-21 00:00:00.000000 +00:00
LGA,2013,8,20,21,78.98,66.92,66.58,150,3.45234,,0,1019.6,10,2013-08-21 01:00:00.000000 +00:00
LGA,2013,8,20,22,78.98,66.92,66.58,150,3.45234,,0,1019.6,10,2013-08-21 02:00:00.000000 +00:00
LGA,2013,8,20,23,80.06,64.94,59.99,200,5.7539,,0,1019.8,10,2013-08-21 03:00:00.000000 +00:00
LGA,2013,8,21,0,80.06,62.96,55.97,290,4.60312,,0,1019.9,10,2013-08-21 04:00:00.000000 +00:00
LGA,2013,8,21,1,75.92,66.92,73.68,0,0,,0,1019.8,10,2013-08-21 05:00:00.000000 +00:00
LGA,2013,8,21,2,75.02,66.02,73.59,290,3.45234,,0,1019.9,10,2013-08-21 06:00:00.000000 +00:00
LGA,2013,8,21,3,75.02,62.96,66.13,300,5.7539,,0,1020.1,10,2013-08-21 07:00:00.000000 +00:00
LGA,2013,8,21,4,75.02,60.98,61.66,310,4.60312,,0,1020.5,10,2013-08-21 08:00:00.000000 +00:00
LGA,2013,8,21,5,75.02,60.08,59.72,290,3.45234,,0,1020.7,10,2013-08-21 09:00:00.000000 +00:00
LGA,2013,8,21,6,75.02,60.98,61.66,0,0,,0,1021.3,10,2013-08-21 10:00:00.000000 +00:00
LGA,2013,8,21,7,75.92,60.98,59.84,0,0,,0,1021.7,10,2013-08-21 11:00:00.000000 +00:00
LGA,2013,8,21,8,78.08,60.98,55.7,310,4.60312,,0,1021.8,10,2013-08-21 12:00:00.000000 +00:00
LGA,2013,8,21,9,80.96,59,47.23,320,3.45234,,0,1021.7,10,2013-08-21 13:00:00.000000 +00:00
LGA,2013,8,21,10,84.92,57.92,39.97,0,0,,0,1021.5,10,2013-08-21 14:00:00.000000 +00:00
LGA,2013,8,21,11,86,55.04,34.79,330,4.60312,,0,1021.3,10,2013-08-21 15:00:00.000000 +00:00
LGA,2013,8,21,12,87.08,57.02,36.12,280,8.05546,,0,1020.7,10,2013-08-21 16:00:00.000000 +00:00
LGA,2013,8,21,13,87.98,57.02,35.1,190,5.7539,,0,1020.1,10,2013-08-21 17:00:00.000000 +00:00
LGA,2013,8,21,14,89.06,55.04,31.57,230,4.60312,,0,1019.4,10,2013-08-21 18:00:00.000000 +00:00
LGA,2013,8,21,15,89.06,53.96,30.35,210,9.20624,,0,1018.9,10,2013-08-21 19:00:00.000000 +00:00
LGA,2013,8,21,16,87.08,57.02,36.12,180,14.96014,19.56326,0,1018.7,10,2013-08-21 20:00:00.000000 +00:00
LGA,2013,8,21,17,84.02,62.06,47.68,170,11.5078,,0,1018.3,10,2013-08-21 21:00:00.000000 +00:00
LGA,2013,8,21,18,82.94,62.96,50.97,170,10.35702,,0,1018.2,10,2013-08-21 22:00:00.000000 +00:00
LGA,2013,8,21,19,80.96,66.02,60.49,170,9.20624,,0,1018.1,9,2013-08-21 23:00:00.000000 +00:00
LGA,2013,8,21,20,80.06,66.92,64.26,180,6.90468,,0,1018.2,10,2013-08-22 00:00:00.000000 +00:00
LGA,2013,8,21,21,78.98,66.92,66.58,0,0,,0,1018.4,10,2013-08-22 01:00:00.000000 +00:00
LGA,2013,8,21,22,78.98,66.92,66.58,170,3.45234,,0,1018,10,2013-08-22 02:00:00.000000 +00:00
LGA,2013,8,21,23,80.06,64.94,59.99,210,9.20624,,0,1017.6,10,2013-08-22 03:00:00.000000 +00:00
LGA,2013,8,22,0,78.98,68,69.11,220,10.35702,,0,1017.4,10,2013-08-22 04:00:00.000000 +00:00
LGA,2013,8,22,1,78.08,69.08,73.88,210,5.7539,,0,1017.9,10,2013-08-22 05:00:00.000000 +00:00
LGA,2013,8,22,2,78.08,69.08,73.88,200,6.90468,,0,1017.6,10,2013-08-22 06:00:00.000000 +00:00
LGA,2013,8,22,3,77,68,73.78,230,6.90468,,0,1017.3,10,2013-08-22 07:00:00.000000 +00:00
LGA,2013,8,22,4,77,68,73.78,240,4.60312,,0,1016.8,10,2013-08-22 08:00:00.000000 +00:00
LGA,2013,8,22,5,78.08,68,71.19,210,6.90468,,0,1016.4,10,2013-08-22 09:00:00.000000 +00:00
LGA,2013,8,22,6,77,68,73.78,220,5.7539,,0,1016.4,10,2013-08-22 10:00:00.000000 +00:00
LGA,2013,8,22,7,77,68,73.78,200,8.05546,,0,1016.5,10,2013-08-22 11:00:00.000000 +00:00
LGA,2013,8,22,8,78.08,69.08,73.88,230,8.05546,,0,1016.3,9,2013-08-22 12:00:00.000000 +00:00
LGA,2013,8,22,9,77,69.8,83.32,270,14.96014,,0.01,,7,2013-08-22 13:00:00.000000 +00:00
LGA,2013,8,22,10,73.4,69.8,88.51,340,8.05546,,0.11,,9,2013-08-22 14:00:00.000000 +00:00
LGA,2013,8,22,11,75.92,68,76.48,300,5.7539,,0,1016.3,10,2013-08-22 15:00:00.000000 +00:00
LGA,2013,8,22,12,78.08,66.92,68.59,330,6.90468,,0,1015.7,10,2013-08-22 16:00:00.000000 +00:00
LGA,2013,8,22,13,77,68,73.78,310,4.60312,,0,1014.8,10,2013-08-22 17:00:00.000000 +00:00
LGA,2013,8,22,14,75.2,71.06,87.5,310,8.05546,,0.07,,6,2013-08-22 18:00:00.000000 +00:00
LGA,2013,8,22,15,75.92,69.98,83.32,200,8.05546,,0.05,,9,2013-08-22 19:00:00.000000 +00:00
LGA,2013,8,22,16,77,69.98,78.96,250,4.60312,,0,1012.7,10,2013-08-22 20:00:00.000000 +00:00
LGA,2013,8,22,17,78.08,66.92,68.59,210,8.05546,,0,1012.1,10,2013-08-22 21:00:00.000000 +00:00
LGA,2013,8,22,18,75.92,66.92,73.68,210,8.05546,,0,1011.9,10,2013-08-22 22:00:00.000000 +00:00
LGA,2013,8,22,19,75.2,68,78.34,210,10.35702,,0,,10,2013-08-22 23:00:00.000000 +00:00
LGA,2013,8,22,22,75.02,69.98,84.34,220,6.90468,,0,1011.7,9,2013-08-23 02:00:00.000000 +00:00
LGA,2013,8,22,23,75.02,69.98,84.34,250,9.20624,,0,1011.7,7,2013-08-23 03:00:00.000000 +00:00
LGA,2013,8,23,0,75.92,66.02,71.42,310,9.20624,,0,1011.5,10,2013-08-23 04:00:00.000000 +00:00
LGA,2013,8,23,1,73.94,64.94,73.49,310,9.20624,,0,1011.5,10,2013-08-23 05:00:00.000000 +00:00
LGA,2013,8,23,2,73.94,64.94,73.49,320,10.35702,,0,1011.4,10,2013-08-23 06:00:00.000000 +00:00
LGA,2013,8,23,3,73.94,64.94,73.49,330,10.35702,,0,1011.6,10,2013-08-23 07:00:00.000000 +00:00
LGA,2013,8,23,4,73.04,64.94,75.75,330,8.05546,,0,1011.9,10,2013-08-23 08:00:00.000000 +00:00
LGA,2013,8,23,5,73.04,64.94,75.75,330,5.7539,,0,1012.8,9,2013-08-23 09:00:00.000000 +00:00
LGA,2013,8,23,6,71.96,64.94,78.57,350,5.7539,,0,1013.5,8,2013-08-23 10:00:00.000000 +00:00
LGA,2013,8,23,7,73.04,59,61.41,360,10.35702,,0,1014.3,10,2013-08-23 11:00:00.000000 +00:00
LGA,2013,8,23,8,73.94,60.08,61.92,360,10.35702,,0,1014.5,10,2013-08-23 12:00:00.000000 +00:00
LGA,2013,8,23,9,75.02,55.94,51.47,350,17.2617,24.16638,0,1015,10,2013-08-23 13:00:00.000000 +00:00
LGA,2013,8,23,10,77,53.06,43.38,340,17.2617,21.86482,0,1014.9,10,2013-08-23 14:00:00.000000 +00:00
LGA,2013,8,23,11,80.06,50,35.03,350,17.2617,21.86482,0,1014.9,10,2013-08-23 15:00:00.000000 +00:00
LGA,2013,8,23,12,80.96,50,34.01,350,12.65858,,0,1015,10,2013-08-23 16:00:00.000000 +00:00
LGA,2013,8,23,13,80.06,48.92,33.65,340,16.11092,24.16638,0,1015.1,10,2013-08-23 17:00:00.000000 +00:00
LGA,2013,8,23,14,78.98,51.98,39.05,360,11.5078,,0,1015.4,10,2013-08-23 18:00:00.000000 +00:00
LGA,2013,8,23,15,78.98,53.06,40.64,30,11.5078,,0,1015,10,2013-08-23 19:00:00.000000 +00:00
LGA,2013,8,23,16,78.98,53.06,40.64,30,12.65858,20.71404,0,1015.3,10,2013-08-23 20:00:00.000000 +00:00
LGA,2013,8,23,17,78.08,55.04,45,10,6.90468,,0,1015.3,10,2013-08-23 21:00:00.000000 +00:00
LGA,2013,8,23,18,78.08,53.06,41.86,30,6.90468,,0,1015.9,10,2013-08-23 22:00:00.000000 +00:00
LGA,2013,8,23,19,75.92,53.06,44.97,20,9.20624,,0,1016.7,10,2013-08-23 23:00:00.000000 +00:00
LGA,2013,8,23,20,75.02,53.06,46.34,10,8.05546,,0,1017.5,10,2013-08-24 00:00:00.000000 +00:00
LGA,2013,8,23,21,73.94,51.08,44.66,360,9.20624,,0,1018.1,10,2013-08-24 01:00:00.000000 +00:00
LGA,2013,8,23,22,73.04,50,44.23,10,9.20624,,0,1018.5,10,2013-08-24 02:00:00.000000 +00:00
LGA,2013,8,23,23,71.96,51.98,49.36,30,9.20624,,0,1019.2,10,2013-08-24 03:00:00.000000 +00:00
LGA,2013,8,24,0,71.06,53.06,52.95,40,13.80936,,0,1019.8,10,2013-08-24 04:00:00.000000 +00:00
LGA,2013,8,24,1,69.98,51.98,52.8,40,14.96014,,0,1020.3,10,2013-08-24 05:00:00.000000 +00:00
LGA,2013,8,24,2,69.08,48.92,48.6,40,14.96014,,0,1021.1,10,2013-08-24 06:00:00.000000 +00:00
LGA,2013,8,24,3,66.92,48.92,52.35,40,10.35702,,0,1021.9,10,2013-08-24 07:00:00.000000 +00:00
LGA,2013,8,24,4,64.94,48.92,56.08,40,12.65858,,0,1022.2,10,2013-08-24 08:00:00.000000 +00:00
LGA,2013,8,24,5,64.94,48.92,56.08,20,8.05546,,0,1022.8,10,2013-08-24 09:00:00.000000 +00:00
LGA,2013,8,24,6,64.04,48.02,55.95,10,9.20624,,0,1023.6,10,2013-08-24 10:00:00.000000 +00:00
LGA,2013,8,24,7,66.02,48.92,54.01,40,11.5078,,0,1024.4,10,2013-08-24 11:00:00.000000 +00:00
LGA,2013,8,24,8,66.92,48.92,52.35,40,12.65858,,0,1025.1,10,2013-08-24 12:00:00.000000 +00:00
LGA,2013,8,24,9,69.08,50,50.6,40,11.5078,,0,1025.5,10,2013-08-24 13:00:00.000000 +00:00
LGA,2013,8,24,10,71.06,50,47.29,60,11.5078,,0,1025.7,10,2013-08-24 14:00:00.000000 +00:00
LGA,2013,8,24,11,73.04,51.08,46.04,60,10.35702,,0,1025.7,10,2013-08-24 15:00:00.000000 +00:00
LGA,2013,8,24,12,73.94,51.08,44.66,70,9.20624,,0,1025.5,10,2013-08-24 16:00:00.000000 +00:00
LGA,2013,8,24,13,75.92,50,40.16,60,10.35702,,0,1025.6,10,2013-08-24 17:00:00.000000 +00:00
LGA,2013,8,24,14,78.08,46.94,33.34,70,9.20624,,0,1025.6,10,2013-08-24 18:00:00.000000 +00:00
LGA,2013,8,24,15,78.08,44.06,29.89,120,8.05546,,0,1025.4,10,2013-08-24 19:00:00.000000 +00:00
LGA,2013,8,24,16,75.92,53.96,46.47,150,9.20624,,0,1025.3,10,2013-08-24 20:00:00.000000 +00:00
LGA,2013,8,24,17,75.02,53.96,47.89,190,5.7539,,0,1025.6,10,2013-08-24 21:00:00.000000 +00:00
LGA,2013,8,24,18,73.04,53.96,51.18,190,9.20624,,0,1025.8,10,2013-08-24 22:00:00.000000 +00:00
LGA,2013,8,24,19,71.06,55.04,56.93,180,8.05546,,0,1026.1,10,2013-08-24 23:00:00.000000 +00:00
LGA,2013,8,24,20,71.06,55.04,56.93,180,5.7539,,0,1026.8,10,2013-08-25 00:00:00.000000 +00:00
LGA,2013,8,24,21,71.06,55.94,58.82,170,4.60312,,0,1027.1,10,2013-08-25 01:00:00.000000 +00:00
LGA,2013,8,24,22,69.98,55.94,61.02,180,4.60312,,0,1027.1,10,2013-08-25 02:00:00.000000 +00:00
LGA,2013,8,24,23,69.98,57.02,63.45,0,0,,0,1027.6,10,2013-08-25 03:00:00.000000 +00:00
LGA,2013,8,25,0,69.98,55.94,61.02,200,3.45234,,0,1027.3,10,2013-08-25 04:00:00.000000 +00:00
LGA,2013,8,25,1,69.08,55.04,60.91,190,3.45234,,0,1026.9,10,2013-08-25 05:00:00.000000 +00:00
LGA,2013,8,25,2,69.08,55.94,62.93,0,0,,0,1026.8,10,2013-08-25 06:00:00.000000 +00:00
LGA,2013,8,25,3,68,57.02,67.91,0,0,,0,1026.8,10,2013-08-25 07:00:00.000000 +00:00
LGA,2013,8,25,4,68,57.02,67.91,300,3.45234,,0,1027.4,10,2013-08-25 08:00:00.000000 +00:00
LGA,2013,8,25,5,68,55.94,65.31,300,4.60312,,0,1027.9,10,2013-08-25 09:00:00.000000 +00:00
LGA,2013,8,25,6,68,55.04,63.21,280,4.60312,,0,1028.3,10,2013-08-25 10:00:00.000000 +00:00
LGA,2013,8,25,7,69.08,53.96,58.56,290,4.60312,,0,1029,10,2013-08-25 11:00:00.000000 +00:00
LGA,2013,8,25,8,71.96,53.96,53.08,280,5.7539,,0,1028.8,10,2013-08-25 12:00:00.000000 +00:00
LGA,2013,8,25,9,73.04,55.04,53.24,320,6.90468,,0,1028.9,10,2013-08-25 13:00:00.000000 +00:00
LGA,2013,8,25,10,75.92,53.96,46.47,300,5.7539,,0,1028.5,10,2013-08-25 14:00:00.000000 +00:00
LGA,2013,8,25,11,78.98,51.08,37.78,340,3.45234,,0,1027.9,10,2013-08-25 15:00:00.000000 +00:00
LGA,2013,8,25,12,80.06,46.94,31.24,330,3.45234,,0,1027.1,10,2013-08-25 16:00:00.000000 +00:00
LGA,2013,8,25,13,82.04,46.94,29.28,330,6.90468,,0,1026.8,10,2013-08-25 17:00:00.000000 +00:00
LGA,2013,8,25,14,82.94,46.94,28.44,240,6.90468,,0,1026.1,10,2013-08-25 18:00:00.000000 +00:00
LGA,2013,8,25,15,82.94,48.02,29.62,210,11.5078,,0,1025.7,10,2013-08-25 19:00:00.000000 +00:00
LGA,2013,8,25,16,82.94,46.94,28.44,260,8.05546,,0,1025.1,10,2013-08-25 20:00:00.000000 +00:00
LGA,2013,8,25,17,82.04,48.02,30.5,210,11.5078,,0,1024.5,10,2013-08-25 21:00:00.000000 +00:00
LGA,2013,8,25,18,77,51.08,40.33,180,16.11092,20.71404,0,1023.9,10,2013-08-25 22:00:00.000000 +00:00
LGA,2013,8,25,19,75.02,51.98,44.53,180,11.5078,,0,1024,10,2013-08-25 23:00:00.000000 +00:00
LGA,2013,8,25,20,75.02,51.98,44.53,190,11.5078,,0,1024.1,10,2013-08-26 00:00:00.000000 +00:00
LGA,2013,8,25,21,73.94,50,42.91,220,10.35702,,0,1024.3,10,2013-08-26 01:00:00.000000 +00:00
LGA,2013,8,25,22,73.04,51.08,46.04,210,11.5078,,0,1024.1,10,2013-08-26 02:00:00.000000 +00:00
LGA,2013,8,25,23,73.04,51.98,47.59,220,10.35702,,0,1023.7,10,2013-08-26 03:00:00.000000 +00:00
LGA,2013,8,26,0,71.96,53.06,51.36,230,6.90468,,0,1023.7,10,2013-08-26 04:00:00.000000 +00:00
LGA,2013,8,26,1,71.06,53.06,52.95,230,9.20624,,0,1023.5,10,2013-08-26 05:00:00.000000 +00:00
LGA,2013,8,26,2,71.06,53.06,52.95,240,13.80936,,0,1023.1,10,2013-08-26 06:00:00.000000 +00:00
LGA,2013,8,26,3,71.06,53.06,52.95,210,5.7539,,0,1022.3,10,2013-08-26 07:00:00.000000 +00:00
LGA,2013,8,26,4,69.98,53.96,56.78,230,10.35702,,0,1022.1,10,2013-08-26 08:00:00.000000 +00:00
LGA,2013,8,26,5,69.98,53.96,56.78,230,10.35702,,0,1021.7,10,2013-08-26 09:00:00.000000 +00:00
LGA,2013,8,26,6,69.98,53.06,54.94,230,11.5078,,0,1021.6,10,2013-08-26 10:00:00.000000 +00:00
LGA,2013,8,26,7,69.98,53.96,56.78,230,6.90468,,0,1021.3,10,2013-08-26 11:00:00.000000 +00:00
LGA,2013,8,26,8,71.06,55.04,56.93,230,8.05546,,0,1021,10,2013-08-26 12:00:00.000000 +00:00
LGA,2013,8,26,9,73.04,55.04,53.24,230,9.20624,,0,1020.7,10,2013-08-26 13:00:00.000000 +00:00
LGA,2013,8,26,10,75.92,55.94,49.95,240,11.5078,,0,1020.1,10,2013-08-26 14:00:00.000000 +00:00
LGA,2013,8,26,11,77,57.02,50.11,230,10.35702,,0,1019.1,10,2013-08-26 15:00:00.000000 +00:00
LGA,2013,8,26,12,80.06,57.92,46.79,260,12.65858,20.71404,0,1018.4,10,2013-08-26 16:00:00.000000 +00:00
LGA,2013,8,26,13,82.04,59,45.6,240,11.5078,,0,1017.4,10,2013-08-26 17:00:00.000000 +00:00
LGA,2013,8,26,14,84.02,59,42.77,220,11.5078,,0,1016,10,2013-08-26 18:00:00.000000 +00:00
LGA,2013,8,26,15,82.94,60.08,46.03,270,13.80936,,0,1015.6,10,2013-08-26 19:00:00.000000 +00:00
LGA,2013,8,26,16,82.04,60.98,48.93,230,13.80936,21.86482,0,1015.1,10,2013-08-26 20:00:00.000000 +00:00
LGA,2013,8,26,17,82.04,60.98,48.93,250,11.5078,,0,1015,10,2013-08-26 21:00:00.000000 +00:00
LGA,2013,8,26,18,82.04,62.06,50.84,260,8.05546,,0,1014.2,10,2013-08-26 22:00:00.000000 +00:00
LGA,2013,8,26,19,82.04,62.96,52.47,240,6.90468,,0,1014.2,10,2013-08-26 23:00:00.000000 +00:00
LGA,2013,8,26,20,80.96,62.96,54.35,220,9.20624,,0,1014.1,10,2013-08-27 00:00:00.000000 +00:00
LGA,2013,8,26,21,80.06,64.94,59.99,230,8.05546,,0,1014.3,10,2013-08-27 01:00:00.000000 +00:00
LGA,2013,8,26,22,78.08,66.02,66.48,260,10.35702,,0,1013.7,10,2013-08-27 02:00:00.000000 +00:00
LGA,2013,8,26,23,75.92,66.92,73.68,240,5.7539,,0,1012.9,10,2013-08-27 03:00:00.000000 +00:00
LGA,2013,8,27,0,75.92,66.02,71.42,230,10.35702,20.71404,0,1012.1,10,2013-08-27 04:00:00.000000 +00:00
LGA,2013,8,27,1,75.92,64.94,68.78,240,13.80936,23.0156,0,1011.3,10,2013-08-27 05:00:00.000000 +00:00
LGA,2013,8,27,2,73.94,66.92,78.72,240,12.65858,,0,1010.9,9,2013-08-27 06:00:00.000000 +00:00
LGA,2013,8,27,3,73.94,66.92,78.72,220,11.5078,,0.01,1009.9,10,2013-08-27 07:00:00.000000 +00:00
LGA,2013,8,27,4,75.02,66.02,73.59,240,11.5078,18.41248,0,1009.6,10,2013-08-27 08:00:00.000000 +00:00
LGA,2013,8,27,5,73.94,66.02,76.31,260,11.5078,18.41248,0,1009.6,10,2013-08-27 09:00:00.000000 +00:00
LGA,2013,8,27,6,73.94,66.2,78.19,320,14.96014,,0,,10,2013-08-27 10:00:00.000000 +00:00
LGA,2013,8,27,7,73.04,66.02,78.65,320,17.2617,20.71404,0,1010.7,10,2013-08-27 11:00:00.000000 +00:00
LGA,2013,8,27,8,73.04,66.02,78.65,320,16.11092,21.86482,0,1011.1,10,2013-08-27 12:00:00.000000 +00:00
LGA,2013,8,27,9,75.02,66.2,78.19,340,20.71404,,0,,10,2013-08-27 13:00:00.000000 +00:00
LGA,2013,8,27,10,77,66.02,68.9,360,14.96014,20.71404,0,1011.5,10,2013-08-27 14:00:00.000000 +00:00
LGA,2013,8,27,11,78.98,64.94,62.16,350,18.41248,24.16638,0,1011.6,10,2013-08-27 15:00:00.000000 +00:00
LGA,2013,8,27,12,80.96,64.94,58.25,340,18.41248,21.86482,0,1011.6,10,2013-08-27 16:00:00.000000 +00:00
LGA,2013,8,27,13,82.94,64.04,52.93,340,14.96014,21.86482,0,1011.5,10,2013-08-27 17:00:00.000000 +00:00
LGA,2013,8,27,14,84.02,62.96,49.22,360,13.80936,18.41248,0,1010.9,10,2013-08-27 18:00:00.000000 +00:00
LGA,2013,8,27,15,84.92,62.06,46.32,360,10.35702,,0,1010.5,10,2013-08-27 19:00:00.000000 +00:00
LGA,2013,8,27,16,84.92,62.96,47.82,10,9.20624,,0,1010.4,10,2013-08-27 20:00:00.000000 +00:00
LGA,2013,8,27,17,84.92,64.04,49.66,360,6.90468,,0,1010.6,10,2013-08-27 21:00:00.000000 +00:00
LGA,2013,8,27,18,82.94,64.94,54.63,10,6.90468,,0,1010.6,10,2013-08-27 22:00:00.000000 +00:00
LGA,2013,8,27,19,80.96,64.94,58.25,20,5.7539,,0,1011.2,10,2013-08-27 23:00:00.000000 +00:00
LGA,2013,8,27,20,80.96,64.94,58.25,50,5.7539,,0,1011.5,10,2013-08-28 00:00:00.000000 +00:00
LGA,2013,8,27,21,80.96,62.96,54.35,0,0,,0,1011.8,10,2013-08-28 01:00:00.000000 +00:00
LGA,2013,8,27,22,80.06,64.04,58.14,0,0,,0,1012.5,10,2013-08-28 02:00:00.000000 +00:00
LGA,2013,8,27,23,80.06,64.04,58.14,0,0,,0,1012.3,10,2013-08-28 03:00:00.000000 +00:00
LGA,2013,8,28,0,78.98,64.94,62.16,0,0,,0,1012.2,10,2013-08-28 04:00:00.000000 +00:00
LGA,2013,8,28,1,78.08,66.02,66.48,0,0,,0,1011.5,10,2013-08-28 05:00:00.000000 +00:00
LGA,2013,8,28,2,78.08,64.94,64.03,0,0,,0,1011.2,10,2013-08-28 06:00:00.000000 +00:00
LGA,2013,8,28,3,77,64.94,66.36,0,0,,0,1010.8,10,2013-08-28 07:00:00.000000 +00:00
LGA,2013,8,28,4,73.94,66.92,78.72,0,0,,0,1010.9,10,2013-08-28 08:00:00.000000 +00:00
LGA,2013,8,28,5,73.04,68,84.22,70,3.45234,,0,1011.2,10,2013-08-28 09:00:00.000000 +00:00
LGA,2013,8,28,6,73.04,68,84.22,40,6.90468,,0,1011.7,10,2013-08-28 10:00:00.000000 +00:00
LGA,2013,8,28,7,75.02,68,78.81,40,4.60312,,0,1011.9,10,2013-08-28 11:00:00.000000 +00:00
LGA,2013,8,28,8,75.92,68,76.48,50,8.05546,,0,1011.5,10,2013-08-28 12:00:00.000000 +00:00
LGA,2013,8,28,9,78.98,68,69.11,50,10.35702,,0,1011.6,10,2013-08-28 13:00:00.000000 +00:00
LGA,2013,8,28,10,82.04,66.92,60.25,40,9.20624,,0,1011.5,10,2013-08-28 14:00:00.000000 +00:00
LGA,2013,8,28,11,82.04,66.92,60.25,50,9.20624,,0,1011.1,10,2013-08-28 15:00:00.000000 +00:00
LGA,2013,8,28,12,82.04,64.94,56.24,190,8.05546,,0,1011.1,10,2013-08-28 16:00:00.000000 +00:00
LGA,2013,8,28,13,75.92,69.98,83.32,,4.60312,,0.09,,7,2013-08-28 17:00:00.000000 +00:00
LGA,2013,8,28,14,78.98,68,69.11,,3.45234,,0,1011.4,10,2013-08-28 18:00:00.000000 +00:00
LGA,2013,8,28,15,75.92,69.98,81.85,330,4.60312,,0,1011,7,2013-08-28 19:00:00.000000 +00:00
LGA,2013,8,28,16,75.92,69.98,81.85,340,3.45234,,0.01,1010.9,7,2013-08-28 20:00:00.000000 +00:00
LGA,2013,8,28,17,77,69.98,78.96,0,0,,0,1010.8,8,2013-08-28 21:00:00.000000 +00:00
LGA,2013,8,28,18,77,69.08,76.57,0,0,,0,1010.9,8,2013-08-28 22:00:00.000000 +00:00
LGA,2013,8,28,19,77,69.98,78.96,50,8.05546,,0,1011.2,9,2013-08-28 23:00:00.000000 +00:00
LGA,2013,8,28,20,75.92,69.08,79.37,50,6.90468,,0,1011.5,10,2013-08-29 00:00:00.000000 +00:00
LGA,2013,8,28,21,75.02,69.08,81.79,60,6.90468,,0,1012.1,10,2013-08-29 01:00:00.000000 +00:00
LGA,2013,11,10,17,50,32,49.81,270,16.11092,26.46794,0,1014.5,10,2013-11-10 22:00:00.000000 +00:00
LGA,2013,8,28,22,73.94,69.98,87.45,80,4.60312,,0,1012,10,2013-08-29 02:00:00.000000 +00:00
LGA,2013,8,28,23,73.94,69.08,84.8,80,3.45234,,0,1011.9,9,2013-08-29 03:00:00.000000 +00:00
LGA,2013,8,29,0,73.04,69.08,87.41,30,3.45234,,0,1012.2,8,2013-08-29 04:00:00.000000 +00:00
LGA,2013,8,29,1,73.04,69.08,87.41,40,5.7539,,0,1012.2,9,2013-08-29 05:00:00.000000 +00:00
LGA,2013,8,29,2,73.04,69.08,87.41,50,6.90468,,0,1012.5,8,2013-08-29 06:00:00.000000 +00:00
LGA,2013,8,29,3,71.96,69.8,94.06,100,4.60312,,0,,9,2013-08-29 07:00:00.000000 +00:00
LGA,2013,8,29,4,71.96,66.92,84.16,60,5.7539,,0,1013.1,7,2013-08-29 08:00:00.000000 +00:00
LGA,2013,8,29,5,71.96,66.92,84.16,70,8.05546,,0,1013.6,9,2013-08-29 09:00:00.000000 +00:00
LGA,2013,8,29,6,73.04,66.2,83.09,50,8.05546,,0,,10,2013-08-29 10:00:00.000000 +00:00
LGA,2013,8,29,7,71.96,66.02,81.57,110,9.20624,,0,1014.8,10,2013-08-29 11:00:00.000000 +00:00
LGA,2013,8,29,8,71.96,66.02,81.57,70,8.05546,,0,1015.4,8,2013-08-29 12:00:00.000000 +00:00
LGA,2013,8,29,9,73.04,66.2,83.09,80,11.5078,,0,,10,2013-08-29 13:00:00.000000 +00:00
LGA,2013,8,29,10,73.04,64.94,75.75,50,10.35702,,0,1016.1,10,2013-08-29 14:00:00.000000 +00:00
LGA,2013,8,29,11,77,64.94,69.14,50,16.11092,,0,,10,2013-08-29 15:00:00.000000 +00:00
LGA,2013,8,29,12,75.92,62.96,64.17,50,12.65858,,0,1016.1,10,2013-08-29 16:00:00.000000 +00:00
LGA,2013,8,29,13,78.08,62.06,57.87,50,12.65858,,0,1016.1,10,2013-08-29 17:00:00.000000 +00:00
LGA,2013,8,29,14,78.08,62.06,57.87,60,13.80936,,0,1015.8,10,2013-08-29 18:00:00.000000 +00:00
LGA,2013,8,29,15,78.08,62.96,59.74,60,10.35702,,0,1015.6,10,2013-08-29 19:00:00.000000 +00:00
LGA,2013,8,29,16,78.08,62.96,59.74,50,11.5078,,0,1015.6,10,2013-08-29 20:00:00.000000 +00:00
LGA,2013,8,29,17,78.08,62.96,59.74,50,8.05546,,0,1015.7,10,2013-08-29 21:00:00.000000 +00:00
LGA,2013,8,29,18,75.92,62.06,62.17,40,8.05546,,0,1015.8,10,2013-08-29 22:00:00.000000 +00:00
LGA,2013,8,29,19,75.92,62.96,64.17,50,8.05546,,0,1016.2,10,2013-08-29 23:00:00.000000 +00:00
LGA,2013,8,29,20,73.94,64.94,73.49,170,9.20624,,0,1016.5,10,2013-08-30 00:00:00.000000 +00:00
LGA,2013,8,29,21,73.94,64.94,73.49,130,10.35702,,0,1016.6,10,2013-08-30 01:00:00.000000 +00:00
LGA,2013,8,29,22,71.96,64.04,76.13,160,5.7539,,0,1016.7,10,2013-08-30 02:00:00.000000 +00:00
LGA,2013,8,29,23,71.06,64.04,78.49,170,6.90468,,0,1016.7,10,2013-08-30 03:00:00.000000 +00:00
LGA,2013,8,30,0,71.6,62.96,75.57,180,8.05546,,0,,10,2013-08-30 04:00:00.000000 +00:00
LGA,2013,8,30,1,69.98,62.96,78.41,130,9.20624,,0,1016.2,10,2013-08-30 05:00:00.000000 +00:00
LGA,2013,8,30,2,69.98,62.06,75.96,180,8.05546,,0,1016.1,10,2013-08-30 06:00:00.000000 +00:00
LGA,2013,8,30,3,69.98,62.96,78.41,170,5.7539,,0,1016,10,2013-08-30 07:00:00.000000 +00:00
LGA,2013,8,30,4,69.98,62.96,78.41,180,6.90468,,0,1015.6,10,2013-08-30 08:00:00.000000 +00:00
LGA,2013,8,30,5,69.98,62.96,78.41,210,5.7539,,0,1016,10,2013-08-30 09:00:00.000000 +00:00
LGA,2013,8,30,6,71.06,62.96,75.57,210,8.05546,,0,1016.1,10,2013-08-30 10:00:00.000000 +00:00
LGA,2013,8,30,7,71.06,62.96,75.57,220,10.35702,,0,1016.1,10,2013-08-30 11:00:00.000000 +00:00
LGA,2013,8,30,8,71.96,62.96,73.3,220,9.20624,,0,1016,10,2013-08-30 12:00:00.000000 +00:00
LGA,2013,8,30,9,73.04,64.04,73.41,220,9.20624,,0,1015.8,10,2013-08-30 13:00:00.000000 +00:00
LGA,2013,8,30,10,75.02,64.04,68.69,250,8.05546,,0,1015.5,10,2013-08-30 14:00:00.000000 +00:00
LGA,2013,8,30,11,77,64.04,64.3,210,8.05546,,0,1014.7,10,2013-08-30 15:00:00.000000 +00:00
LGA,2013,8,30,12,80.06,62.96,55.97,290,6.90468,17.2617,0,1013.9,10,2013-08-30 16:00:00.000000 +00:00
LGA,2013,8,30,13,80.96,62.96,54.35,280,9.20624,,0,1013.3,10,2013-08-30 17:00:00.000000 +00:00
LGA,2013,8,30,14,82.94,62.96,50.97,290,9.20624,,0,1012.6,10,2013-08-30 18:00:00.000000 +00:00
LGA,2013,8,30,15,84.02,60.98,45.9,270,10.35702,,0,1012,10,2013-08-30 19:00:00.000000 +00:00
LGA,2013,8,30,16,84.92,62.06,46.32,260,9.20624,,0,1011.7,10,2013-08-30 20:00:00.000000 +00:00
LGA,2013,8,30,17,84.92,62.96,47.82,240,8.05546,,0,1011.3,10,2013-08-30 21:00:00.000000 +00:00
LGA,2013,8,30,18,82.94,64.04,52.93,230,11.5078,,0,1011,10,2013-08-30 22:00:00.000000 +00:00
LGA,2013,8,30,19,82.04,64.94,56.24,230,10.35702,,0,1010.9,10,2013-08-30 23:00:00.000000 +00:00
LGA,2013,8,30,20,80.06,68,66.7,220,8.05546,,0,1011.2,10,2013-08-31 00:00:00.000000 +00:00
LGA,2013,8,30,21,78.98,68,69.11,220,10.35702,,0,1011.5,9,2013-08-31 01:00:00.000000 +00:00
LGA,2013,8,30,22,78.08,68,71.19,220,12.65858,,0,1011.8,10,2013-08-31 02:00:00.000000 +00:00
LGA,2013,8,30,23,77,68,73.78,220,11.5078,,0,1011.6,10,2013-08-31 03:00:00.000000 +00:00
LGA,2013,8,31,0,75.92,66.92,73.68,220,13.80936,,0,1011.2,10,2013-08-31 04:00:00.000000 +00:00
LGA,2013,8,31,1,75.02,68,78.81,230,9.20624,,0,1011.1,10,2013-08-31 05:00:00.000000 +00:00
LGA,2013,8,31,2,75.02,68,78.81,220,11.5078,,0,1010.8,10,2013-08-31 06:00:00.000000 +00:00
LGA,2013,8,31,3,73.94,66.92,78.72,220,10.35702,,0,1011,10,2013-08-31 07:00:00.000000 +00:00
LGA,2013,8,31,4,73.04,66.92,81.14,230,12.65858,,0,1010.7,10,2013-08-31 08:00:00.000000 +00:00
LGA,2013,8,31,5,73.4,66.92,81.14,240,13.80936,,0,,10,2013-08-31 09:00:00.000000 +00:00
LGA,2013,8,31,6,73.94,66.92,78.72,220,9.20624,,0,,10,2013-08-31 10:00:00.000000 +00:00
LGA,2013,8,31,7,73.94,68,81.71,230,10.35702,,0,1010.8,9,2013-08-31 11:00:00.000000 +00:00
LGA,2013,8,31,8,75.92,68,76.48,230,9.20624,,0,1010.9,9,2013-08-31 12:00:00.000000 +00:00
LGA,2013,8,31,9,75.92,68,78.34,220,11.5078,,0,,9,2013-08-31 13:00:00.000000 +00:00
LGA,2013,8,31,10,78.08,68,71.19,,6.90468,,0,1011,9,2013-08-31 14:00:00.000000 +00:00
LGA,2013,8,31,11,78.98,68,69.11,230,6.90468,,0,1010.7,8,2013-08-31 15:00:00.000000 +00:00
LGA,2013,8,31,12,82.4,69.8,65.74,230,9.20624,,0,,9,2013-08-31 16:00:00.000000 +00:00
LGA,2013,8,31,13,84.02,69.08,60.87,220,10.35702,,0,1010.1,10,2013-08-31 17:00:00.000000 +00:00
LGA,2013,8,31,14,84.02,69.08,60.87,,6.90468,,0,1009.6,10,2013-08-31 18:00:00.000000 +00:00
LGA,2013,8,31,15,84.02,69.98,62.77,160,14.96014,,0,1009.2,10,2013-08-31 19:00:00.000000 +00:00
LGA,2013,8,31,16,84.02,69.98,62.77,160,8.05546,,0,1008.7,10,2013-08-31 20:00:00.000000 +00:00
LGA,2013,8,31,17,84.02,69.98,62.77,170,9.20624,,0,1008.9,10,2013-08-31 21:00:00.000000 +00:00
LGA,2013,8,31,18,84.02,69.98,62.77,170,9.20624,,0,1008.7,10,2013-08-31 22:00:00.000000 +00:00
LGA,2013,8,31,19,84.92,69.08,59.14,230,11.5078,,0,1009.3,10,2013-08-31 23:00:00.000000 +00:00
LGA,2013,8,31,20,80.96,69.98,69.32,180,12.65858,,0,1009.2,10,2013-09-01 00:00:00.000000 +00:00
LGA,2013,8,31,21,80.06,69.98,71.39,190,9.20624,,0,1010.1,10,2013-09-01 01:00:00.000000 +00:00
LGA,2013,8,31,22,80.06,69.98,71.39,210,13.80936,,0,1010.2,10,2013-09-01 02:00:00.000000 +00:00
LGA,2013,8,31,23,80.06,69.98,71.39,220,11.5078,,0,1010,10,2013-09-01 03:00:00.000000 +00:00
LGA,2013,9,1,0,80.06,69.08,69.23,210,9.20624,,0,1010.1,10,2013-09-01 04:00:00.000000 +00:00
LGA,2013,9,1,1,78.98,69.08,71.72,220,9.20624,,0,1009.5,10,2013-09-01 05:00:00.000000 +00:00
LGA,2013,12,9,12,37.4,35.6,93.14,20,8.05546,,0,,3,2013-12-09 17:00:00.000000 +00:00
LGA,2013,9,1,2,78.08,69.08,73.88,180,8.05546,,0,1009.7,10,2013-09-01 06:00:00.000000 +00:00
LGA,2013,9,1,3,77,69.08,76.57,200,10.35702,,0,1009,10,2013-09-01 07:00:00.000000 +00:00
LGA,2013,9,1,4,77,69.8,78.48,220,9.20624,,0,,10,2013-09-01 08:00:00.000000 +00:00
LGA,2013,9,1,5,75.2,69.8,83.32,220,5.7539,,0,,10,2013-09-01 09:00:00.000000 +00:00
LGA,2013,9,1,6,75.92,69.08,79.37,210,5.7539,,0,1010.4,8,2013-09-01 10:00:00.000000 +00:00
LGA,2013,9,1,7,75.92,69.98,83.32,200,6.90468,,0,,10,2013-09-01 11:00:00.000000 +00:00
LGA,2013,9,1,8,78.08,69.98,78.48,200,6.90468,,0,,10,2013-09-01 12:00:00.000000 +00:00
LGA,2013,9,1,9,78.8,69.98,76.19,170,8.05546,,0,,10,2013-09-01 13:00:00.000000 +00:00
LGA,2013,9,1,10,78.8,71.06,81.92,180,10.35702,,0,,8,2013-09-01 14:00:00.000000 +00:00
LGA,2013,9,1,11,80.06,69.98,71.39,170,4.60312,,0,1010.8,7,2013-09-01 15:00:00.000000 +00:00
LGA,2013,9,1,12,82.4,69.98,66.93,190,8.05546,,0,,8,2013-09-01 16:00:00.000000 +00:00
LGA,2013,9,1,13,84.02,69.08,60.87,170,9.20624,,0,1009.9,10,2013-09-01 17:00:00.000000 +00:00
LGA,2013,9,1,14,84.02,69.98,62.77,190,10.35702,,0,1009.5,10,2013-09-01 18:00:00.000000 +00:00
LGA,2013,9,1,15,84.2,69.98,66.93,160,12.65858,18.41248,0,,10,2013-09-01 19:00:00.000000 +00:00
LGA,2013,9,1,16,82.04,71.06,69.43,170,10.35702,,0,1009.3,10,2013-09-01 20:00:00.000000 +00:00
LGA,2013,9,1,17,78.08,71.06,79.05,160,11.5078,,0,1009.5,10,2013-09-01 21:00:00.000000 +00:00
LGA,2013,9,1,18,78.98,71.06,76.74,160,11.5078,,0,1009.2,10,2013-09-01 22:00:00.000000 +00:00
LGA,2013,9,1,19,75.92,71.06,84.92,170,9.20624,,0,1009.2,10,2013-09-01 23:00:00.000000 +00:00
LGA,2013,9,1,20,78.08,71.96,81.5,,5.7539,,0,1009.8,10,2013-09-02 00:00:00.000000 +00:00
LGA,2013,9,1,21,77,71.06,81.92,150,9.20624,,0,1010.3,10,2013-09-02 01:00:00.000000 +00:00
LGA,2013,9,1,22,75.92,71.6,88.59,160,9.20624,,0,,10,2013-09-02 02:00:00.000000 +00:00
LGA,2013,9,1,23,75.2,71.96,90.22,180,8.05546,,0,,8,2013-09-02 03:00:00.000000 +00:00
LGA,2013,9,2,0,75.02,71.96,90.22,160,8.05546,,0,1009,7,2013-09-02 04:00:00.000000 +00:00
LGA,2013,9,2,1,75.02,71.96,90.22,150,5.7539,,0,1009,7,2013-09-02 05:00:00.000000 +00:00
LGA,2013,9,2,2,75.02,71.96,90.22,170,5.7539,,0,1008.6,6,2013-09-02 06:00:00.000000 +00:00
LGA,2013,9,2,3,75.92,71.96,88.59,150,6.90468,,0,,6,2013-09-02 07:00:00.000000 +00:00
LGA,2013,9,2,4,75.92,71.96,87.55,190,3.45234,,0,1007.9,6,2013-09-02 08:00:00.000000 +00:00
LGA,2013,9,2,5,75.92,71.96,87.55,130,4.60312,,0,1008.1,6,2013-09-02 09:00:00.000000 +00:00
LGA,2013,9,2,6,75.92,71.06,84.92,0,0,,0,1008.1,6,2013-09-02 10:00:00.000000 +00:00
LGA,2013,9,2,7,75.92,71.96,88.59,140,5.7539,,0,,5,2013-09-02 11:00:00.000000 +00:00
LGA,2013,9,2,8,78.08,71.06,79.05,,4.60312,,0,1008.4,5,2013-09-02 12:00:00.000000 +00:00
LGA,2013,9,2,9,78.98,71.06,76.74,50,3.45234,,0,1008.2,6,2013-09-02 13:00:00.000000 +00:00
LGA,2013,9,2,10,78.98,71.06,76.74,50,8.05546,,0,1008.2,6,2013-09-02 14:00:00.000000 +00:00
LGA,2013,9,2,11,80.6,71.96,76.36,60,9.20624,,0,,7,2013-09-02 15:00:00.000000 +00:00
LGA,2013,9,2,12,80.6,71.6,79.37,170,13.80936,,0.04,,8,2013-09-02 16:00:00.000000 +00:00
LGA,2013,9,2,13,73.94,66.2,83.09,,9.20624,,0.82,,5,2013-09-02 17:00:00.000000 +00:00
LGA,2013,9,2,14,75.02,69.08,81.79,240,4.60312,,0.01,1007.4,6,2013-09-02 18:00:00.000000 +00:00
LGA,2013,9,2,15,77,71.96,84.46,230,5.7539,,0.02,1006.8,5,2013-09-02 19:00:00.000000 +00:00
LGA,2013,9,2,16,80.06,71.96,76.36,0,0,,0.01,1006.6,5,2013-09-02 20:00:00.000000 +00:00
LGA,2013,9,2,17,80.06,71.06,74.07,0,0,,0,1006.5,7,2013-09-02 21:00:00.000000 +00:00
LGA,2013,9,2,18,80.06,71.06,74.07,0,0,,0,1006.3,8,2013-09-02 22:00:00.000000 +00:00
LGA,2013,9,2,19,77,71.96,84.46,170,8.05546,,0,1006.1,7,2013-09-02 23:00:00.000000 +00:00
LGA,2013,9,2,20,77,71.96,84.46,170,10.35702,,0,1006.3,7,2013-09-03 00:00:00.000000 +00:00
LGA,2013,9,2,21,77,71.06,81.92,220,4.60312,,0,1006.6,9,2013-09-03 01:00:00.000000 +00:00
LGA,2013,9,2,22,75.92,71.06,84.92,230,5.7539,,0,1006.9,10,2013-09-03 02:00:00.000000 +00:00
LGA,2013,9,2,23,75.92,69.98,81.85,200,6.90468,,0,1007,10,2013-09-03 03:00:00.000000 +00:00
LGA,2013,9,3,0,75.92,69.98,81.85,180,3.45234,,0,1007.1,10,2013-09-03 04:00:00.000000 +00:00
LGA,2013,9,3,1,75.2,69.98,84.34,10,8.05546,,0,,10,2013-09-03 05:00:00.000000 +00:00
LGA,2013,9,3,2,75.2,71.6,94.1,110,5.7539,,0.09,,9,2013-09-03 06:00:00.000000 +00:00
LGA,2013,9,3,4,73.04,69.98,90.14,180,8.05546,,0,1006.4,8,2013-09-03 08:00:00.000000 +00:00
LGA,2013,9,3,5,73.4,69.98,90.14,210,5.7539,,0,,6,2013-09-03 09:00:00.000000 +00:00
LGA,2013,9,3,6,73.4,69.98,90.14,190,5.7539,,0,,2,2013-09-03 10:00:00.000000 +00:00
LGA,2013,9,3,7,73.4,71.6,94.1,320,6.90468,,0,,3,2013-09-03 11:00:00.000000 +00:00
LGA,2013,9,3,8,73.4,69.8,88.51,320,8.05546,,0,,3,2013-09-03 12:00:00.000000 +00:00
LGA,2013,9,3,9,73.94,69.98,88.51,350,6.90468,,0,,3,2013-09-03 13:00:00.000000 +00:00
LGA,2013,9,3,10,75.02,66.92,75.93,320,13.80936,,0,1008.4,9,2013-09-03 14:00:00.000000 +00:00
LGA,2013,9,3,11,75.02,62.96,66.13,320,12.65858,,0,1008.5,10,2013-09-03 15:00:00.000000 +00:00
LGA,2013,9,3,12,77,60.8,60.9,330,9.20624,,0,,10,2013-09-03 16:00:00.000000 +00:00
LGA,2013,9,3,13,78.98,57.92,48.48,330,10.35702,,0,1008.4,10,2013-09-03 17:00:00.000000 +00:00
LGA,2013,9,3,14,80.96,57.02,43.99,310,9.20624,16.11092,0,1008,10,2013-09-03 18:00:00.000000 +00:00
LGA,2013,9,3,15,80.96,59,47.23,280,11.5078,,0,1007.5,10,2013-09-03 19:00:00.000000 +00:00
LGA,2013,9,3,16,82.04,53.06,36.77,280,11.5078,19.56326,0,1007.9,10,2013-09-03 20:00:00.000000 +00:00
LGA,2013,9,3,17,80.06,57.02,45.3,300,13.80936,17.2617,0,1008.1,10,2013-09-03 21:00:00.000000 +00:00
LGA,2013,9,3,18,78.98,55.94,45.14,330,11.5078,,0,1008.7,10,2013-09-03 22:00:00.000000 +00:00
LGA,2013,9,3,19,77,53.96,44.84,320,13.80936,,0,1009.5,10,2013-09-03 23:00:00.000000 +00:00
LGA,2013,9,3,20,75.02,55.04,49.81,320,16.11092,,0,1010.4,10,2013-09-04 00:00:00.000000 +00:00
LGA,2013,9,3,21,73.04,55.04,53.24,340,12.65858,,0,1011.2,10,2013-09-04 01:00:00.000000 +00:00
LGA,2013,9,3,22,71.96,55.94,57.05,330,11.5078,,0,1011.9,10,2013-09-04 02:00:00.000000 +00:00
LGA,2013,9,3,23,71.06,55.94,58.82,310,14.96014,,0,1011.9,10,2013-09-04 03:00:00.000000 +00:00
LGA,2013,9,4,0,69.98,55.94,61.02,310,10.35702,,0,1012,10,2013-09-04 04:00:00.000000 +00:00
LGA,2013,9,4,1,69.08,55.94,62.93,310,10.35702,,0,1012.6,10,2013-09-04 05:00:00.000000 +00:00
LGA,2013,9,4,2,68,55.94,65.31,320,11.5078,,0,1012.7,10,2013-09-04 06:00:00.000000 +00:00
LGA,2013,9,4,3,68,55.94,65.31,300,12.65858,,0,1012.9,10,2013-09-04 07:00:00.000000 +00:00
LGA,2013,9,4,4,66.92,55.94,67.79,300,18.41248,23.0156,0,1013.3,10,2013-09-04 08:00:00.000000 +00:00
LGA,2013,9,4,5,66.92,55.94,67.79,300,10.35702,,0,1013.7,10,2013-09-04 09:00:00.000000 +00:00
LGA,2013,9,4,6,66.92,55.94,67.79,310,16.11092,23.0156,0,1014.4,10,2013-09-04 10:00:00.000000 +00:00
LGA,2013,9,4,7,66.92,55.94,67.79,310,12.65858,,0,1015.1,10,2013-09-04 11:00:00.000000 +00:00
LGA,2013,9,4,8,69.08,55.04,60.91,310,13.80936,,0,1015.6,10,2013-09-04 12:00:00.000000 +00:00
LGA,2013,9,4,9,71.06,55.04,56.93,320,10.35702,,0,1015.6,10,2013-09-04 13:00:00.000000 +00:00
LGA,2013,9,4,10,73.04,53.06,49.52,340,9.20624,,0,1015.2,10,2013-09-04 14:00:00.000000 +00:00
LGA,2013,9,4,11,75.02,48.02,38.43,320,9.20624,,0,1014.8,10,2013-09-04 15:00:00.000000 +00:00
LGA,2013,9,4,12,77,48.92,37.21,320,8.05546,,0,1014.8,10,2013-09-04 16:00:00.000000 +00:00
LGA,2013,9,4,13,78.98,48.92,34.86,270,8.05546,,0,1014.5,10,2013-09-04 17:00:00.000000 +00:00
LGA,2013,9,4,14,80.96,50,34.01,290,12.65858,19.56326,0,1014.2,10,2013-09-04 18:00:00.000000 +00:00
LGA,2013,9,4,15,82.04,51.98,35.34,260,11.5078,18.41248,0,1013.9,10,2013-09-04 19:00:00.000000 +00:00
LGA,2013,9,4,16,80.96,53.06,38.08,240,12.65858,,0,1013.8,10,2013-09-04 20:00:00.000000 +00:00
LGA,2013,9,4,17,80.06,53.96,40.54,250,10.35702,19.56326,0,1013.6,10,2013-09-04 21:00:00.000000 +00:00
LGA,2013,9,4,18,80.06,53.96,40.54,250,10.35702,,0,1013.6,10,2013-09-04 22:00:00.000000 +00:00
LGA,2013,9,4,19,78.98,53.96,42,250,11.5078,,0,1013.7,10,2013-09-04 23:00:00.000000 +00:00
LGA,2013,9,4,20,78.08,55.04,45,240,9.20624,,0,1014.1,10,2013-09-05 00:00:00.000000 +00:00
LGA,2013,9,4,21,77,55.04,46.64,250,12.65858,,0,1014.5,10,2013-09-05 01:00:00.000000 +00:00
LGA,2013,9,4,22,77,53.96,44.84,260,12.65858,,0,1014.9,10,2013-09-05 02:00:00.000000 +00:00
LGA,2013,9,4,23,75.92,53.96,46.47,240,9.20624,,0,1014.6,10,2013-09-05 03:00:00.000000 +00:00
LGA,2013,9,5,0,75.92,53.96,46.47,250,9.20624,,0,1014,10,2013-09-05 04:00:00.000000 +00:00
LGA,2013,9,5,1,73.04,55.94,55.01,210,6.90468,,0,1013.6,10,2013-09-05 05:00:00.000000 +00:00
LGA,2013,9,5,2,73.04,55.04,53.24,260,10.35702,,0,1013.6,10,2013-09-05 06:00:00.000000 +00:00
LGA,2013,9,5,3,71.96,55.04,55.22,270,10.35702,,0,1013.3,10,2013-09-05 07:00:00.000000 +00:00
LGA,2013,9,5,4,71.06,55.04,56.93,260,8.05546,,0,1013.3,10,2013-09-05 08:00:00.000000 +00:00
LGA,2013,9,5,5,69.98,55.94,61.02,250,9.20624,,0,1013.6,10,2013-09-05 09:00:00.000000 +00:00
LGA,2013,9,5,6,69.08,57.02,65.44,250,3.45234,,0,1014.3,10,2013-09-05 10:00:00.000000 +00:00
LGA,2013,9,5,7,71.96,55.04,55.22,270,5.7539,,0,1014.6,10,2013-09-05 11:00:00.000000 +00:00
LGA,2013,9,5,8,71.96,55.94,57.05,310,6.90468,,0,1014.9,10,2013-09-05 12:00:00.000000 +00:00
LGA,2013,9,5,9,73.04,57.02,57.2,310,12.65858,,0,1015.2,10,2013-09-05 13:00:00.000000 +00:00
LGA,2013,9,5,10,73.04,57.02,57.2,320,13.80936,,0,1015,10,2013-09-05 14:00:00.000000 +00:00
LGA,2013,9,5,11,73.94,55.94,53.37,300,12.65858,,0,1015,10,2013-09-05 15:00:00.000000 +00:00
LGA,2013,9,5,12,75.92,48.92,38.57,310,10.35702,,0,1015,10,2013-09-05 16:00:00.000000 +00:00
LGA,2013,9,5,13,75.92,44.96,33.22,300,13.80936,19.56326,0,1015.1,10,2013-09-05 17:00:00.000000 +00:00
LGA,2013,9,5,14,77,42.98,29.72,310,11.5078,18.41248,0,1015.5,10,2013-09-05 18:00:00.000000 +00:00
LGA,2013,9,5,15,77,46.04,33.39,310,12.65858,,0,1015.4,10,2013-09-05 19:00:00.000000 +00:00
LGA,2013,9,5,16,75.92,44.96,33.22,360,12.65858,19.56326,0,1015.8,10,2013-09-05 20:00:00.000000 +00:00
LGA,2013,9,5,17,73.94,41,30.49,330,14.96014,20.71404,0,1016.4,10,2013-09-05 21:00:00.000000 +00:00
LGA,2013,9,5,18,73.04,42.08,32.77,320,14.96014,25.31716,0,1017.1,10,2013-09-05 22:00:00.000000 +00:00
LGA,2013,9,5,19,71.06,41,33.61,320,12.65858,,0,1017.9,10,2013-09-05 23:00:00.000000 +00:00
LGA,2013,9,5,20,69.08,42.98,38.81,20,10.35702,,0,1019.1,10,2013-09-06 00:00:00.000000 +00:00
LGA,2013,9,5,21,68,41,37.32,30,11.5078,,0,1019.6,10,2013-09-06 01:00:00.000000 +00:00
LGA,2013,9,5,22,66.92,42.08,40.39,30,9.20624,,0,1020.4,10,2013-09-06 02:00:00.000000 +00:00
LGA,2013,9,5,23,66.02,41,39.96,20,11.5078,,0,1021,10,2013-09-06 03:00:00.000000 +00:00
LGA,2013,9,6,0,64.04,41,42.82,360,12.65858,,0,1021.5,10,2013-09-06 04:00:00.000000 +00:00
LGA,2013,9,6,1,62.06,44.06,51.64,350,6.90468,,0,1021.7,10,2013-09-06 05:00:00.000000 +00:00
LGA,2013,9,6,2,60.98,42.98,51.48,360,10.35702,23.0156,0,1021.8,10,2013-09-06 06:00:00.000000 +00:00
LGA,2013,9,6,3,60.08,44.06,55.39,10,11.5078,,0,1022,10,2013-09-06 07:00:00.000000 +00:00
LGA,2013,9,6,4,57.92,41,53.2,20,9.20624,,0,1022.4,10,2013-09-06 08:00:00.000000 +00:00
LGA,2013,9,6,5,57.02,41,54.95,360,9.20624,,0,1022.8,10,2013-09-06 09:00:00.000000 +00:00
LGA,2013,9,6,6,57.02,41,54.95,360,9.20624,,0,1023.5,10,2013-09-06 10:00:00.000000 +00:00
LGA,2013,9,6,7,57.92,39.92,51.02,20,9.20624,,0,1024.1,10,2013-09-06 11:00:00.000000 +00:00
LGA,2013,9,6,8,60.98,39.92,45.74,50,9.20624,,0,1024.5,10,2013-09-06 12:00:00.000000 +00:00
LGA,2013,9,6,9,62.96,42.08,46.37,30,10.35702,,0,1024.5,10,2013-09-06 13:00:00.000000 +00:00
LGA,2013,9,6,10,64.04,39.02,39.65,70,11.5078,,0,1024.5,10,2013-09-06 14:00:00.000000 +00:00
LGA,2013,9,6,11,66.02,39.92,38.32,50,10.35702,,0,1024.4,10,2013-09-06 15:00:00.000000 +00:00
LGA,2013,9,6,12,66.92,37.94,34.38,0,0,,0,1023.7,10,2013-09-06 16:00:00.000000 +00:00
LGA,2013,9,6,13,68,39.92,35.79,40,4.60312,,0,1023.3,10,2013-09-06 17:00:00.000000 +00:00
LGA,2013,9,6,14,69.08,39.02,33.3,80,5.7539,,0,1022.6,10,2013-09-06 18:00:00.000000 +00:00
LGA,2013,9,6,15,69.98,37.94,30.95,80,6.90468,,0,1021.6,10,2013-09-06 19:00:00.000000 +00:00
LGA,2013,9,6,16,71.06,35.96,27.59,,4.60312,,0,1021.1,10,2013-09-06 20:00:00.000000 +00:00
LGA,2013,9,6,17,69.08,41,35.96,200,4.60312,,0,1021,10,2013-09-06 21:00:00.000000 +00:00
LGA,2013,9,6,18,68,42.08,38.91,180,6.90468,,0,1020.8,10,2013-09-06 22:00:00.000000 +00:00
LGA,2013,9,6,19,66.02,42.98,43.13,170,6.90468,,0,1021.2,10,2013-09-06 23:00:00.000000 +00:00
LGA,2013,9,6,20,66.02,42.98,43.13,170,5.7539,,0,1021.2,10,2013-09-07 00:00:00.000000 +00:00
LGA,2013,9,6,21,64.94,44.96,48.3,170,8.05546,,0,1020.9,10,2013-09-07 01:00:00.000000 +00:00
LGA,2013,9,6,22,64.94,44.96,48.3,190,8.05546,,0,1020.7,10,2013-09-07 02:00:00.000000 +00:00
LGA,2013,9,6,23,64.94,44.96,48.3,210,4.60312,,0,1020.3,10,2013-09-07 03:00:00.000000 +00:00
LGA,2013,9,7,0,64.04,44.06,48.17,220,9.20624,,0,1020.2,10,2013-09-07 04:00:00.000000 +00:00
LGA,2013,9,7,1,62.96,44.96,51.77,230,6.90468,,0,1020.1,10,2013-09-07 05:00:00.000000 +00:00
LGA,2013,9,7,2,62.96,44.06,50.03,230,5.7539,,0,1020.2,10,2013-09-07 06:00:00.000000 +00:00
LGA,2013,9,7,3,62.96,44.96,51.77,240,6.90468,,0,1019.9,10,2013-09-07 07:00:00.000000 +00:00
LGA,2013,9,7,4,62.06,46.04,55.68,230,4.60312,,0,1019.8,10,2013-09-07 08:00:00.000000 +00:00
LGA,2013,9,7,5,62.06,48.02,59.99,230,5.7539,,0,1019.5,10,2013-09-07 09:00:00.000000 +00:00
LGA,2013,9,7,6,60.98,46.94,59.84,230,3.45234,,0,1019.3,10,2013-09-07 10:00:00.000000 +00:00
LGA,2013,9,7,7,64.04,46.94,53.73,250,4.60312,,0,1019.2,10,2013-09-07 11:00:00.000000 +00:00
LGA,2013,9,7,8,66.02,44.06,44.95,230,5.7539,,0,1019,10,2013-09-07 12:00:00.000000 +00:00
LGA,2013,9,7,9,68,42.98,40.28,230,6.90468,,0,1018.7,10,2013-09-07 13:00:00.000000 +00:00
LGA,2013,9,7,10,71.06,42.08,35.04,260,6.90468,,0,1018.7,10,2013-09-07 14:00:00.000000 +00:00
LGA,2013,9,7,11,73.04,39.92,30.14,250,9.20624,,0,1018.3,10,2013-09-07 15:00:00.000000 +00:00
LGA,2013,9,7,12,75.92,42.08,29.76,,4.60312,,0,1016.8,10,2013-09-07 16:00:00.000000 +00:00
LGA,2013,9,7,13,78.08,39.92,25.48,280,5.7539,,0,1015.6,10,2013-09-07 17:00:00.000000 +00:00
LGA,2013,9,7,14,78.08,42.08,27.7,230,8.05546,,0,1014.6,10,2013-09-07 18:00:00.000000 +00:00
LGA,2013,9,7,15,78.08,41,26.57,210,10.35702,,0,1014.5,10,2013-09-07 19:00:00.000000 +00:00
LGA,2013,9,7,16,75.92,50,40.16,160,14.96014,20.71404,0,1013.8,10,2013-09-07 20:00:00.000000 +00:00
LGA,2013,9,7,17,73.94,51.08,44.66,170,14.96014,,0,1013.8,10,2013-09-07 21:00:00.000000 +00:00
LGA,2013,9,7,18,71.96,51.98,49.36,180,11.5078,,0,1013.4,10,2013-09-07 22:00:00.000000 +00:00
LGA,2013,9,7,19,71.06,53.06,52.95,190,8.05546,,0,1013.5,10,2013-09-07 23:00:00.000000 +00:00
LGA,2013,9,7,20,71.96,53.96,53.08,190,8.05546,,0,1013.4,10,2013-09-08 00:00:00.000000 +00:00
LGA,2013,9,7,21,71.06,53.96,54.73,190,6.90468,,0,1013.2,10,2013-09-08 01:00:00.000000 +00:00
LGA,2013,9,7,22,71.96,53.06,51.36,190,8.05546,,0,1012.9,10,2013-09-08 02:00:00.000000 +00:00
LGA,2013,9,7,23,71.96,53.06,51.36,200,8.05546,,0,1012.5,10,2013-09-08 03:00:00.000000 +00:00
LGA,2013,9,8,0,71.06,53.06,52.95,210,6.90468,,0,1012.3,10,2013-09-08 04:00:00.000000 +00:00
LGA,2013,9,8,1,71.96,51.98,49.36,220,10.35702,,0,1011.8,10,2013-09-08 05:00:00.000000 +00:00
LGA,2013,9,8,2,71.06,55.04,56.93,230,5.7539,,0,1011.5,10,2013-09-08 06:00:00.000000 +00:00
LGA,2013,9,8,3,71.06,53.96,54.73,260,5.7539,,0,1010.8,10,2013-09-08 07:00:00.000000 +00:00
LGA,2013,9,8,4,69.98,53.96,56.78,220,5.7539,,0,1010.2,10,2013-09-08 08:00:00.000000 +00:00
LGA,2013,9,8,5,69.98,53.96,56.78,240,5.7539,,0,1010.1,10,2013-09-08 09:00:00.000000 +00:00
LGA,2013,9,8,6,69.98,55.04,59.06,240,8.05546,,0,1009.9,10,2013-09-08 10:00:00.000000 +00:00
LGA,2013,9,8,7,71.06,53.96,54.73,270,8.05546,,0,1010.3,10,2013-09-08 11:00:00.000000 +00:00
LGA,2013,9,8,8,71.96,55.94,57.05,320,9.20624,,0,1010.1,10,2013-09-08 12:00:00.000000 +00:00
LGA,2013,9,8,9,73.04,57.92,59.08,320,9.20624,,0,1010.4,10,2013-09-08 13:00:00.000000 +00:00
LGA,2013,9,8,10,75.92,59,55.77,320,11.5078,,0,1009.8,10,2013-09-08 14:00:00.000000 +00:00
LGA,2013,9,8,11,78.98,60.98,54.08,330,9.20624,,0,1009.9,10,2013-09-08 15:00:00.000000 +00:00
LGA,2013,9,8,12,78.08,60.98,55.7,310,13.80936,,0,1009.9,10,2013-09-08 16:00:00.000000 +00:00
LGA,2013,9,8,13,78.98,59,50.39,310,10.35702,23.0156,0,1009.9,10,2013-09-08 17:00:00.000000 +00:00
LGA,2013,9,8,14,80.06,57.92,46.79,320,14.96014,,0,1010.2,10,2013-09-08 18:00:00.000000 +00:00
LGA,2013,9,8,15,80.06,55.04,42.16,330,17.2617,24.16638,0,1010.6,10,2013-09-08 19:00:00.000000 +00:00
LGA,2013,9,8,16,78.08,51.98,40.23,340,18.41248,,0,1011,10,2013-09-08 20:00:00.000000 +00:00
LGA,2013,9,8,17,78.08,41,26.57,350,17.2617,23.0156,0,1012.1,10,2013-09-08 21:00:00.000000 +00:00
LGA,2013,9,8,18,75.92,44.06,32.1,340,14.96014,,0,1013.2,10,2013-09-08 22:00:00.000000 +00:00
LGA,2013,9,8,19,73.04,42.98,33.92,330,13.80936,,0,1014.4,10,2013-09-08 23:00:00.000000 +00:00
LGA,2013,9,8,20,69.98,44.06,39.22,20,12.65858,21.86482,0,1016,10,2013-09-09 00:00:00.000000 +00:00
LGA,2013,9,8,21,68,44.06,41.98,30,12.65858,,0,1017.2,10,2013-09-09 01:00:00.000000 +00:00
LGA,2013,9,8,22,66.02,42.98,43.13,10,11.5078,,0,1018,10,2013-09-09 02:00:00.000000 +00:00
LGA,2013,9,8,23,64.94,42.08,43.26,360,12.65858,,0,1018.5,10,2013-09-09 03:00:00.000000 +00:00
LGA,2013,9,9,0,62.96,41,44.47,20,11.5078,,0,1018.9,10,2013-09-09 04:00:00.000000 +00:00
LGA,2013,9,9,1,62.06,41,45.91,30,8.05546,,0,1019.6,10,2013-09-09 05:00:00.000000 +00:00
LGA,2013,9,9,2,60.98,42.98,51.48,30,8.05546,,0,1019.8,10,2013-09-09 06:00:00.000000 +00:00
LGA,2013,9,9,3,60.08,44.96,57.33,30,6.90468,,0,1020.7,10,2013-09-09 07:00:00.000000 +00:00
LGA,2013,9,9,4,60.98,44.06,53.65,90,8.05546,,0,1021.3,10,2013-09-09 08:00:00.000000 +00:00
LGA,2013,9,9,5,59,44.96,59.58,20,3.45234,,0,1022.4,10,2013-09-09 09:00:00.000000 +00:00
LGA,2013,9,9,6,59,44.96,59.58,30,6.90468,,0,1023.2,10,2013-09-09 10:00:00.000000 +00:00
LGA,2013,9,9,7,60.08,46.04,59.72,40,9.20624,,0,1023.7,10,2013-09-09 11:00:00.000000 +00:00
LGA,2013,9,9,8,62.96,46.04,53.94,60,9.20624,,0,1023.7,10,2013-09-09 12:00:00.000000 +00:00
LGA,2013,9,9,9,64.04,46.04,51.93,50,8.05546,,0,1024.2,10,2013-09-09 13:00:00.000000 +00:00
LGA,2013,9,9,10,66.92,46.04,46.98,30,8.05546,,0,1024.1,10,2013-09-09 14:00:00.000000 +00:00
LGA,2013,9,9,11,68,44.96,43.44,50,6.90468,,0,1023.8,10,2013-09-09 15:00:00.000000 +00:00
LGA,2013,9,9,12,71.96,39.92,31.26,190,6.90468,,0,1023.1,10,2013-09-09 16:00:00.000000 +00:00
LGA,2013,9,9,13,69.98,44.06,39.22,,6.90468,17.2617,0,1022.8,10,2013-09-09 17:00:00.000000 +00:00
LGA,2013,9,9,14,69.08,48.92,48.6,200,9.20624,16.11092,0,1022.7,10,2013-09-09 18:00:00.000000 +00:00
LGA,2013,9,9,15,71.06,48.92,45.43,,5.7539,,0,1022.6,10,2013-09-09 19:00:00.000000 +00:00
LGA,2013,9,9,16,71.96,48.92,44.06,,5.7539,,0,1022.2,10,2013-09-09 20:00:00.000000 +00:00
LGA,2013,9,9,17,69.98,48.92,47.13,180,11.5078,,0,1021.8,10,2013-09-09 21:00:00.000000 +00:00
LGA,2013,9,9,18,68,50,52.51,170,10.35702,17.2617,0,1021.8,10,2013-09-09 22:00:00.000000 +00:00
LGA,2013,9,9,19,68,51.98,56.51,180,11.5078,,0,1021.4,10,2013-09-09 23:00:00.000000 +00:00
LGA,2013,9,9,20,68,53.96,60.77,190,10.35702,18.41248,0,1021.8,10,2013-09-10 00:00:00.000000 +00:00
LGA,2013,9,9,21,68,55.94,65.31,190,12.65858,,0,1021.5,10,2013-09-10 01:00:00.000000 +00:00
LGA,2013,9,9,22,69.08,57.02,65.44,210,9.20624,,0,1021.5,10,2013-09-10 02:00:00.000000 +00:00
LGA,2013,9,9,23,69.08,57.02,65.44,200,10.35702,,0,1021.4,10,2013-09-10 03:00:00.000000 +00:00
LGA,2013,9,10,0,69.08,57.92,67.59,210,12.65858,,0,1021.2,10,2013-09-10 04:00:00.000000 +00:00
LGA,2013,9,10,1,69.08,59,70.26,200,9.20624,,0,1021,10,2013-09-10 05:00:00.000000 +00:00
LGA,2013,9,10,2,69.98,59,68.55,190,10.35702,,0,,10,2013-09-10 06:00:00.000000 +00:00
LGA,2013,9,10,3,69.98,60.08,70.81,200,10.35702,,0,1020.5,10,2013-09-10 07:00:00.000000 +00:00
LGA,2013,9,10,4,69.98,60.08,70.81,200,9.20624,,0,1020.5,10,2013-09-10 08:00:00.000000 +00:00
LGA,2013,9,10,5,69.98,60.98,73.11,220,11.5078,20.71404,0,1020.6,10,2013-09-10 09:00:00.000000 +00:00
LGA,2013,9,10,6,71.06,62.06,73.22,210,11.5078,,0,1020.9,10,2013-09-10 10:00:00.000000 +00:00
LGA,2013,9,10,7,71.06,64.04,78.49,210,9.20624,,0,1020.6,10,2013-09-10 11:00:00.000000 +00:00
LGA,2013,9,10,8,73.04,64.04,73.41,,5.7539,,0,1020.9,10,2013-09-10 12:00:00.000000 +00:00
LGA,2013,9,10,9,73.94,64.94,73.49,220,11.5078,,0,1021.3,10,2013-09-10 13:00:00.000000 +00:00
LGA,2013,9,10,10,77,66.02,68.9,230,9.20624,17.2617,0,1020.9,10,2013-09-10 14:00:00.000000 +00:00
LGA,2013,9,10,11,78.08,66.02,66.48,210,8.05546,,0,1020.5,10,2013-09-10 15:00:00.000000 +00:00
LGA,2013,9,10,12,80.06,66.92,65.33,230,11.5078,,0,,10,2013-09-10 16:00:00.000000 +00:00
LGA,2013,9,10,13,82.94,66.92,61.58,240,11.5078,,0,,10,2013-09-10 17:00:00.000000 +00:00
LGA,2013,9,10,14,82.04,68,62.53,180,11.5078,17.2617,0,1017.9,10,2013-09-10 18:00:00.000000 +00:00
LGA,2013,9,10,15,86,68,55.04,250,9.20624,,0,1017.9,10,2013-09-10 19:00:00.000000 +00:00
LGA,2013,9,10,16,86,69.08,57.12,170,12.65858,16.11092,0,1017.4,10,2013-09-10 20:00:00.000000 +00:00
LGA,2013,9,10,17,87.08,69.08,55.19,200,11.5078,,0,1017.6,9,2013-09-10 21:00:00.000000 +00:00
LGA,2013,9,10,18,84.92,69.08,59.14,220,9.20624,,0,1018,10,2013-09-10 22:00:00.000000 +00:00
LGA,2013,9,10,19,80.96,69.08,67.22,160,6.90468,,0,1018.4,10,2013-09-10 23:00:00.000000 +00:00
LGA,2013,9,10,20,80.06,69.08,69.23,170,6.90468,,0,1018.8,10,2013-09-11 00:00:00.000000 +00:00
LGA,2013,9,10,21,80.96,69.98,69.32,190,6.90468,,0,1018.9,10,2013-09-11 01:00:00.000000 +00:00
LGA,2013,9,10,22,80.06,69.98,71.39,180,5.7539,,0,1019.2,9,2013-09-11 02:00:00.000000 +00:00
LGA,2013,9,10,23,80.06,69.98,71.39,210,9.20624,,0,1019.3,9,2013-09-11 03:00:00.000000 +00:00
LGA,2013,9,11,0,80.06,69.98,71.39,230,9.20624,,0,1019.1,10,2013-09-11 04:00:00.000000 +00:00
LGA,2013,9,11,1,78.98,69.98,73.97,220,9.20624,,0,1018.9,9,2013-09-11 05:00:00.000000 +00:00
LGA,2013,9,11,2,78.98,69.98,73.97,230,9.20624,,0,1018.4,9,2013-09-11 06:00:00.000000 +00:00
LGA,2013,9,11,3,78.98,69.98,73.97,220,9.20624,,0,1018.2,9,2013-09-11 07:00:00.000000 +00:00
LGA,2013,9,11,4,78.08,69.98,76.19,210,5.7539,,0,1018.1,8,2013-09-11 08:00:00.000000 +00:00
LGA,2013,9,11,5,78.08,69.98,76.19,210,8.05546,,0,1018.6,7,2013-09-11 09:00:00.000000 +00:00
LGA,2013,9,11,6,77,71.06,81.92,220,8.05546,,0,1019.4,5,2013-09-11 10:00:00.000000 +00:00
LGA,2013,9,11,7,78.08,71.06,79.05,220,6.90468,,0,1019.5,5,2013-09-11 11:00:00.000000 +00:00
LGA,2013,9,11,8,82.04,71.06,69.43,230,4.60312,,0,1019.6,6,2013-09-11 12:00:00.000000 +00:00
LGA,2013,9,11,9,84.02,71.06,65.13,230,3.45234,,0,1019.4,6,2013-09-11 13:00:00.000000 +00:00
LGA,2013,9,11,10,87.98,71.06,57.39,240,5.7539,,0,1019,7,2013-09-11 14:00:00.000000 +00:00
LGA,2013,9,11,11,89.96,71.06,53.91,250,6.90468,,0,1018.6,7,2013-09-11 15:00:00.000000 +00:00
LGA,2013,9,11,12,93.02,71.06,48.99,,5.7539,,0,1018.1,8,2013-09-11 16:00:00.000000 +00:00
LGA,2013,9,11,13,93.02,71.96,50.51,210,16.11092,21.86482,0,1017.2,9,2013-09-11 17:00:00.000000 +00:00
LGA,2013,9,11,14,91.94,71.96,52.24,170,14.96014,,0,1016.7,8,2013-09-11 18:00:00.000000 +00:00
LGA,2013,9,11,15,91.04,69.98,50.23,170,13.80936,,0,1015.9,10,2013-09-11 19:00:00.000000 +00:00
LGA,2013,9,11,16,89.96,69.08,50.39,150,11.5078,,0,1015.2,10,2013-09-11 20:00:00.000000 +00:00
LGA,2013,9,11,17,87.98,69.08,53.64,170,12.65858,,0,1015,9,2013-09-11 21:00:00.000000 +00:00
LGA,2013,9,11,18,86,69.08,57.12,170,10.35702,,0,1015.6,9,2013-09-11 22:00:00.000000 +00:00
LGA,2013,9,11,19,84.92,69.08,59.14,190,8.05546,,0,1016.2,9,2013-09-11 23:00:00.000000 +00:00
LGA,2013,9,11,20,87.98,69.08,53.64,220,11.5078,,0,1016.4,10,2013-09-12 00:00:00.000000 +00:00
LGA,2013,9,11,21,84.92,69.08,59.14,190,8.05546,,0,1016.1,10,2013-09-12 01:00:00.000000 +00:00
LGA,2013,9,11,22,86,69.08,57.12,220,11.5078,17.2617,0,1016.1,10,2013-09-12 02:00:00.000000 +00:00
LGA,2013,9,11,23,82.94,69.08,63.03,220,9.20624,,0,1015.6,10,2013-09-12 03:00:00.000000 +00:00
LGA,2013,9,12,0,82.04,69.08,64.9,210,9.20624,,0,1014.8,9,2013-09-12 04:00:00.000000 +00:00
LGA,2013,9,12,1,80.96,68,64.77,200,9.20624,,0,1014,9,2013-09-12 05:00:00.000000 +00:00
LGA,2013,9,12,2,80.06,68,66.7,210,9.20624,,0,1013.9,9,2013-09-12 06:00:00.000000 +00:00
LGA,2013,9,12,3,78.08,68,71.19,210,10.35702,,0,1013.8,9,2013-09-12 07:00:00.000000 +00:00
LGA,2013,9,12,4,78.08,68,71.19,210,9.20624,,0,1013.5,8,2013-09-12 08:00:00.000000 +00:00
LGA,2013,9,12,5,77,68,73.78,190,9.20624,,0,1013.5,8,2013-09-12 09:00:00.000000 +00:00
LGA,2013,9,12,6,75.92,69.08,79.37,190,9.20624,,0,1013.3,6,2013-09-12 10:00:00.000000 +00:00
LGA,2013,9,12,7,75.92,69.08,79.37,200,12.65858,,0,1013.3,6,2013-09-12 11:00:00.000000 +00:00
LGA,2013,9,12,8,78.08,69.08,73.88,190,9.20624,,0,1012.7,7,2013-09-12 12:00:00.000000 +00:00
LGA,2013,9,12,9,80.06,69.08,69.23,210,8.05546,,0,1012.2,7,2013-09-12 13:00:00.000000 +00:00
LGA,2013,9,12,10,80.96,69.08,67.22,180,9.20624,,0,1011.7,7,2013-09-12 14:00:00.000000 +00:00
LGA,2013,9,12,11,84.02,69.08,60.87,170,11.5078,17.2617,0,1010.9,8,2013-09-12 15:00:00.000000 +00:00
LGA,2013,9,12,12,84.92,68,56.98,210,12.65858,20.71404,0,1010.7,9,2013-09-12 16:00:00.000000 +00:00
LGA,2013,9,12,13,82.4,69.8,78.19,290,20.71404,,0.26,,7,2013-09-12 17:00:00.000000 +00:00
LGA,2013,9,12,14,78.8,71.96,81.5,170,13.80936,,0,,9,2013-09-12 18:00:00.000000 +00:00
LGA,2013,9,12,15,82.04,68,62.53,180,10.35702,18.41248,0,1007,10,2013-09-12 19:00:00.000000 +00:00
LGA,2013,9,12,16,80.06,68,66.7,180,9.20624,,0,1006.3,9,2013-09-12 20:00:00.000000 +00:00
LGA,2013,9,12,17,80.96,69.98,69.32,180,8.05546,,0,1005.7,8,2013-09-12 21:00:00.000000 +00:00
LGA,2013,9,12,18,78.08,69.08,73.88,200,9.20624,,0,1005,8,2013-09-12 22:00:00.000000 +00:00
LGA,2013,9,12,19,80.6,69.8,90.06,310,17.2617,,0.68,,10,2013-09-12 23:00:00.000000 +00:00
LGA,2013,9,12,20,71.96,68,88.43,300,13.80936,,0.3,,9,2013-09-13 00:00:00.000000 +00:00
LGA,2013,9,12,21,71.96,68,87.35,220,4.60312,,0.03,1006,10,2013-09-13 01:00:00.000000 +00:00
LGA,2013,9,12,22,71.96,66.02,81.57,210,9.20624,,0,1005.9,10,2013-09-13 02:00:00.000000 +00:00
LGA,2013,9,12,23,71.06,66.02,84.1,230,8.05546,,0,1005.8,9,2013-09-13 03:00:00.000000 +00:00
LGA,2013,9,13,0,71.96,64.94,78.57,290,6.90468,,0,1005.1,10,2013-09-13 04:00:00.000000 +00:00
LGA,2013,9,13,1,71.06,64.94,81,310,9.20624,,0,1004.1,10,2013-09-13 05:00:00.000000 +00:00
LGA,2013,9,13,2,69.98,64.94,84.04,310,11.5078,,0,1003.8,10,2013-09-13 06:00:00.000000 +00:00
LGA,2013,9,13,3,69.98,64.04,81.44,310,12.65858,,0,1003.7,10,2013-09-13 07:00:00.000000 +00:00
LGA,2013,9,13,4,69.08,64.04,83.98,0,0,,0.03,1003.8,9,2013-09-13 08:00:00.000000 +00:00
LGA,2013,9,13,5,69.08,62.96,80.86,300,3.45234,,0,1003.9,10,2013-09-13 09:00:00.000000 +00:00
LGA,2013,9,13,6,69.08,64.04,83.98,320,9.20624,,0,1004.2,10,2013-09-13 10:00:00.000000 +00:00
LGA,2013,9,13,7,69.98,62.96,78.41,310,8.05546,,0,1004.5,10,2013-09-13 11:00:00.000000 +00:00
LGA,2013,9,13,8,69.98,60.98,73.11,310,12.65858,,0,1004.6,10,2013-09-13 12:00:00.000000 +00:00
LGA,2013,9,13,9,71.06,59,65.67,310,10.35702,,0,1004.5,10,2013-09-13 13:00:00.000000 +00:00
LGA,2013,9,13,10,71.06,57.92,63.18,320,16.11092,,0,1004.8,10,2013-09-13 14:00:00.000000 +00:00
LGA,2013,9,13,11,69.98,57.02,63.45,330,12.65858,23.0156,0,1004.8,10,2013-09-13 15:00:00.000000 +00:00
LGA,2013,9,13,12,69.98,55.94,61.02,310,12.65858,,0,1004.8,10,2013-09-13 16:00:00.000000 +00:00
LGA,2013,9,13,13,73.04,57.02,57.2,310,10.35702,,0,1004.3,10,2013-09-13 17:00:00.000000 +00:00
LGA,2013,9,13,14,75.92,55.04,48.34,320,11.5078,,0,1004.1,10,2013-09-13 18:00:00.000000 +00:00
LGA,2013,9,13,15,75.02,55.04,49.81,310,12.65858,23.0156,0,1004.1,10,2013-09-13 19:00:00.000000 +00:00
LGA,2013,9,13,16,73.94,55.04,51.65,320,17.2617,25.31716,0,1004.9,10,2013-09-13 20:00:00.000000 +00:00
LGA,2013,9,13,17,73.04,53.06,49.52,320,18.41248,24.16638,0,1005.6,10,2013-09-13 21:00:00.000000 +00:00
LGA,2013,9,13,18,69.98,53.06,54.94,320,19.56326,25.31716,0,1006.9,10,2013-09-13 22:00:00.000000 +00:00
LGA,2013,9,13,19,68,50,52.51,340,12.65858,21.86482,0,1008.1,10,2013-09-13 23:00:00.000000 +00:00
LGA,2013,9,13,20,66.02,51.08,58.53,310,16.11092,,0,1009,10,2013-09-14 00:00:00.000000 +00:00
LGA,2013,9,13,21,62.96,48.02,58.12,320,16.11092,24.16638,0,1010,10,2013-09-14 01:00:00.000000 +00:00
LGA,2013,9,13,22,62.06,48.02,59.99,320,12.65858,20.71404,0,1010.3,10,2013-09-14 02:00:00.000000 +00:00
LGA,2013,9,13,23,60.98,48.02,62.33,330,16.11092,,0,1010.6,10,2013-09-14 03:00:00.000000 +00:00
LGA,2013,9,14,0,60.08,48.02,64.35,310,13.80936,,0,1010.9,10,2013-09-14 04:00:00.000000 +00:00
LGA,2013,9,14,1,59,46.94,64.22,310,11.5078,19.56326,0,1011.4,10,2013-09-14 05:00:00.000000 +00:00
LGA,2013,9,14,2,57.92,46.04,64.52,340,13.80936,,0,1011.8,10,2013-09-14 06:00:00.000000 +00:00
LGA,2013,9,14,3,57.02,46.04,66.65,330,14.96014,,0,1011.9,10,2013-09-14 07:00:00.000000 +00:00
LGA,2013,9,14,4,57.02,44.96,63.97,330,9.20624,,0,1012.5,10,2013-09-14 08:00:00.000000 +00:00
LGA,2013,9,14,5,55.94,44.06,64.28,340,13.80936,19.56326,0,1013,10,2013-09-14 09:00:00.000000 +00:00
LGA,2013,9,14,6,55.94,44.06,64.28,340,14.96014,,0,1013.8,10,2013-09-14 10:00:00.000000 +00:00
LGA,2013,9,14,7,55.94,44.06,64.28,310,13.80936,,0,1014.3,10,2013-09-14 11:00:00.000000 +00:00
LGA,2013,9,14,8,57.02,44.06,61.81,340,10.35702,,0,1014.4,10,2013-09-14 12:00:00.000000 +00:00
LGA,2013,9,14,9,60.08,44.06,55.39,350,11.5078,,0,1015.1,10,2013-09-14 13:00:00.000000 +00:00
LGA,2013,9,14,10,60.98,44.06,53.65,340,6.90468,18.41248,0,1015.1,10,2013-09-14 14:00:00.000000 +00:00
LGA,2013,9,14,11,64.04,44.96,49.85,330,6.90468,,0,1015.3,10,2013-09-14 15:00:00.000000 +00:00
LGA,2013,9,14,12,64.94,44.96,48.3,320,11.5078,18.41248,0,1015.3,10,2013-09-14 16:00:00.000000 +00:00
LGA,2013,9,14,13,64.94,44.06,46.67,320,8.05546,,0,1015.3,10,2013-09-14 17:00:00.000000 +00:00
LGA,2013,9,14,14,66.02,44.96,46.52,310,8.05546,,0,1015.5,10,2013-09-14 18:00:00.000000 +00:00
LGA,2013,9,14,15,66.02,44.96,46.52,320,13.80936,,0,1015.6,10,2013-09-14 19:00:00.000000 +00:00
LGA,2013,9,14,16,66.02,44.96,46.52,310,12.65858,,0,1016.2,10,2013-09-14 20:00:00.000000 +00:00
LGA,2013,9,14,17,66.02,46.04,48.47,320,13.80936,,0,1016.6,10,2013-09-14 21:00:00.000000 +00:00
LGA,2013,9,14,18,62.96,46.94,55.8,300,16.11092,,0,1017.5,10,2013-09-14 22:00:00.000000 +00:00
LGA,2013,9,14,19,60.98,44.96,55.52,300,12.65858,,0,1018.2,10,2013-09-14 23:00:00.000000 +00:00
LGA,2013,9,14,20,60.98,44.06,53.65,300,12.65858,,0,1019,10,2013-09-15 00:00:00.000000 +00:00
LGA,2013,9,14,21,60.08,44.96,57.33,310,11.5078,,0,1019.3,10,2013-09-15 01:00:00.000000 +00:00
LGA,2013,9,14,22,59,44.96,59.58,300,10.35702,,0,1019.5,10,2013-09-15 02:00:00.000000 +00:00
LGA,2013,9,14,23,57.92,44.96,61.93,300,9.20624,,0,1020,10,2013-09-15 03:00:00.000000 +00:00
LGA,2013,9,15,0,57.02,44.96,63.97,300,8.05546,,0,1020.2,10,2013-09-15 04:00:00.000000 +00:00
LGA,2013,9,15,1,57.02,44.06,61.81,320,4.60312,,0,1020.3,10,2013-09-15 05:00:00.000000 +00:00
LGA,2013,9,15,2,57.02,42.98,59.31,0,0,,0,1020.4,10,2013-09-15 06:00:00.000000 +00:00
LGA,2013,9,15,3,55.94,44.06,64.28,310,9.20624,,0,1020.8,10,2013-09-15 07:00:00.000000 +00:00
LGA,2013,9,15,4,55.04,42.98,63.72,280,6.90468,,0,1020.9,10,2013-09-15 08:00:00.000000 +00:00
LGA,2013,9,15,5,53.96,44.06,69.08,300,9.20624,,0,1021.5,10,2013-09-15 09:00:00.000000 +00:00
LGA,2013,9,15,6,53.96,42.98,66.28,290,6.90468,,0,1022.2,10,2013-09-15 10:00:00.000000 +00:00
LGA,2013,9,15,7,55.04,42.98,63.72,300,4.60312,,0,1022.4,10,2013-09-15 11:00:00.000000 +00:00
LGA,2013,9,15,8,55.94,44.06,64.28,310,5.7539,,0,1023,10,2013-09-15 12:00:00.000000 +00:00
LGA,2013,9,15,9,59,42.98,55.24,300,5.7539,,0,1023.3,10,2013-09-15 13:00:00.000000 +00:00
LGA,2013,9,15,10,62.96,41,44.47,320,8.05546,,0,1022.9,10,2013-09-15 14:00:00.000000 +00:00
LGA,2013,9,15,11,66.02,39.02,37,,4.60312,,0,1022.3,10,2013-09-15 15:00:00.000000 +00:00
LGA,2013,9,15,12,68,37.94,33.12,270,5.7539,,0,1021.9,10,2013-09-15 16:00:00.000000 +00:00
LGA,2013,9,15,13,69.08,37.94,31.92,230,8.05546,,0,1021,10,2013-09-15 17:00:00.000000 +00:00
LGA,2013,9,15,14,69.98,35.96,28.63,260,8.05546,,0,1020.4,10,2013-09-15 18:00:00.000000 +00:00
LGA,2013,9,15,15,71.96,37.04,27.93,260,8.05546,,0,1019.7,10,2013-09-15 19:00:00.000000 +00:00
LGA,2013,9,15,16,71.96,37.94,28.94,190,8.05546,,0,1019.1,10,2013-09-15 20:00:00.000000 +00:00
LGA,2013,9,15,17,69.98,46.04,42.29,180,10.35702,,0,1018.9,10,2013-09-15 21:00:00.000000 +00:00
LGA,2013,9,15,18,66.92,51.08,56.73,190,12.65858,,0,1018.8,10,2013-09-15 22:00:00.000000 +00:00
LGA,2013,9,15,19,66.92,53.96,63.08,170,5.7539,,0,1019.1,10,2013-09-15 23:00:00.000000 +00:00
LGA,2013,9,15,20,66.02,53.96,65.07,180,5.7539,,0,1019,10,2013-09-16 00:00:00.000000 +00:00
LGA,2013,9,15,21,66.02,53.96,65.07,210,5.7539,,0,1019.2,10,2013-09-16 01:00:00.000000 +00:00
LGA,2013,9,15,22,66.92,50,54.51,210,6.90468,,0,1019.2,10,2013-09-16 02:00:00.000000 +00:00
LGA,2013,9,15,23,64.94,51.08,60.77,220,8.05546,,0,1019.2,10,2013-09-16 03:00:00.000000 +00:00
LGA,2013,9,16,0,64.94,51.98,62.83,200,9.20624,,0,1018.7,10,2013-09-16 04:00:00.000000 +00:00
LGA,2013,9,16,1,64.04,53.06,67.46,200,4.60312,,0,1018.3,10,2013-09-16 05:00:00.000000 +00:00
LGA,2013,9,16,2,64.04,53.96,69.72,200,6.90468,,0,1017.9,10,2013-09-16 06:00:00.000000 +00:00
LGA,2013,9,16,3,62.96,53.06,70.07,200,5.7539,,0,1017.6,10,2013-09-16 07:00:00.000000 +00:00
LGA,2013,9,16,4,64.04,53.96,69.72,210,4.60312,,0,1017.2,10,2013-09-16 08:00:00.000000 +00:00
LGA,2013,9,16,5,64.04,55.04,72.53,240,10.35702,,0,1017.2,10,2013-09-16 09:00:00.000000 +00:00
LGA,2013,9,16,6,64.94,55.94,72.62,270,14.96014,,0,1017.8,10,2013-09-16 10:00:00.000000 +00:00
LGA,2013,9,16,7,64.94,55.04,70.28,290,8.05546,18.41248,0,1017.9,10,2013-09-16 11:00:00.000000 +00:00
LGA,2013,9,16,8,62.96,55.94,77.83,310,10.35702,,0.02,1018.2,10,2013-09-16 12:00:00.000000 +00:00
LGA,2013,9,16,9,62.96,55.04,75.33,360,9.20624,,0,1019,10,2013-09-16 13:00:00.000000 +00:00
LGA,2013,9,16,10,62.96,53.06,70.07,20,4.60312,,0,1019,10,2013-09-16 14:00:00.000000 +00:00
LGA,2013,9,16,11,64.04,51.08,62.71,330,8.05546,,0,1018.6,10,2013-09-16 15:00:00.000000 +00:00
LGA,2013,9,16,12,66.92,51.08,56.73,360,4.60312,,0,1018.3,10,2013-09-16 16:00:00.000000 +00:00
LGA,2013,9,16,13,69.08,48.02,46.99,350,3.45234,,0,1018,10,2013-09-16 17:00:00.000000 +00:00
LGA,2013,9,16,14,71.06,50,47.29,360,10.35702,18.41248,0,1017.8,10,2013-09-16 18:00:00.000000 +00:00
LGA,2013,9,16,15,69.08,48.92,48.6,10,11.5078,18.41248,0,1017.7,10,2013-09-16 19:00:00.000000 +00:00
LGA,2013,9,16,16,69.08,48.92,48.6,330,12.65858,,0,1018.1,10,2013-09-16 20:00:00.000000 +00:00
LGA,2013,9,16,17,69.08,50,50.6,10,10.35702,,0,1018.6,10,2013-09-16 21:00:00.000000 +00:00
LGA,2013,9,16,18,66.92,51.08,56.73,360,8.05546,,0,1019.3,10,2013-09-16 22:00:00.000000 +00:00
LGA,2013,9,16,19,66.92,48.92,52.35,360,9.20624,,0,1019.8,10,2013-09-16 23:00:00.000000 +00:00
LGA,2013,9,16,20,66.02,51.08,58.53,340,11.5078,,0,1020.9,10,2013-09-17 00:00:00.000000 +00:00
LGA,2013,9,16,21,64.94,51.08,60.77,330,16.11092,19.56326,0,1021.8,10,2013-09-17 01:00:00.000000 +00:00
LGA,2013,9,16,22,60.98,48.92,64.46,10,18.41248,24.16638,0,1023.1,10,2013-09-17 02:00:00.000000 +00:00
LGA,2013,9,16,23,59,46.04,62.07,10,18.41248,26.46794,0,1024,10,2013-09-17 03:00:00.000000 +00:00
LGA,2013,9,17,0,57.02,44.06,61.81,10,16.11092,25.31716,0,1025,10,2013-09-17 04:00:00.000000 +00:00
LGA,2013,9,17,1,55.04,39.92,56.62,10,11.5078,,0,1025.8,10,2013-09-17 05:00:00.000000 +00:00
LGA,2013,9,17,2,53.96,37.94,54.51,20,13.80936,19.56326,0,1026.2,10,2013-09-17 06:00:00.000000 +00:00
LGA,2013,9,17,3,51.98,37.94,58.62,10,12.65858,,0,1026.6,10,2013-09-17 07:00:00.000000 +00:00
LGA,2013,9,17,4,51.08,37.04,58.49,10,12.65858,,0,1026.9,10,2013-09-17 08:00:00.000000 +00:00
LGA,2013,9,17,5,50,37.04,60.89,10,13.80936,20.71404,0,1027.6,10,2013-09-17 09:00:00.000000 +00:00
LGA,2013,9,17,6,50,35.96,58.34,20,13.80936,,0,1028.8,10,2013-09-17 10:00:00.000000 +00:00
LGA,2013,9,17,7,51.08,35.96,56.05,20,13.80936,19.56326,0,1029.4,10,2013-09-17 11:00:00.000000 +00:00
LGA,2013,9,17,8,53.06,35.06,50.28,30,14.96014,21.86482,0,1030,10,2013-09-17 12:00:00.000000 +00:00
LGA,2013,9,17,9,55.04,35.06,46.77,30,17.2617,25.31716,0,1030.3,10,2013-09-17 13:00:00.000000 +00:00
LGA,2013,9,17,10,57.92,33.08,38.94,40,16.11092,,0,1030.7,10,2013-09-17 14:00:00.000000 +00:00
LGA,2013,9,17,11,57.92,33.08,38.94,70,11.5078,,0,1030.4,10,2013-09-17 15:00:00.000000 +00:00
LGA,2013,9,17,12,59,35.96,42.02,60,11.5078,,0,1029.7,10,2013-09-17 16:00:00.000000 +00:00
LGA,2013,9,17,13,60.08,35.96,40.43,,6.90468,,0,1029.2,10,2013-09-17 17:00:00.000000 +00:00
LGA,2013,9,17,14,62.06,35.96,37.69,0,0,,0,1028.5,10,2013-09-17 18:00:00.000000 +00:00
LGA,2013,9,17,15,62.96,37.04,38.1,50,6.90468,,0,1028,10,2013-09-17 19:00:00.000000 +00:00
LGA,2013,9,17,16,64.04,35.96,35.15,0,0,,0,1027.7,10,2013-09-17 20:00:00.000000 +00:00
LGA,2013,9,17,17,64.04,35.96,35.15,300,5.7539,,0,1027.5,10,2013-09-17 21:00:00.000000 +00:00
LGA,2013,9,17,18,62.96,37.94,39.47,40,5.7539,,0,1027.3,10,2013-09-17 22:00:00.000000 +00:00
LGA,2013,9,17,19,62.06,39.02,42.51,,4.60312,,0,1027.4,10,2013-09-17 23:00:00.000000 +00:00
LGA,2013,9,17,20,60.08,39.02,45.6,190,6.90468,,0,1027.7,10,2013-09-18 00:00:00.000000 +00:00
LGA,2013,9,17,21,59,39.02,47.39,220,3.45234,,0,1027.7,10,2013-09-18 01:00:00.000000 +00:00
LGA,2013,9,17,22,59,39.92,49.08,220,3.45234,,0,1027.8,10,2013-09-18 02:00:00.000000 +00:00
LGA,2013,9,17,23,57.92,39.92,51.02,220,3.45234,,0,1027.7,10,2013-09-18 03:00:00.000000 +00:00
LGA,2013,9,18,0,57.92,42.08,55.47,0,0,,0,1027.7,10,2013-09-18 04:00:00.000000 +00:00
LGA,2013,9,18,1,57.92,42.98,57.42,290,4.60312,,0,1027.6,10,2013-09-18 05:00:00.000000 +00:00
LGA,2013,9,18,2,57.02,42.98,59.31,290,5.7539,,0,1027.2,10,2013-09-18 06:00:00.000000 +00:00
LGA,2013,9,18,3,57.02,42.08,57.29,310,6.90468,,0,1027.1,10,2013-09-18 07:00:00.000000 +00:00
LGA,2013,9,18,4,55.94,41,57.14,300,5.7539,,0,1027,10,2013-09-18 08:00:00.000000 +00:00
LGA,2013,9,18,5,55.04,41,59.04,280,4.60312,,0,1027,10,2013-09-18 09:00:00.000000 +00:00
LGA,2013,9,18,6,55.04,41,59.04,270,5.7539,,0,1027.1,10,2013-09-18 10:00:00.000000 +00:00
LGA,2013,9,18,7,57.02,39.92,52.7,270,4.60312,,0,1027.4,10,2013-09-18 11:00:00.000000 +00:00
LGA,2013,9,18,8,59,41,51.18,320,3.45234,,0,1027.1,10,2013-09-18 12:00:00.000000 +00:00
LGA,2013,9,18,9,62.06,39.02,42.51,310,4.60312,,0,1027.1,10,2013-09-18 13:00:00.000000 +00:00
LGA,2013,9,18,10,64.04,39.02,39.65,320,6.90468,,0,1026.6,10,2013-09-18 14:00:00.000000 +00:00
LGA,2013,9,18,11,66.02,39.02,37,320,3.45234,,0,1026,10,2013-09-18 15:00:00.000000 +00:00
LGA,2013,9,18,12,66.92,39.92,37.15,330,3.45234,,0,1025.1,10,2013-09-18 16:00:00.000000 +00:00
LGA,2013,9,18,13,69.08,37.94,31.92,240,5.7539,,0,1024.3,10,2013-09-18 17:00:00.000000 +00:00
LGA,2013,9,18,14,69.98,37.94,30.95,230,9.20624,,0,1023.6,10,2013-09-18 18:00:00.000000 +00:00
LGA,2013,9,18,15,69.98,35.06,27.62,210,11.5078,,0,1023,10,2013-09-18 19:00:00.000000 +00:00
LGA,2013,9,18,16,71.06,41,33.61,180,8.05546,,0,1022.6,10,2013-09-18 20:00:00.000000 +00:00
LGA,2013,9,18,17,68,44.96,43.44,180,10.35702,,0,1022.5,10,2013-09-18 21:00:00.000000 +00:00
LGA,2013,9,18,18,64.94,46.94,52.06,190,10.35702,,0,1022.3,10,2013-09-18 22:00:00.000000 +00:00
LGA,2013,9,18,19,62.96,48.92,60.11,190,11.5078,,0,1022.5,10,2013-09-18 23:00:00.000000 +00:00
LGA,2013,9,18,20,62.96,48.92,60.11,210,10.35702,,0,1022.6,10,2013-09-19 00:00:00.000000 +00:00
LGA,2013,9,18,21,62.06,48.92,62.04,210,10.35702,,0,1022.5,10,2013-09-19 01:00:00.000000 +00:00
LGA,2013,9,18,22,62.06,50,64.59,220,8.05546,,0,1022.7,10,2013-09-19 02:00:00.000000 +00:00
LGA,2013,9,18,23,60.98,48.92,64.46,210,8.05546,,0,1022.3,10,2013-09-19 03:00:00.000000 +00:00
LGA,2013,9,19,0,60.08,48.92,66.56,210,6.90468,,0,1022.3,10,2013-09-19 04:00:00.000000 +00:00
LGA,2013,9,19,1,59,48.92,69.17,220,5.7539,,0,1022.4,10,2013-09-19 05:00:00.000000 +00:00
LGA,2013,9,19,2,59,48.02,66.88,220,4.60312,,0,1021.9,10,2013-09-19 06:00:00.000000 +00:00
LGA,2013,9,19,3,59,46.94,64.22,0,0,,0,1021.5,10,2013-09-19 07:00:00.000000 +00:00
LGA,2013,9,19,4,59,46.04,62.07,240,5.7539,,0,1021.6,10,2013-09-19 08:00:00.000000 +00:00
LGA,2013,9,19,5,59,44.96,59.58,0,0,,0,1021.7,10,2013-09-19 09:00:00.000000 +00:00
LGA,2013,9,19,6,57.02,46.04,66.65,0,0,,0,1021.9,10,2013-09-19 10:00:00.000000 +00:00
LGA,2013,9,19,7,60.08,44.06,55.39,230,3.45234,,0,1021.8,10,2013-09-19 11:00:00.000000 +00:00
LGA,2013,9,19,8,62.96,44.06,50.03,320,3.45234,,0,1021.7,10,2013-09-19 12:00:00.000000 +00:00
LGA,2013,9,19,9,66.02,44.96,46.52,320,5.7539,,0,1021.8,10,2013-09-19 13:00:00.000000 +00:00
LGA,2013,9,19,10,66.92,46.04,46.98,330,3.45234,,0,1021.3,10,2013-09-19 14:00:00.000000 +00:00
LGA,2013,9,19,11,71.96,46.04,39.54,310,4.60312,,0,1021,10,2013-09-19 15:00:00.000000 +00:00
LGA,2013,9,19,12,71.96,42.98,35.19,270,4.60312,,0,1020.6,10,2013-09-19 16:00:00.000000 +00:00
LGA,2013,9,19,13,73.94,44.06,34.3,190,4.60312,,0,1019.8,10,2013-09-19 17:00:00.000000 +00:00
LGA,2013,9,19,14,75.92,42.98,30.8,260,8.05546,,0,1019.1,10,2013-09-19 18:00:00.000000 +00:00
LGA,2013,9,19,15,75.92,42.08,29.76,240,5.7539,,0,1018.7,10,2013-09-19 19:00:00.000000 +00:00
LGA,2013,9,19,16,73.04,50,44.23,180,13.80936,18.41248,0,1018.3,10,2013-09-19 20:00:00.000000 +00:00
LGA,2013,9,19,17,71.06,50,47.29,170,10.35702,,0,1018.4,10,2013-09-19 21:00:00.000000 +00:00
LGA,2013,9,19,18,68,51.98,56.51,180,10.35702,,0,1018.7,10,2013-09-19 22:00:00.000000 +00:00
LGA,2013,9,19,19,66.92,53.06,61.03,200,9.20624,,0,1019,10,2013-09-19 23:00:00.000000 +00:00
LGA,2013,9,19,20,66.92,53.96,63.08,190,6.90468,,0,1019.3,10,2013-09-20 00:00:00.000000 +00:00
LGA,2013,9,19,21,66.92,53.96,63.08,200,6.90468,,0,1019.2,10,2013-09-20 01:00:00.000000 +00:00
LGA,2013,9,19,22,66.02,53.96,65.07,200,8.05546,,0,1018.8,10,2013-09-20 02:00:00.000000 +00:00
LGA,2013,9,19,23,64.94,53.96,67.57,210,6.90468,,0,1018.5,10,2013-09-20 03:00:00.000000 +00:00
LGA,2013,9,20,0,64.04,53.96,69.72,200,4.60312,,0,1018.3,10,2013-09-20 04:00:00.000000 +00:00
LGA,2013,9,20,1,62.96,53.06,70.07,220,5.7539,,0,1018.4,10,2013-09-20 05:00:00.000000 +00:00
LGA,2013,9,20,2,62.96,53.06,70.07,240,3.45234,,0,1018.4,10,2013-09-20 06:00:00.000000 +00:00
LGA,2013,9,20,3,62.96,53.06,70.07,240,4.60312,,0,1018.5,10,2013-09-20 07:00:00.000000 +00:00
LGA,2013,9,20,4,62.06,53.06,72.33,0,0,,0,1018.4,10,2013-09-20 08:00:00.000000 +00:00
LGA,2013,12,9,13,37.94,35.06,89.25,,4.60312,,0,1014.7,2,2013-12-09 18:00:00.000000 +00:00
LGA,2013,9,20,5,62.06,53.96,74.75,200,3.45234,,0,1018.4,10,2013-09-20 09:00:00.000000 +00:00
LGA,2013,9,20,6,62.06,53.96,74.75,210,4.60312,,0,1018.7,10,2013-09-20 10:00:00.000000 +00:00
LGA,2013,9,20,7,64.04,55.04,72.53,0,0,,0,1018.7,10,2013-09-20 11:00:00.000000 +00:00
LGA,2013,9,20,8,66.92,53.96,63.08,,3.45234,,0,1018.6,10,2013-09-20 12:00:00.000000 +00:00
LGA,2013,9,20,9,69.98,55.04,59.06,330,5.7539,,0,1018.8,10,2013-09-20 13:00:00.000000 +00:00
LGA,2013,9,20,10,71.96,55.04,55.22,340,4.60312,,0,1018.8,10,2013-09-20 14:00:00.000000 +00:00
LGA,2013,9,20,11,75.02,53.96,47.89,180,5.7539,,0,1018,10,2013-09-20 15:00:00.000000 +00:00
LGA,2013,9,20,12,75.92,51.98,43.21,0,0,,0,1017.8,10,2013-09-20 16:00:00.000000 +00:00
LGA,2013,9,20,13,77,53.96,44.84,170,12.65858,,0,1017,10,2013-09-20 17:00:00.000000 +00:00
LGA,2013,9,20,14,75.92,53.06,44.97,150,11.5078,,0,1016.6,10,2013-09-20 18:00:00.000000 +00:00
LGA,2013,9,20,15,75.92,51.98,43.21,170,10.35702,18.41248,0,1016.2,10,2013-09-20 19:00:00.000000 +00:00
LGA,2013,9,20,16,71.96,53.96,53.08,180,14.96014,,0,1016.3,10,2013-09-20 20:00:00.000000 +00:00
LGA,2013,9,20,17,71.06,53.06,52.95,180,14.96014,,0,1016.4,10,2013-09-20 21:00:00.000000 +00:00
LGA,2013,9,20,18,68,57.02,67.91,170,12.65858,,0,1016.2,10,2013-09-20 22:00:00.000000 +00:00
LGA,2013,9,20,19,66.92,57.02,70.49,180,10.35702,17.2617,0,1016.2,10,2013-09-20 23:00:00.000000 +00:00
LGA,2013,9,20,20,66.92,57.02,70.49,170,13.80936,,0,1016.1,10,2013-09-21 00:00:00.000000 +00:00
LGA,2013,9,20,21,66.02,57.02,72.72,180,13.80936,,0,1016.1,10,2013-09-21 01:00:00.000000 +00:00
LGA,2013,9,20,22,66.02,57.02,72.72,210,10.35702,,0,1016.4,10,2013-09-21 02:00:00.000000 +00:00
LGA,2013,9,20,23,66.02,57.92,75.12,180,6.90468,,0,1016.3,10,2013-09-21 03:00:00.000000 +00:00
LGA,2013,9,21,0,64.94,57.92,77.99,210,4.60312,,0,1016.4,10,2013-09-21 04:00:00.000000 +00:00
LGA,2013,9,21,1,64.04,57.92,80.49,220,6.90468,,0,1016.4,10,2013-09-21 05:00:00.000000 +00:00
LGA,2013,9,21,2,62.96,57.02,80.93,180,4.60312,,0,1015.7,10,2013-09-21 06:00:00.000000 +00:00
LGA,2013,9,21,3,62.06,57.02,83.54,140,4.60312,,0,1014.9,10,2013-09-21 07:00:00.000000 +00:00
LGA,2013,9,21,4,62.06,57.02,83.54,0,0,,0,1015,10,2013-09-21 08:00:00.000000 +00:00
LGA,2013,9,21,5,60.98,57.02,86.79,0,0,,0,1014.8,10,2013-09-21 09:00:00.000000 +00:00
LGA,2013,9,21,6,62.06,57.02,83.54,210,3.45234,,0,1015,10,2013-09-21 10:00:00.000000 +00:00
LGA,2013,9,21,7,62.96,57.02,80.93,240,3.45234,,0,1014.7,10,2013-09-21 11:00:00.000000 +00:00
LGA,2013,9,21,8,64.94,57.92,77.99,170,6.90468,,0,,10,2013-09-21 12:00:00.000000 +00:00
LGA,2013,9,21,9,66.92,59,75.69,160,6.90468,,0,1013.5,10,2013-09-21 13:00:00.000000 +00:00
LGA,2013,9,21,10,69.08,60.98,75.4,150,10.35702,,0,1012.5,10,2013-09-21 14:00:00.000000 +00:00
LGA,2013,9,21,11,71.06,62.96,75.57,150,14.96014,20.71404,0,1011.7,10,2013-09-21 15:00:00.000000 +00:00
LGA,2013,9,21,12,73.04,64.94,78.04,180,16.11092,24.16638,0,,10,2013-09-21 16:00:00.000000 +00:00
LGA,2013,9,21,13,75.02,62.96,68.94,180,20.71404,27.61872,0,,10,2013-09-21 17:00:00.000000 +00:00
LGA,2013,9,21,14,75.02,62.96,66.13,170,24.16638,37.97574,0,1008.9,10,2013-09-21 18:00:00.000000 +00:00
LGA,2013,9,21,15,73.94,62.96,68.57,170,19.56326,31.07106,0,1008.1,10,2013-09-21 19:00:00.000000 +00:00
LGA,2013,9,21,16,73.04,64.04,73.41,180,21.86482,36.82496,0,1007.9,10,2013-09-21 20:00:00.000000 +00:00
LGA,2013,9,21,17,71.96,64.94,78.57,170,20.71404,32.22184,0,1007.4,10,2013-09-21 21:00:00.000000 +00:00
LGA,2013,9,21,18,71.06,66.02,84.1,170,18.41248,29.92028,0,1006.8,10,2013-09-21 22:00:00.000000 +00:00
LGA,2013,9,21,19,71.6,66.2,84.1,180,17.2617,25.31716,0,,10,2013-09-21 23:00:00.000000 +00:00
LGA,2013,9,21,20,71.06,66.02,84.1,180,13.80936,24.16638,0,1006.2,10,2013-09-22 00:00:00.000000 +00:00
LGA,2013,9,21,21,71.6,66.2,88.34,180,23.0156,27.61872,0,,10,2013-09-22 01:00:00.000000 +00:00
LGA,2013,9,21,22,69.98,66.2,88.34,180,18.41248,27.61872,0,,10,2013-09-22 02:00:00.000000 +00:00
LGA,2013,9,21,23,69.98,66.92,90.02,180,13.80936,21.86482,0.13,,10,2013-09-22 03:00:00.000000 +00:00
LGA,2013,9,22,0,69.8,66.2,89.94,210,14.96014,,0.29,,4,2013-09-22 04:00:00.000000 +00:00
LGA,2013,9,22,1,66.2,64.4,93.92,340,12.65858,,0.28,,7,2013-09-22 05:00:00.000000 +00:00
LGA,2013,9,22,2,62.96,60.08,90.31,340,10.35702,,0.23,1004.3,5,2013-09-22 06:00:00.000000 +00:00
LGA,2013,9,22,3,64.04,59,83.66,330,6.90468,,0.04,1004.3,10,2013-09-22 07:00:00.000000 +00:00
LGA,2013,9,22,4,64.04,60.08,86.95,240,5.7539,,0.01,1005.5,10,2013-09-22 08:00:00.000000 +00:00
LGA,2013,9,22,5,64.04,59,83.66,310,10.35702,,0,1005.3,10,2013-09-22 09:00:00.000000 +00:00
LGA,2013,9,22,6,64.04,57.02,77.92,310,11.5078,,0,1005.9,10,2013-09-22 10:00:00.000000 +00:00
LGA,2013,9,22,7,64.04,55.94,74.94,300,14.96014,,0,1006.5,10,2013-09-22 11:00:00.000000 +00:00
LGA,2013,9,22,8,62.96,51.98,67.34,300,17.2617,,0,1007.2,10,2013-09-22 12:00:00.000000 +00:00
LGA,2013,9,22,9,64.04,48.02,55.95,330,14.96014,26.46794,0,1007.5,10,2013-09-22 13:00:00.000000 +00:00
LGA,2013,9,22,10,66.02,46.94,50.14,310,20.71404,25.31716,0,1007.6,10,2013-09-22 14:00:00.000000 +00:00
LGA,2013,9,22,11,66.02,46.04,48.47,300,13.80936,27.61872,0,1007.7,10,2013-09-22 15:00:00.000000 +00:00
LGA,2013,9,22,12,66.92,44.96,45.09,310,17.2617,23.0156,0,1007.9,10,2013-09-22 16:00:00.000000 +00:00
LGA,2013,9,22,13,66.92,44.96,45.09,320,16.11092,21.86482,0,1007.7,10,2013-09-22 17:00:00.000000 +00:00
LGA,2013,9,22,14,66.92,44.06,43.57,300,20.71404,,0,1007.7,10,2013-09-22 18:00:00.000000 +00:00
LGA,2013,9,22,15,66.92,44.96,45.09,310,14.96014,24.16638,0,1008.1,10,2013-09-22 19:00:00.000000 +00:00
LGA,2013,9,22,16,66.02,44.06,44.95,300,16.11092,24.16638,0,1008.3,10,2013-09-22 20:00:00.000000 +00:00
LGA,2013,9,22,17,64.94,44.06,46.67,320,16.11092,23.0156,0,1008.9,10,2013-09-22 21:00:00.000000 +00:00
LGA,2013,9,22,18,64.04,44.06,48.17,310,20.71404,25.31716,0,1009.5,10,2013-09-22 22:00:00.000000 +00:00
LGA,2013,9,22,19,62.06,44.96,53.44,320,14.96014,,0,1010.5,10,2013-09-22 23:00:00.000000 +00:00
LGA,2013,9,22,20,60.98,42.98,51.48,320,13.80936,,0,1011.3,10,2013-09-23 00:00:00.000000 +00:00
LGA,2013,9,22,21,59,44.06,57.57,330,18.41248,,0,1011.9,10,2013-09-23 01:00:00.000000 +00:00
LGA,2013,9,22,22,57.92,42.98,57.42,340,12.65858,19.56326,0,1012.7,10,2013-09-23 02:00:00.000000 +00:00
LGA,2013,9,22,23,57.02,41,54.95,340,12.65858,,0,1012.9,10,2013-09-23 03:00:00.000000 +00:00
LGA,2013,9,23,0,55.94,41,57.14,350,11.5078,20.71404,0,1013,10,2013-09-23 04:00:00.000000 +00:00
LGA,2013,9,23,1,55.04,39.92,56.62,340,10.35702,,0,1013.4,10,2013-09-23 05:00:00.000000 +00:00
LGA,2013,9,23,2,53.96,39.92,58.89,340,10.35702,,0,1013.4,10,2013-09-23 06:00:00.000000 +00:00
LGA,2013,9,23,3,53.96,39.92,58.89,340,6.90468,,0,1013.8,10,2013-09-23 07:00:00.000000 +00:00
LGA,2013,9,23,4,53.06,41,63.47,10,5.7539,,0,1014.2,10,2013-09-23 08:00:00.000000 +00:00
LGA,2013,9,23,5,53.06,39.02,58.77,10,10.35702,,0,1014.8,10,2013-09-23 09:00:00.000000 +00:00
LGA,2013,9,23,6,51.98,39.02,61.15,20,10.35702,,0,1015.5,10,2013-09-23 10:00:00.000000 +00:00
LGA,2013,9,23,7,53.06,41,63.47,330,10.35702,,0,1016.2,10,2013-09-23 11:00:00.000000 +00:00
LGA,2013,9,23,8,53.96,37.94,54.51,340,9.20624,,0,1016.3,10,2013-09-23 12:00:00.000000 +00:00
LGA,2013,9,23,9,55.94,39.02,52.91,310,13.80936,,0,1016.4,10,2013-09-23 13:00:00.000000 +00:00
LGA,2013,9,23,10,57.92,37.94,47.22,350,16.11092,,0,1015.8,10,2013-09-23 14:00:00.000000 +00:00
LGA,2013,9,23,11,59,37.94,45.43,330,11.5078,21.86482,0,1015.7,10,2013-09-23 15:00:00.000000 +00:00
LGA,2013,9,23,12,60.98,39.92,45.74,300,11.5078,,0,1015.4,10,2013-09-23 16:00:00.000000 +00:00
LGA,2013,9,23,13,64.04,39.92,41.06,300,16.11092,,0,1014.9,10,2013-09-23 17:00:00.000000 +00:00
LGA,2013,9,23,14,64.04,41,42.82,320,13.80936,,0,1014.5,10,2013-09-23 18:00:00.000000 +00:00
LGA,2013,9,23,15,64.94,39.92,39.79,310,17.2617,20.71404,0,1014.3,10,2013-09-23 19:00:00.000000 +00:00
LGA,2013,9,23,16,66.02,41,39.96,330,12.65858,,0,1014.4,10,2013-09-23 20:00:00.000000 +00:00
LGA,2013,9,23,17,64.94,41,41.49,310,12.65858,,0,1014.9,10,2013-09-23 21:00:00.000000 +00:00
LGA,2013,9,23,18,64.04,42.08,44.64,330,10.35702,,0,1015.2,10,2013-09-23 22:00:00.000000 +00:00
LGA,2013,9,23,19,62.96,42.98,48,310,13.80936,,0,1015.7,10,2013-09-23 23:00:00.000000 +00:00
LGA,2013,9,23,20,60.08,44.06,55.39,320,16.11092,23.0156,0,1016.4,10,2013-09-24 00:00:00.000000 +00:00
LGA,2013,9,23,21,57.92,42.98,57.42,330,11.5078,20.71404,0,1016.9,10,2013-09-24 01:00:00.000000 +00:00
LGA,2013,9,23,22,55.94,42.08,59.58,340,12.65858,,0,1017.3,10,2013-09-24 02:00:00.000000 +00:00
LGA,2013,9,23,23,55.04,42.08,61.56,340,6.90468,,0,1017.4,10,2013-09-24 03:00:00.000000 +00:00
LGA,2013,9,24,0,53.96,42.08,64.03,10,5.7539,,0,1017.4,10,2013-09-24 04:00:00.000000 +00:00
LGA,2013,9,24,1,53.06,42.08,66.17,10,10.35702,,0,1017.8,10,2013-09-24 05:00:00.000000 +00:00
LGA,2013,9,24,2,51.98,42.08,68.86,10,8.05546,,0,1017.5,10,2013-09-24 06:00:00.000000 +00:00
LGA,2013,9,24,3,51.08,41,68.28,360,9.20624,,0,1017.4,10,2013-09-24 07:00:00.000000 +00:00
LGA,2013,9,24,4,51.08,39.02,63.22,360,9.20624,,0,1017.5,10,2013-09-24 08:00:00.000000 +00:00
LGA,2013,9,24,5,50,39.92,68.15,10,4.60312,,0,1017.6,10,2013-09-24 09:00:00.000000 +00:00
LGA,2013,9,24,6,50,41,71.07,340,5.7539,,0,1017.7,10,2013-09-24 10:00:00.000000 +00:00
LGA,2013,9,24,7,51.08,39.92,65.48,310,5.7539,,0,1017.6,10,2013-09-24 11:00:00.000000 +00:00
LGA,2013,9,24,8,51.98,39.02,61.15,310,6.90468,,0,1017.2,10,2013-09-24 12:00:00.000000 +00:00
LGA,2013,9,24,9,53.96,39.02,56.86,,5.7539,,0,1016.7,10,2013-09-24 13:00:00.000000 +00:00
LGA,2013,9,24,10,57.02,39.02,50.88,330,6.90468,,0,1015.9,10,2013-09-24 14:00:00.000000 +00:00
LGA,2013,9,24,11,60.08,37.94,43.71,270,9.20624,,0,1015.3,10,2013-09-24 15:00:00.000000 +00:00
LGA,2013,9,24,12,64.04,41,42.82,300,6.90468,,0,1014.5,10,2013-09-24 16:00:00.000000 +00:00
LGA,2013,9,24,13,68,41,37.32,320,10.35702,,0,1013.2,10,2013-09-24 17:00:00.000000 +00:00
LGA,2013,9,24,14,69.98,39.92,33.44,,6.90468,,0,1012.3,10,2013-09-24 18:00:00.000000 +00:00
LGA,2013,9,24,15,73.04,41,31.43,310,11.5078,17.2617,0,1011.8,10,2013-09-24 19:00:00.000000 +00:00
LGA,2013,9,24,16,73.04,41,31.43,320,11.5078,,0,1011.5,10,2013-09-24 20:00:00.000000 +00:00
LGA,2013,9,24,17,71.96,41,32.6,320,12.65858,,0,1011.5,10,2013-09-24 21:00:00.000000 +00:00
LGA,2013,9,24,18,71.06,44.06,37.81,320,12.65858,,0,1011.6,10,2013-09-24 22:00:00.000000 +00:00
LGA,2013,9,24,19,69.08,42.98,38.81,310,10.35702,,0,1011.7,10,2013-09-24 23:00:00.000000 +00:00
LGA,2013,9,24,20,68,42.08,38.91,310,11.5078,,0,1012.2,10,2013-09-25 00:00:00.000000 +00:00
LGA,2013,9,24,21,66.02,44.06,44.95,330,11.5078,,0,1013,10,2013-09-25 01:00:00.000000 +00:00
LGA,2013,9,24,22,64.94,42.98,44.78,330,13.80936,,0,1013.4,10,2013-09-25 02:00:00.000000 +00:00
LGA,2013,9,24,23,62.96,44.06,50.03,20,8.05546,,0,1013.7,10,2013-09-25 03:00:00.000000 +00:00
LGA,2013,9,25,0,60.98,42.98,51.48,30,6.90468,,0,1013.8,10,2013-09-25 04:00:00.000000 +00:00
LGA,2013,9,25,1,59,41,51.18,10,8.05546,,0,1014,10,2013-09-25 05:00:00.000000 +00:00
LGA,2013,9,25,2,57.92,41,53.2,0,0,,0,1013.9,10,2013-09-25 06:00:00.000000 +00:00
LGA,2013,9,25,3,57.02,41,54.95,60,9.20624,,0,1013.9,10,2013-09-25 07:00:00.000000 +00:00
LGA,2013,9,25,4,57.02,42.08,57.29,350,5.7539,,0,1013.6,10,2013-09-25 08:00:00.000000 +00:00
LGA,2013,9,25,5,55.94,41,57.14,20,5.7539,,0,1014,10,2013-09-25 09:00:00.000000 +00:00
LGA,2013,9,25,6,55.04,41,59.04,360,4.60312,,0,1014.2,10,2013-09-25 10:00:00.000000 +00:00
LGA,2013,9,25,7,57.02,42.08,57.29,20,3.45234,,0,1014.3,10,2013-09-25 11:00:00.000000 +00:00
LGA,2013,9,25,8,60.08,44.06,55.39,10,3.45234,,0,1014.5,10,2013-09-25 12:00:00.000000 +00:00
LGA,2013,9,25,9,62.96,44.06,50.03,10,4.60312,,0,1014.5,10,2013-09-25 13:00:00.000000 +00:00
LGA,2013,9,25,10,64.04,44.06,48.17,300,4.60312,,0,1014.4,10,2013-09-25 14:00:00.000000 +00:00
LGA,2013,9,25,11,66.92,39.92,37.15,330,5.7539,,0,1014,10,2013-09-25 15:00:00.000000 +00:00
LGA,2013,9,25,12,68,37.94,33.12,320,5.7539,,0,1013.5,10,2013-09-25 16:00:00.000000 +00:00
LGA,2013,9,25,13,69.08,39.92,34.48,350,3.45234,,0,1012.8,10,2013-09-25 17:00:00.000000 +00:00
LGA,2013,9,25,14,71.96,41,32.6,310,5.7539,,0,1012.1,10,2013-09-25 18:00:00.000000 +00:00
LGA,2013,9,25,15,71.96,41,32.6,0,0,,0,1011.7,10,2013-09-25 19:00:00.000000 +00:00
LGA,2013,9,25,16,71.06,44.06,37.81,40,3.45234,,0,1011.6,10,2013-09-25 20:00:00.000000 +00:00
LGA,2013,9,25,17,71.06,44.06,37.81,60,6.90468,,0,1011.9,10,2013-09-25 21:00:00.000000 +00:00
LGA,2013,9,25,18,69.98,46.04,42.29,40,5.7539,,0,1012,10,2013-09-25 22:00:00.000000 +00:00
LGA,2013,9,25,19,68,48.02,48.77,40,3.45234,,0,1012.4,10,2013-09-25 23:00:00.000000 +00:00
LGA,2013,9,25,20,66.92,46.04,46.98,70,5.7539,,0,1012.9,10,2013-09-26 00:00:00.000000 +00:00
LGA,2013,9,25,21,66.92,48.02,50.62,160,4.60312,,0,1013.2,10,2013-09-26 01:00:00.000000 +00:00
LGA,2013,9,25,22,64.04,53.06,67.46,0,0,,0,1013.4,10,2013-09-26 02:00:00.000000 +00:00
LGA,2013,9,25,23,64.04,55.04,72.53,0,0,,0,1013.7,10,2013-09-26 03:00:00.000000 +00:00
LGA,2013,9,26,0,62.96,53.96,72.42,0,0,,0,1013.9,10,2013-09-26 04:00:00.000000 +00:00
LGA,2013,9,26,1,62.96,51.98,67.34,50,3.45234,,0,1013.9,10,2013-09-26 05:00:00.000000 +00:00
LGA,2013,9,26,2,60.98,51.08,69.86,30,8.05546,,0,1013.8,10,2013-09-26 06:00:00.000000 +00:00
LGA,2013,9,26,3,60.08,51.08,72.13,30,8.05546,,0,1014,10,2013-09-26 07:00:00.000000 +00:00
LGA,2013,9,26,4,59,51.98,77.49,20,6.90468,,0,1014.3,10,2013-09-26 08:00:00.000000 +00:00
LGA,2013,9,26,5,59,53.06,80.64,10,5.7539,,0,1014.8,10,2013-09-26 09:00:00.000000 +00:00
LGA,2013,9,26,6,59,53.06,80.64,20,6.90468,,0,1015.2,10,2013-09-26 10:00:00.000000 +00:00
LGA,2013,9,26,7,60.08,53.6,82.25,10,8.05546,,0,,10,2013-09-26 11:00:00.000000 +00:00
LGA,2013,9,26,8,62.06,53.96,74.75,40,8.05546,,0,1016.1,10,2013-09-26 12:00:00.000000 +00:00
LGA,2013,9,26,9,64.04,55.04,72.53,40,13.80936,,0,1016.7,10,2013-09-26 13:00:00.000000 +00:00
LGA,2013,9,26,10,64.94,55.4,72.56,50,16.11092,,0,,10,2013-09-26 14:00:00.000000 +00:00
LGA,2013,9,26,11,66.02,53.96,65.07,40,16.11092,21.86482,0,1017,10,2013-09-26 15:00:00.000000 +00:00
LGA,2013,9,26,12,64.94,53.06,65.37,40,12.65858,,0,1017.1,10,2013-09-26 16:00:00.000000 +00:00
LGA,2013,9,26,13,66.02,53.06,62.96,60,9.20624,,0,1016.6,10,2013-09-26 17:00:00.000000 +00:00
LGA,2013,9,26,14,66.92,51.98,58.65,50,8.05546,,0,1016.5,10,2013-09-26 18:00:00.000000 +00:00
LGA,2013,9,26,15,68,51.08,54.66,50,8.05546,,0,1016.4,10,2013-09-26 19:00:00.000000 +00:00
LGA,2013,9,26,16,66.92,51.08,56.73,,4.60312,,0,1016.7,10,2013-09-26 20:00:00.000000 +00:00
LGA,2013,9,26,17,66.02,53.06,62.96,190,8.05546,,0,1017,10,2013-09-26 21:00:00.000000 +00:00
LGA,2013,9,26,18,66.2,53.6,67.46,,6.90468,,0,,10,2013-09-26 22:00:00.000000 +00:00
LGA,2013,9,26,19,64.04,53.96,69.72,160,4.60312,,0,1018,10,2013-09-26 23:00:00.000000 +00:00
LGA,2013,9,26,20,62.96,53.06,70.07,140,6.90468,,0,1018.5,10,2013-09-27 00:00:00.000000 +00:00
LGA,2013,9,26,21,62.06,53.06,72.33,130,5.7539,,0,1019,10,2013-09-27 01:00:00.000000 +00:00
LGA,2013,9,26,22,60.98,51.98,72.22,130,9.20624,,0,1019.1,10,2013-09-27 02:00:00.000000 +00:00
LGA,2013,9,26,23,60.08,51.08,72.13,150,5.7539,,0,1019.3,10,2013-09-27 03:00:00.000000 +00:00
LGA,2013,9,27,0,60.08,51.08,72.13,0,0,,0,1019.4,10,2013-09-27 04:00:00.000000 +00:00
LGA,2013,9,27,1,60.08,53.06,77.59,0,0,,0,1019.8,10,2013-09-27 05:00:00.000000 +00:00
LGA,2013,9,27,2,59,53.96,83.34,30,4.60312,,0,1020,10,2013-09-27 06:00:00.000000 +00:00
LGA,2013,9,27,3,59,53.06,80.64,10,5.7539,,0,1020.2,10,2013-09-27 07:00:00.000000 +00:00
LGA,2013,9,27,4,57.92,51.8,82.12,360,6.90468,,0,,10,2013-09-27 08:00:00.000000 +00:00
LGA,2013,9,27,5,57.92,48.02,69.52,40,10.35702,,0,1021.2,10,2013-09-27 09:00:00.000000 +00:00
LGA,2013,9,27,6,57.92,48.02,69.52,40,9.20624,,0,1021.8,10,2013-09-27 10:00:00.000000 +00:00
LGA,2013,9,27,7,57.02,48.02,71.81,40,9.20624,,0,1022.6,10,2013-09-27 11:00:00.000000 +00:00
LGA,2013,9,27,8,57.92,48.02,69.52,40,9.20624,,0,1023.1,10,2013-09-27 12:00:00.000000 +00:00
LGA,2013,9,27,9,60.08,50,69.29,60,8.05546,,0,1023.5,10,2013-09-27 13:00:00.000000 +00:00
LGA,2013,9,27,10,62.06,51.08,67.24,50,10.35702,,0,1023.7,10,2013-09-27 14:00:00.000000 +00:00
LGA,2013,9,27,11,62.96,51.98,67.34,50,9.20624,,0,1023.6,10,2013-09-27 15:00:00.000000 +00:00
LGA,2013,9,27,12,66.02,51.98,60.51,50,11.5078,,0,1023.3,10,2013-09-27 16:00:00.000000 +00:00
LGA,2013,9,27,13,66.02,48.92,54.01,40,11.5078,,0,1022.9,10,2013-09-27 17:00:00.000000 +00:00
LGA,2013,9,27,14,64.94,48.92,56.08,50,10.35702,,0,1022.7,10,2013-09-27 18:00:00.000000 +00:00
LGA,2013,9,27,15,64.94,48.92,56.08,50,9.20624,,0,1022.6,10,2013-09-27 19:00:00.000000 +00:00
LGA,2013,9,27,16,64.94,50,58.39,40,9.20624,,0,1022.8,10,2013-09-27 20:00:00.000000 +00:00
LGA,2013,9,27,17,64.04,50,60.25,70,8.05546,,0,1023.1,10,2013-09-27 21:00:00.000000 +00:00
LGA,2013,9,27,18,64.04,51.08,62.71,50,3.45234,,0,1023.3,10,2013-09-27 22:00:00.000000 +00:00
LGA,2013,9,27,19,64.04,48.92,57.87,60,10.35702,,0,1023.5,10,2013-09-27 23:00:00.000000 +00:00
LGA,2013,9,27,20,64.04,48.92,57.87,20,8.05546,,0,1023.8,10,2013-09-28 00:00:00.000000 +00:00
LGA,2013,9,27,21,62.96,50,62.58,50,10.35702,,0,1024.3,10,2013-09-28 01:00:00.000000 +00:00
LGA,2013,9,27,22,62.96,50,62.58,40,9.20624,,0,1024.7,10,2013-09-28 02:00:00.000000 +00:00
LGA,2013,9,27,23,62.06,50,64.59,50,6.90468,,0,1024.9,10,2013-09-28 03:00:00.000000 +00:00
LGA,2013,9,28,0,62.06,51.08,67.24,60,8.05546,,0,1024.6,10,2013-09-28 04:00:00.000000 +00:00
LGA,2013,9,28,1,60.98,51.08,69.86,350,9.20624,,0,1024.5,10,2013-09-28 05:00:00.000000 +00:00
LGA,2013,9,28,2,60.08,50,69.29,10,5.7539,,0,1024.5,10,2013-09-28 06:00:00.000000 +00:00
LGA,2013,9,28,3,59,50,72.01,10,4.60312,,0,1024.6,10,2013-09-28 07:00:00.000000 +00:00
LGA,2013,9,28,4,59,50,72.01,30,8.05546,,0,1024.9,10,2013-09-28 08:00:00.000000 +00:00
LGA,2013,9,28,5,57.92,50,74.86,10,6.90468,,0,1025.3,10,2013-09-28 09:00:00.000000 +00:00
LGA,2013,9,28,6,57.92,50,74.86,10,8.05546,,0,1025.9,10,2013-09-28 10:00:00.000000 +00:00
LGA,2013,9,28,7,59,50,72.01,10,5.7539,,0,1026.2,10,2013-09-28 11:00:00.000000 +00:00
LGA,2013,9,28,8,62.06,50,64.59,40,6.90468,,0,1026.6,10,2013-09-28 12:00:00.000000 +00:00
LGA,2013,9,28,9,64.04,50,60.25,50,8.05546,,0,1026.8,10,2013-09-28 13:00:00.000000 +00:00
LGA,2013,9,28,10,66.02,51.08,58.53,60,6.90468,,0,1026.7,10,2013-09-28 14:00:00.000000 +00:00
LGA,2013,9,28,11,68,48.92,50.44,40,9.20624,,0,1026.6,10,2013-09-28 15:00:00.000000 +00:00
LGA,2013,9,28,12,69.98,48.92,47.13,50,11.5078,,0,1026.1,10,2013-09-28 16:00:00.000000 +00:00
LGA,2013,9,28,13,71.06,48.92,45.43,60,9.20624,,0,1025.5,10,2013-09-28 17:00:00.000000 +00:00
LGA,2013,9,28,14,71.06,48.02,43.92,50,11.5078,,0,1025,10,2013-09-28 18:00:00.000000 +00:00
LGA,2013,9,28,15,71.06,48.02,43.92,60,12.65858,,0,1024.7,10,2013-09-28 19:00:00.000000 +00:00
LGA,2013,9,28,16,71.06,46.94,42.17,60,10.35702,,0,1024.4,10,2013-09-28 20:00:00.000000 +00:00
LGA,2013,9,28,17,71.96,48.02,42.6,60,10.35702,,0,1024.4,10,2013-09-28 21:00:00.000000 +00:00
LGA,2013,9,28,18,68,50,52.51,190,3.45234,,0,1024.4,10,2013-09-28 22:00:00.000000 +00:00
LGA,2013,9,28,19,66.92,51.08,56.73,170,5.7539,,0,1024.3,10,2013-09-28 23:00:00.000000 +00:00
LGA,2013,9,28,20,66.02,48.92,54.01,170,3.45234,,0,1024.4,10,2013-09-29 00:00:00.000000 +00:00
LGA,2013,9,28,21,66.02,50,56.23,150,4.60312,,0,1024.5,10,2013-09-29 01:00:00.000000 +00:00
LGA,2013,9,28,22,66.02,50,56.23,150,4.60312,,0,1024.4,10,2013-09-29 02:00:00.000000 +00:00
LGA,2013,9,28,23,64.04,53.06,67.46,140,4.60312,,0,1023.9,10,2013-09-29 03:00:00.000000 +00:00
LGA,2013,9,29,0,62.96,53.06,70.07,0,0,,0,1023.7,10,2013-09-29 04:00:00.000000 +00:00
LGA,2013,9,29,1,62.06,53.96,74.75,70,3.45234,,0,1023.5,10,2013-09-29 05:00:00.000000 +00:00
LGA,2013,9,29,2,62.06,55.04,77.75,30,4.60312,,0,1023,10,2013-09-29 06:00:00.000000 +00:00
LGA,2013,9,29,3,60.98,53.96,77.66,40,5.7539,,0,1022.4,10,2013-09-29 07:00:00.000000 +00:00
LGA,2013,9,29,4,60.08,55.04,83.41,30,4.60312,,0,1022.2,10,2013-09-29 08:00:00.000000 +00:00
LGA,2013,9,29,5,60.08,55.04,83.41,20,3.45234,,0,1022.2,10,2013-09-29 09:00:00.000000 +00:00
LGA,2013,9,29,6,60.08,55.94,86.18,0,0,,0,1022.2,10,2013-09-29 10:00:00.000000 +00:00
LGA,2013,9,29,7,60.98,55.94,83.47,0,0,,0,1022.6,10,2013-09-29 11:00:00.000000 +00:00
LGA,2013,9,29,8,60.98,55.94,83.47,50,4.60312,,0,,10,2013-09-29 12:00:00.000000 +00:00
LGA,2013,9,29,9,64.94,57.2,82.5,90,9.20624,,0,,10,2013-09-29 13:00:00.000000 +00:00
LGA,2013,9,29,10,66.02,53.96,65.07,60,6.90468,,0,1022.5,10,2013-09-29 14:00:00.000000 +00:00
LGA,2013,9,29,11,66.02,53.96,65.07,50,10.35702,,0,1021.9,10,2013-09-29 15:00:00.000000 +00:00
LGA,2013,9,29,12,66.92,53.96,63.08,60,11.5078,,0,1021.6,10,2013-09-29 16:00:00.000000 +00:00
LGA,2013,9,29,13,69.08,50,50.6,70,9.20624,,0,1020.8,10,2013-09-29 17:00:00.000000 +00:00
LGA,2013,9,29,14,69.98,48.92,47.13,40,10.35702,,0,1020.2,10,2013-09-29 18:00:00.000000 +00:00
LGA,2013,9,29,15,69.08,48.02,46.99,40,9.20624,,0,1019.4,10,2013-09-29 19:00:00.000000 +00:00
LGA,2013,9,29,16,69.08,50,50.6,50,9.20624,,0,1018.9,10,2013-09-29 20:00:00.000000 +00:00
LGA,2013,9,29,17,68,50,52.51,,6.90468,,0,1018.9,10,2013-09-29 21:00:00.000000 +00:00
LGA,2013,9,29,18,64.04,51.08,62.71,170,8.05546,,0,1019,10,2013-09-29 22:00:00.000000 +00:00
LGA,2013,9,29,19,62.96,51.08,65.14,170,6.90468,,0,1019.3,10,2013-09-29 23:00:00.000000 +00:00
LGA,2013,9,29,20,62.06,51.08,67.24,170,5.7539,,0,1019.4,10,2013-09-30 00:00:00.000000 +00:00
LGA,2013,9,29,21,62.06,51.08,67.24,140,3.45234,,0,1019.2,10,2013-09-30 01:00:00.000000 +00:00
LGA,2013,9,29,22,62.06,51.08,67.24,60,3.45234,,0,1019.2,10,2013-09-30 02:00:00.000000 +00:00
LGA,2013,9,29,23,60.98,51.98,72.22,0,0,,0,1019,10,2013-09-30 03:00:00.000000 +00:00
LGA,2013,9,30,0,60.98,51.98,72.22,0,0,,0,1018.5,10,2013-09-30 04:00:00.000000 +00:00
LGA,2013,9,30,1,59,51.98,77.49,110,4.60312,,0,1018.8,10,2013-09-30 05:00:00.000000 +00:00
LGA,2013,9,30,2,59,53.06,80.64,100,3.45234,,0,1018.4,10,2013-09-30 06:00:00.000000 +00:00
LGA,2013,9,30,3,60.08,53.96,80.19,340,4.60312,,0,1017.9,10,2013-09-30 07:00:00.000000 +00:00
LGA,2013,9,30,4,59,53.06,80.64,10,3.45234,,0,1017.8,10,2013-09-30 08:00:00.000000 +00:00
LGA,2013,9,30,5,59,53.06,80.64,360,4.60312,,0,1018,10,2013-09-30 09:00:00.000000 +00:00
LGA,2013,9,30,6,57.92,51.98,80.55,10,5.7539,,0,1018.5,10,2013-09-30 10:00:00.000000 +00:00
LGA,2013,9,30,7,60.08,51.98,74.56,360,4.60312,,0,1018.5,10,2013-09-30 11:00:00.000000 +00:00
LGA,2013,9,30,8,60.98,51.08,69.86,,5.7539,,0,1018.6,10,2013-09-30 12:00:00.000000 +00:00
LGA,2013,9,30,9,62.96,51.08,65.14,60,4.60312,,0,1018.3,10,2013-09-30 13:00:00.000000 +00:00
LGA,2013,9,30,10,64.94,50,58.39,,3.45234,,0,1018.2,10,2013-09-30 14:00:00.000000 +00:00
LGA,2013,9,30,11,66.92,48.92,52.35,70,8.05546,,0,1017.5,10,2013-09-30 15:00:00.000000 +00:00
LGA,2013,9,30,12,69.08,48.02,46.99,70,5.7539,,0,1016.7,10,2013-09-30 16:00:00.000000 +00:00
LGA,2013,9,30,13,71.06,46.94,42.17,90,8.05546,,0,1016.1,10,2013-09-30 17:00:00.000000 +00:00
LGA,2013,9,30,14,71.96,46.94,40.9,,3.45234,,0,1015.8,10,2013-09-30 18:00:00.000000 +00:00
LGA,2013,9,30,15,71.06,46.04,40.76,0,0,,0,1015.4,10,2013-09-30 19:00:00.000000 +00:00
LGA,2013,9,30,16,73.04,51.08,46.04,140,6.90468,,0,1015.1,10,2013-09-30 20:00:00.000000 +00:00
LGA,2013,9,30,17,69.08,51.08,52.67,180,6.90468,,0,1015,10,2013-09-30 21:00:00.000000 +00:00
LGA,2013,9,30,18,66.92,51.98,58.65,160,9.20624,,0,1015.4,10,2013-09-30 22:00:00.000000 +00:00
LGA,2013,9,30,19,64.94,53.96,67.57,200,9.20624,,0,1015.5,10,2013-09-30 23:00:00.000000 +00:00
LGA,2013,9,30,20,64.94,53.96,67.57,190,6.90468,,0,1015.7,10,2013-10-01 00:00:00.000000 +00:00
LGA,2013,9,30,21,64.94,53.06,65.37,210,8.05546,,0,1015.8,10,2013-10-01 01:00:00.000000 +00:00
LGA,2013,9,30,22,64.94,53.06,65.37,200,6.90468,,0,1015.8,10,2013-10-01 02:00:00.000000 +00:00
LGA,2013,9,30,23,64.04,53.06,67.46,220,6.90468,,0,1015.6,10,2013-10-01 03:00:00.000000 +00:00
LGA,2013,10,1,0,62.96,51.98,67.34,230,5.7539,,0,1015.4,10,2013-10-01 04:00:00.000000 +00:00
LGA,2013,10,1,1,62.06,51.98,69.51,0,0,,0,1015.4,10,2013-10-01 05:00:00.000000 +00:00
LGA,2013,10,1,2,62.96,51.08,65.14,270,4.60312,,0,1015.2,10,2013-10-01 06:00:00.000000 +00:00
LGA,2013,10,1,3,62.96,51.08,65.14,290,4.60312,,0,1015,10,2013-10-01 07:00:00.000000 +00:00
LGA,2013,10,1,4,62.06,50,64.59,240,3.45234,,0,1015.1,10,2013-10-01 08:00:00.000000 +00:00
LGA,2013,10,1,5,62.06,51.08,67.24,310,5.7539,,0,1015.3,10,2013-10-01 09:00:00.000000 +00:00
LGA,2013,10,1,6,62.06,51.08,67.24,290,6.90468,,0,1015.7,10,2013-10-01 10:00:00.000000 +00:00
LGA,2013,10,1,7,62.96,51.08,65.14,310,4.60312,,0,1015.8,10,2013-10-01 11:00:00.000000 +00:00
LGA,2013,10,1,8,64.94,51.08,60.77,300,4.60312,,0,1015.9,10,2013-10-01 12:00:00.000000 +00:00
LGA,2013,10,1,9,68,51.98,56.51,310,9.20624,,0,1016,10,2013-10-01 13:00:00.000000 +00:00
LGA,2013,10,1,10,69.98,51.08,51.07,310,4.60312,,0,1015.7,10,2013-10-01 14:00:00.000000 +00:00
LGA,2013,10,1,11,73.94,51.08,44.66,310,4.60312,,0,1015.1,10,2013-10-01 15:00:00.000000 +00:00
LGA,2013,10,1,12,77,50,38.74,320,5.7539,,0,1014.5,10,2013-10-01 16:00:00.000000 +00:00
LGA,2013,10,1,13,78.98,50,36.29,320,6.90468,,0,1013.7,10,2013-10-01 17:00:00.000000 +00:00
LGA,2013,10,1,14,80.06,51.08,36.46,,3.45234,,0,1013,10,2013-10-01 18:00:00.000000 +00:00
LGA,2013,10,1,15,80.06,51.98,37.69,240,6.90468,,0,1012.3,10,2013-10-01 19:00:00.000000 +00:00
LGA,2013,10,1,16,80.06,53.06,39.22,300,11.5078,,0,1012.1,10,2013-10-01 20:00:00.000000 +00:00
LGA,2013,10,1,17,78.98,53.96,42,250,10.35702,,0,1012.4,10,2013-10-01 21:00:00.000000 +00:00
LGA,2013,10,1,18,77,55.04,46.64,250,9.20624,,0,1012.6,10,2013-10-01 22:00:00.000000 +00:00
LGA,2013,10,1,19,77,55.04,46.64,270,8.05546,,0,1013.1,10,2013-10-01 23:00:00.000000 +00:00
LGA,2013,10,1,20,73.94,57.92,57.32,310,9.20624,,0,1013.5,10,2013-10-02 00:00:00.000000 +00:00
LGA,2013,10,1,21,71.96,57.92,61.28,300,6.90468,,0,1013.6,10,2013-10-02 01:00:00.000000 +00:00
LGA,2013,10,1,22,71.96,57.92,61.28,310,6.90468,,0,1013.7,10,2013-10-02 02:00:00.000000 +00:00
LGA,2013,10,1,23,71.06,57.02,61.16,300,5.7539,,0,1013.7,10,2013-10-02 03:00:00.000000 +00:00
LGA,2013,10,2,0,71.06,55.94,58.82,280,3.45234,,0,1013.9,10,2013-10-02 04:00:00.000000 +00:00
LGA,2013,10,2,1,69.08,57.02,65.44,280,3.45234,,0,1014.3,10,2013-10-02 05:00:00.000000 +00:00
LGA,2013,10,2,2,68,55.94,65.31,0,0,,0,1014,10,2013-10-02 06:00:00.000000 +00:00
LGA,2013,10,2,3,68,55.04,63.21,0,0,,0,1014,10,2013-10-02 07:00:00.000000 +00:00
LGA,2013,10,2,4,66.92,55.04,65.61,0,0,,0,1014.1,10,2013-10-02 08:00:00.000000 +00:00
LGA,2013,10,2,5,66.92,51.98,58.65,250,3.45234,,0,1014.4,10,2013-10-02 09:00:00.000000 +00:00
LGA,2013,10,2,6,66.02,53.06,62.96,220,5.7539,,0,1014.6,10,2013-10-02 10:00:00.000000 +00:00
LGA,2013,10,2,7,66.92,53.96,63.08,180,4.60312,,0,1014.7,10,2013-10-02 11:00:00.000000 +00:00
LGA,2013,10,2,8,71.96,53.96,53.08,0,0,,0,1015.1,10,2013-10-02 12:00:00.000000 +00:00
LGA,2013,10,2,9,73.04,53.96,51.18,280,10.35702,,0,1015.4,10,2013-10-02 13:00:00.000000 +00:00
LGA,2013,10,2,10,73.94,55.04,51.65,290,10.35702,,0,1015.2,10,2013-10-02 14:00:00.000000 +00:00
LGA,2013,10,2,11,75.92,57.02,51.94,310,12.65858,,0,1014.8,10,2013-10-02 15:00:00.000000 +00:00
LGA,2013,10,2,12,78.98,55.04,43.68,260,12.65858,,0,1013.8,10,2013-10-02 16:00:00.000000 +00:00
LGA,2013,10,2,13,82.04,55.94,40.84,280,11.5078,20.71404,0,1013.3,10,2013-10-02 17:00:00.000000 +00:00
LGA,2013,10,2,14,82.94,55.94,39.67,290,11.5078,24.16638,0,1013,10,2013-10-02 18:00:00.000000 +00:00
LGA,2013,10,2,15,82.94,57.02,41.25,310,12.65858,23.0156,0,1012.8,10,2013-10-02 19:00:00.000000 +00:00
LGA,2013,10,2,16,84.02,57.92,41.15,270,10.35702,,0,1012.5,10,2013-10-02 20:00:00.000000 +00:00
LGA,2013,10,2,17,80.96,57.92,45.44,330,9.20624,,0,1012.8,10,2013-10-02 21:00:00.000000 +00:00
LGA,2013,10,2,18,78.98,59,50.39,330,6.90468,,0,1013.2,10,2013-10-02 22:00:00.000000 +00:00
LGA,2013,10,2,19,78.98,59,50.39,320,4.60312,,0,1013.8,10,2013-10-02 23:00:00.000000 +00:00
LGA,2013,10,2,20,77,60.08,55.91,330,6.90468,,0,1014.8,10,2013-10-03 00:00:00.000000 +00:00
LGA,2013,10,2,21,75.02,59,57.47,330,5.7539,,0,1015.2,10,2013-10-03 01:00:00.000000 +00:00
LGA,2013,10,2,22,73.94,59,59.58,310,4.60312,,0,1015.8,10,2013-10-03 02:00:00.000000 +00:00
LGA,2013,10,2,23,73.04,59,61.41,310,6.90468,,0,1016.1,10,2013-10-03 03:00:00.000000 +00:00
LGA,2013,10,3,0,71.96,59,63.7,310,5.7539,,0,1016.4,10,2013-10-03 04:00:00.000000 +00:00
LGA,2013,10,3,1,71.06,60.08,68.25,290,5.7539,,0,1016.8,10,2013-10-03 05:00:00.000000 +00:00
LGA,2013,10,3,2,69.98,57.92,65.54,310,8.05546,,0,1016.9,10,2013-10-03 06:00:00.000000 +00:00
LGA,2013,10,3,3,69.08,57.02,65.44,320,5.7539,,0,1017.3,10,2013-10-03 07:00:00.000000 +00:00
LGA,2013,10,3,4,68,55.94,65.31,60,4.60312,,0,1017.6,10,2013-10-03 08:00:00.000000 +00:00
LGA,2013,10,3,5,66.02,57.92,75.12,0,0,,0,1018.2,10,2013-10-03 09:00:00.000000 +00:00
LGA,2013,10,3,6,64.94,60.98,87,0,0,,0,1018.8,9,2013-10-03 10:00:00.000000 +00:00
LGA,2013,10,3,7,66.92,59,75.69,50,4.60312,,0,1019.1,9,2013-10-03 11:00:00.000000 +00:00
LGA,2013,10,3,8,69.08,57.02,65.44,0,0,,0,1019.7,9,2013-10-03 12:00:00.000000 +00:00
LGA,2013,10,3,9,71.06,51.98,50.89,40,3.45234,,0,1019.9,10,2013-10-03 13:00:00.000000 +00:00
LGA,2013,10,3,10,71.96,50,45.87,60,4.60312,,0,1019.8,10,2013-10-03 14:00:00.000000 +00:00
LGA,2013,10,3,11,73.04,51.98,47.59,60,5.7539,,0,1019.4,10,2013-10-03 15:00:00.000000 +00:00
LGA,2013,10,3,12,77,53.06,43.38,320,3.45234,,0,1018.7,10,2013-10-03 16:00:00.000000 +00:00
LGA,2013,10,3,13,77,44.96,32.05,270,5.7539,,0,1018.1,10,2013-10-03 17:00:00.000000 +00:00
LGA,2013,10,3,14,77,46.94,34.55,300,3.45234,,0,1017.7,10,2013-10-03 18:00:00.000000 +00:00
LGA,2013,10,3,15,78.98,48.92,34.86,,4.60312,,0,1017.3,10,2013-10-03 19:00:00.000000 +00:00
LGA,2013,10,3,16,77,50,38.74,170,6.90468,,0,1017.2,10,2013-10-03 20:00:00.000000 +00:00
LGA,2013,10,3,17,73.94,50,42.91,180,8.05546,,0,1017.5,10,2013-10-03 21:00:00.000000 +00:00
LGA,2013,10,3,18,71.06,53.96,54.73,180,8.05546,,0,1017.8,10,2013-10-03 22:00:00.000000 +00:00
LGA,2013,10,3,19,71.96,55.04,55.22,160,8.05546,,0,1017.8,10,2013-10-03 23:00:00.000000 +00:00
LGA,2013,10,3,20,71.06,55.04,56.93,190,6.90468,,0,1018,10,2013-10-04 00:00:00.000000 +00:00
LGA,2013,10,3,21,71.06,53.06,52.95,180,8.05546,,0,1018,10,2013-10-04 01:00:00.000000 +00:00
LGA,2013,10,3,22,71.06,51.98,50.89,210,6.90468,,0,1018.3,10,2013-10-04 02:00:00.000000 +00:00
LGA,2013,10,3,23,69.98,51.08,51.07,200,5.7539,,0,1018.2,10,2013-10-04 03:00:00.000000 +00:00
LGA,2013,10,4,0,69.98,53.06,54.94,190,5.7539,,0,1017.7,10,2013-10-04 04:00:00.000000 +00:00
LGA,2013,10,4,1,69.08,53.96,58.56,0,0,,0,1017.8,10,2013-10-04 05:00:00.000000 +00:00
LGA,2013,10,4,2,69.08,55.04,60.91,180,3.45234,,0,1017.4,10,2013-10-04 06:00:00.000000 +00:00
LGA,2013,10,4,3,68,55.94,65.31,0,0,,0,1017.2,10,2013-10-04 07:00:00.000000 +00:00
LGA,2013,10,4,4,68,55.94,65.31,0,0,,0,1017.3,10,2013-10-04 08:00:00.000000 +00:00
LGA,2013,10,4,5,68,57.02,67.91,0,0,,0,1017.3,10,2013-10-04 09:00:00.000000 +00:00
LGA,2013,10,4,6,68,57.92,70.15,180,5.7539,,0,1017.3,9,2013-10-04 10:00:00.000000 +00:00
LGA,2013,10,4,7,68,59,72.92,210,4.60312,,0,1017.6,7,2013-10-04 11:00:00.000000 +00:00
LGA,2013,10,4,8,71.96,60.08,66.2,0,0,,0,1017.9,5,2013-10-04 12:00:00.000000 +00:00
LGA,2013,10,4,9,73.94,60.98,63.94,230,3.45234,,0,1017.7,5,2013-10-04 13:00:00.000000 +00:00
LGA,2013,10,4,10,77,62.06,59.98,0,0,,0,1017.4,6,2013-10-04 14:00:00.000000 +00:00
LGA,2013,10,4,11,78.98,60.98,54.08,220,6.90468,,0,1016.9,7,2013-10-04 15:00:00.000000 +00:00
LGA,2013,10,4,12,82.04,60.98,48.93,220,10.35702,,0,1016.2,10,2013-10-04 16:00:00.000000 +00:00
LGA,2013,10,4,13,84.92,60.08,43.18,210,11.5078,18.41248,0,1015.2,10,2013-10-04 17:00:00.000000 +00:00
LGA,2013,10,4,14,84.92,60.08,43.18,240,9.20624,,0,1014.7,10,2013-10-04 18:00:00.000000 +00:00
LGA,2013,10,4,15,82.94,62.06,49.37,170,13.80936,19.56326,0,1014.4,10,2013-10-04 19:00:00.000000 +00:00
LGA,2013,10,4,16,80.96,62.06,52.66,180,10.35702,,0,1014.6,10,2013-10-04 20:00:00.000000 +00:00
LGA,2013,10,4,17,78.98,60.98,54.08,,6.90468,,0,1015.1,10,2013-10-04 21:00:00.000000 +00:00
LGA,2013,10,4,18,75.92,62.96,64.17,150,8.05546,,0.03,1015.3,10,2013-10-04 22:00:00.000000 +00:00
LGA,2013,10,4,19,75.92,62.96,64.17,,4.60312,,0,1015.5,10,2013-10-04 23:00:00.000000 +00:00
LGA,2013,10,4,20,73.04,64.04,73.41,50,9.20624,,0,1016.1,9,2013-10-05 00:00:00.000000 +00:00
LGA,2013,10,4,21,69.98,64.94,84.04,30,4.60312,,0,1016.3,8,2013-10-05 01:00:00.000000 +00:00
LGA,2013,10,4,22,69.08,66.02,89.98,40,9.20624,,0,1016.3,5,2013-10-05 02:00:00.000000 +00:00
LGA,2013,10,4,23,68,64.4,88.26,50,12.65858,,0,,10,2013-10-05 03:00:00.000000 +00:00
LGA,2013,10,5,0,66.92,62.06,84.38,50,13.80936,,0,1016.8,10,2013-10-05 04:00:00.000000 +00:00
LGA,2013,10,5,1,66.02,60.98,83.79,50,11.5078,,0,1017,10,2013-10-05 05:00:00.000000 +00:00
LGA,2013,10,5,2,66.2,60.98,83.79,50,9.20624,,0,,10,2013-10-05 06:00:00.000000 +00:00
LGA,2013,10,5,3,64.94,60.98,87,30,5.7539,,0,1017.4,8,2013-10-05 07:00:00.000000 +00:00
LGA,2013,10,5,4,64.94,60.98,87,40,9.20624,,0,1017.4,7,2013-10-05 08:00:00.000000 +00:00
LGA,2013,10,5,5,64.4,60.8,88.09,40,8.05546,,0,,7,2013-10-05 09:00:00.000000 +00:00
LGA,2013,10,5,6,64.4,60.8,88.09,50,6.90468,,0,,7,2013-10-05 10:00:00.000000 +00:00
LGA,2013,10,5,7,64.94,60.08,84.26,30,6.90468,,0,1018.1,7,2013-10-05 11:00:00.000000 +00:00
LGA,2013,10,5,8,64.04,60.08,86.95,30,5.7539,,0,1018.8,6,2013-10-05 12:00:00.000000 +00:00
LGA,2013,10,5,9,64.94,60.08,84.26,40,6.90468,,0,1019.3,9,2013-10-05 13:00:00.000000 +00:00
LGA,2013,10,5,10,66.02,60.8,88.09,60,6.90468,,0,,10,2013-10-05 14:00:00.000000 +00:00
LGA,2013,10,5,11,66.92,60.08,78.66,70,5.7539,,0,1018.8,8,2013-10-05 15:00:00.000000 +00:00
LGA,2013,10,5,12,69.8,60.8,73.09,70,6.90468,,0,,9,2013-10-05 16:00:00.000000 +00:00
LGA,2013,10,5,13,71.06,60.98,70.47,60,6.90468,,0,1017.8,9,2013-10-05 17:00:00.000000 +00:00
LGA,2013,10,5,14,71.96,60.98,68.35,40,5.7539,,0,1017.3,9,2013-10-05 18:00:00.000000 +00:00
LGA,2013,10,5,15,71.96,62.06,71.01,40,8.05546,,0,1017.3,10,2013-10-05 19:00:00.000000 +00:00
LGA,2013,10,5,16,73.04,60.98,65.9,50,6.90468,,0,1017.1,10,2013-10-05 20:00:00.000000 +00:00
LGA,2013,10,5,17,71.96,62.06,71.01,160,8.05546,,0,1017.4,6,2013-10-05 21:00:00.000000 +00:00
LGA,2013,10,5,18,69.08,62.06,78.33,150,6.90468,,0,1017.7,6,2013-10-05 22:00:00.000000 +00:00
LGA,2013,10,5,19,68,62.06,81.29,140,10.35702,,0,1017.7,7,2013-10-05 23:00:00.000000 +00:00
LGA,2013,10,5,20,66.92,62.6,88.18,170,8.05546,,0,,5,2013-10-06 00:00:00.000000 +00:00
LGA,2013,10,5,21,66.92,62.06,84.38,130,8.05546,,0,1018.5,6,2013-10-06 01:00:00.000000 +00:00
LGA,2013,10,5,22,66.92,62.06,84.38,160,8.05546,,0,1018.9,7,2013-10-06 02:00:00.000000 +00:00
LGA,2013,10,5,23,66.2,62.6,88.18,190,9.20624,,0,,6,2013-10-06 03:00:00.000000 +00:00
LGA,2013,10,6,0,66.02,62.06,87.05,170,5.7539,,0,1018.6,5,2013-10-06 04:00:00.000000 +00:00
LGA,2013,10,6,1,64.94,62.6,93.88,160,6.90468,,0,,6,2013-10-06 05:00:00.000000 +00:00
LGA,2013,10,6,2,64.94,62.06,90.39,170,6.90468,,0,1018.1,4,2013-10-06 06:00:00.000000 +00:00
LGA,2013,10,6,3,64.94,62.06,90.39,120,8.05546,,0,1017.8,7,2013-10-06 07:00:00.000000 +00:00
LGA,2013,10,6,4,64.94,62.06,90.39,110,6.90468,,0,1017.9,7,2013-10-06 08:00:00.000000 +00:00
LGA,2013,10,6,5,64.94,62.06,90.39,130,6.90468,,0.01,1018.1,9,2013-10-06 09:00:00.000000 +00:00
LGA,2013,10,6,6,64.94,62.96,93.88,140,9.20624,,0,,2,2013-10-06 10:00:00.000000 +00:00
LGA,2013,10,6,7,64.94,62.96,93.88,130,9.20624,,0,,2,2013-10-06 11:00:00.000000 +00:00
LGA,2013,10,6,8,64.94,62.96,93.88,120,8.05546,,0,,2,2013-10-06 12:00:00.000000 +00:00
LGA,2013,10,6,9,66.02,62.96,89.86,100,9.20624,,0,1019.2,2,2013-10-06 13:00:00.000000 +00:00
LGA,2013,10,6,10,68,62.96,87.1,110,10.35702,,0,,2,2013-10-06 14:00:00.000000 +00:00
LGA,2013,10,6,11,66.92,64.04,90.46,120,11.5078,,0,1019.3,2,2013-10-06 15:00:00.000000 +00:00
LGA,2013,10,6,12,68,64.4,88.26,120,10.35702,,0,,2,2013-10-06 16:00:00.000000 +00:00
LGA,2013,10,6,13,66.92,64.04,90.46,100,11.5078,,0,1018.3,2,2013-10-06 17:00:00.000000 +00:00
LGA,2013,10,6,14,68,64.04,87.16,90,13.80936,,0,1018.1,2,2013-10-06 18:00:00.000000 +00:00
LGA,2013,10,6,15,68,64.4,88.26,80,10.35702,,0,,2,2013-10-06 19:00:00.000000 +00:00
LGA,2013,10,6,16,68,64.4,88.26,90,11.5078,,0,,5,2013-10-06 20:00:00.000000 +00:00
LGA,2013,10,6,17,68,64.4,88.26,80,10.35702,,0,,5,2013-10-06 21:00:00.000000 +00:00
LGA,2013,10,6,18,69.08,64.04,83.98,90,9.20624,,0,1017.8,7,2013-10-06 22:00:00.000000 +00:00
LGA,2013,10,6,19,69.8,64.4,83.98,100,9.20624,,0,,7,2013-10-06 23:00:00.000000 +00:00
LGA,2013,10,6,20,69.98,64.04,81.44,100,10.35702,,0,1017.6,7,2013-10-07 00:00:00.000000 +00:00
LGA,2013,10,6,21,69.08,64.04,83.98,110,10.35702,,0,1017.5,7,2013-10-07 01:00:00.000000 +00:00
LGA,2013,10,6,22,69.08,64.94,86.66,120,10.35702,,0,1017.4,7,2013-10-07 02:00:00.000000 +00:00
LGA,2013,10,6,23,69.8,64.94,86.66,140,9.20624,,0,,7,2013-10-07 03:00:00.000000 +00:00
LGA,2013,10,7,0,69.08,64.94,86.66,140,6.90468,,0,1016.6,7,2013-10-07 04:00:00.000000 +00:00
LGA,2013,10,7,1,69.08,66.02,89.98,160,6.90468,,0,1016.2,8,2013-10-07 05:00:00.000000 +00:00
LGA,2013,10,7,2,69.98,66.02,87.26,170,10.35702,,0,1015.5,9,2013-10-07 06:00:00.000000 +00:00
LGA,2013,10,7,3,69.98,66.02,87.26,180,10.35702,18.41248,0,1015,9,2013-10-07 07:00:00.000000 +00:00
LGA,2013,10,7,4,69.8,66.2,89.98,180,12.65858,,0,,8,2013-10-07 08:00:00.000000 +00:00
LGA,2013,10,7,5,69.08,66.02,89.98,180,10.35702,20.71404,0,1014.3,9,2013-10-07 09:00:00.000000 +00:00
LGA,2013,10,7,6,69.08,66.02,89.98,170,10.35702,,0,1014.1,8,2013-10-07 10:00:00.000000 +00:00
LGA,2013,10,7,7,71.06,66.02,84.1,170,11.5078,18.41248,0,1013.6,9,2013-10-07 11:00:00.000000 +00:00
LGA,2013,10,7,8,71.6,66.2,84.1,170,19.56326,24.16638,0,,10,2013-10-07 12:00:00.000000 +00:00
LGA,2013,10,7,9,75.02,66.02,73.59,170,11.5078,21.86482,0,1012.2,10,2013-10-07 13:00:00.000000 +00:00
LGA,2013,10,7,10,75.02,66.02,73.59,170,20.71404,29.92028,0,1011.6,10,2013-10-07 14:00:00.000000 +00:00
LGA,2013,10,7,11,75.2,66.92,84.16,170,19.56326,29.92028,0,,2,2013-10-07 15:00:00.000000 +00:00
LGA,2013,10,7,12,73.4,68,84.22,180,21.86482,28.7695,0.01,,8,2013-10-07 16:00:00.000000 +00:00
LGA,2013,10,7,13,73.94,66.92,78.72,180,24.16638,34.5234,0,,10,2013-10-07 17:00:00.000000 +00:00
LGA,2013,10,7,14,73.94,66.92,78.72,170,20.71404,36.82496,0,1008.3,10,2013-10-07 18:00:00.000000 +00:00
LGA,2013,10,7,15,77,64.04,64.3,250,26.46794,33.37262,0,1009.5,10,2013-10-07 19:00:00.000000 +00:00
LGA,2013,10,7,16,66.92,62.96,88.18,220,16.11092,,0.25,,2,2013-10-07 20:00:00.000000 +00:00
LGA,2013,10,7,17,68,62.96,88.18,220,13.80936,,0.07,,10,2013-10-07 21:00:00.000000 +00:00
LGA,2013,10,7,18,64.4,57.2,77.45,300,17.2617,27.61872,0,,10,2013-10-07 22:00:00.000000 +00:00
LGA,2013,10,7,19,64.04,53.06,67.46,290,9.20624,,0,1012.7,10,2013-10-07 23:00:00.000000 +00:00
LGA,2013,10,7,20,62.96,53.06,70.07,300,8.05546,,0,1013.2,10,2013-10-08 00:00:00.000000 +00:00
LGA,2013,10,7,21,62.96,51.98,67.34,310,11.5078,,0,1013.5,10,2013-10-08 01:00:00.000000 +00:00
LGA,2013,10,7,22,62.96,51.08,65.14,310,11.5078,,0,1014.3,10,2013-10-08 02:00:00.000000 +00:00
LGA,2013,10,7,23,62.06,46.94,57.6,300,13.80936,,0,1015,10,2013-10-08 03:00:00.000000 +00:00
LGA,2013,10,8,0,62.06,44.06,51.64,300,10.35702,,0,1016.2,10,2013-10-08 04:00:00.000000 +00:00
LGA,2013,10,8,1,60.98,44.06,53.65,310,10.35702,,0,1017.1,10,2013-10-08 05:00:00.000000 +00:00
LGA,2013,10,8,2,60.08,44.06,55.39,300,13.80936,,0,1017.6,10,2013-10-08 06:00:00.000000 +00:00
LGA,2013,10,8,3,59,42.98,55.24,330,10.35702,,0,1018.2,10,2013-10-08 07:00:00.000000 +00:00
LGA,2013,10,8,4,57.92,42.08,55.47,300,14.96014,,0,1019,10,2013-10-08 08:00:00.000000 +00:00
LGA,2013,10,8,5,57.02,44.06,61.81,320,16.11092,,0,1019.9,10,2013-10-08 09:00:00.000000 +00:00
LGA,2013,10,8,6,55.94,44.06,64.28,330,14.96014,,0,1020.8,10,2013-10-08 10:00:00.000000 +00:00
LGA,2013,10,8,7,55.94,44.06,64.28,350,10.35702,,0,1021.7,10,2013-10-08 11:00:00.000000 +00:00
LGA,2013,10,8,8,59,42.98,55.24,350,11.5078,,0,1023.4,10,2013-10-08 12:00:00.000000 +00:00
LGA,2013,10,8,9,60.08,42.08,51.34,10,9.20624,,0,1024,10,2013-10-08 13:00:00.000000 +00:00
LGA,2013,10,8,10,60.98,42.08,49.73,20,11.5078,,0,1024.2,10,2013-10-08 14:00:00.000000 +00:00
LGA,2013,10,8,11,62.06,39.92,44.02,10,11.5078,,0,1024.2,10,2013-10-08 15:00:00.000000 +00:00
LGA,2013,10,8,12,64.04,39.92,41.06,20,12.65858,,0,1023.7,10,2013-10-08 16:00:00.000000 +00:00
LGA,2013,10,8,13,64.04,39.02,39.65,10,12.65858,,0,1023.4,10,2013-10-08 17:00:00.000000 +00:00
LGA,2013,10,8,14,66.02,37.94,35.47,350,13.80936,20.71404,0,1023.6,10,2013-10-08 18:00:00.000000 +00:00
LGA,2013,10,8,15,66.02,37.94,35.47,360,14.96014,,0,1023.8,10,2013-10-08 19:00:00.000000 +00:00
LGA,2013,10,8,16,64.04,39.92,41.06,10,13.80936,,0,1023.6,10,2013-10-08 20:00:00.000000 +00:00
LGA,2013,10,8,17,64.04,41,42.82,30,6.90468,,0,1024.5,10,2013-10-08 21:00:00.000000 +00:00
LGA,2013,10,8,18,62.96,41,44.47,20,8.05546,,0,1025,10,2013-10-08 22:00:00.000000 +00:00
LGA,2013,10,8,19,62.96,42.08,46.37,10,6.90468,,0,1025.3,10,2013-10-08 23:00:00.000000 +00:00
LGA,2013,10,8,20,62.06,41,45.91,10,9.20624,,0,1025.7,10,2013-10-09 00:00:00.000000 +00:00
LGA,2013,10,8,21,60.98,41,47.7,50,9.20624,,0,1026.5,10,2013-10-09 01:00:00.000000 +00:00
LGA,2013,10,8,22,60.08,41,49.25,50,9.20624,,0,1026.8,10,2013-10-09 02:00:00.000000 +00:00
LGA,2013,10,8,23,60.08,39.92,47.22,40,9.20624,,0,1026.8,10,2013-10-09 03:00:00.000000 +00:00
LGA,2013,10,9,0,59,42.98,55.24,40,11.5078,,0,1026.7,10,2013-10-09 04:00:00.000000 +00:00
LGA,2013,10,9,1,57.92,42.08,55.47,40,10.35702,,0,1027.1,10,2013-10-09 05:00:00.000000 +00:00
LGA,2013,10,9,2,59,42.98,55.24,60,14.96014,,0,1027.1,10,2013-10-09 06:00:00.000000 +00:00
LGA,2013,10,9,3,57.92,44.06,59.84,30,12.65858,,0,1027.1,10,2013-10-09 07:00:00.000000 +00:00
LGA,2013,10,9,4,55.94,39.92,54.8,30,12.65858,,0,1027,10,2013-10-09 08:00:00.000000 +00:00
LGA,2013,10,9,5,55.94,42.08,59.58,60,16.11092,,0,1027.7,10,2013-10-09 09:00:00.000000 +00:00
LGA,2013,10,9,6,55.94,42.98,61.67,10,9.20624,18.41248,0,1027.5,10,2013-10-09 10:00:00.000000 +00:00
LGA,2013,10,9,7,53.96,44.06,69.08,30,11.5078,,0,1028.5,10,2013-10-09 11:00:00.000000 +00:00
LGA,2013,10,9,8,57.92,46.94,66.75,50,18.41248,27.61872,0,1029.2,10,2013-10-09 12:00:00.000000 +00:00
LGA,2013,10,9,9,59,44.96,59.58,60,21.86482,28.7695,0,1029.2,10,2013-10-09 13:00:00.000000 +00:00
LGA,2013,10,9,10,59,44.96,59.58,50,21.86482,27.61872,0,1029.1,10,2013-10-09 14:00:00.000000 +00:00
LGA,2013,10,9,11,60.08,46.04,59.72,60,20.71404,27.61872,0,1028.9,10,2013-10-09 15:00:00.000000 +00:00
LGA,2013,10,9,12,60.8,46.94,61.79,60,21.86482,,0,,10,2013-10-09 16:00:00.000000 +00:00
LGA,2013,10,9,13,62.6,46.94,57.6,60,19.56326,26.46794,0,,10,2013-10-09 17:00:00.000000 +00:00
LGA,2013,10,9,14,62.96,46.04,53.94,60,20.71404,,0,1027.7,10,2013-10-09 18:00:00.000000 +00:00
LGA,2013,10,9,15,62.06,44.96,53.44,60,14.96014,,0,1027.6,10,2013-10-09 19:00:00.000000 +00:00
LGA,2013,10,9,16,62.96,44.06,50.03,70,16.11092,,0,1027.2,10,2013-10-09 20:00:00.000000 +00:00
LGA,2013,10,9,17,62.06,44.96,53.44,60,12.65858,,0,1026.8,10,2013-10-09 21:00:00.000000 +00:00
LGA,2013,10,9,18,60.98,46.04,57.84,110,9.20624,,0,1026.9,10,2013-10-09 22:00:00.000000 +00:00
LGA,2013,10,9,19,60.98,46.94,59.84,70,10.35702,,0,1026.2,10,2013-10-09 23:00:00.000000 +00:00
LGA,2013,10,9,20,60.08,46.04,59.72,90,12.65858,,0,1026.3,10,2013-10-10 00:00:00.000000 +00:00
LGA,2013,10,9,21,59,46.04,62.07,90,10.35702,,0,1026.1,10,2013-10-10 01:00:00.000000 +00:00
LGA,2013,10,9,22,57.92,46.94,66.75,80,8.05546,,0,1026.1,10,2013-10-10 02:00:00.000000 +00:00
LGA,2013,10,9,23,57.92,46.94,66.75,80,9.20624,,0,1025.7,10,2013-10-10 03:00:00.000000 +00:00
LGA,2013,10,10,0,57.02,46.94,68.95,30,12.65858,,0,1025.1,10,2013-10-10 04:00:00.000000 +00:00
LGA,2013,10,10,1,55.94,46.94,71.7,40,16.11092,,0,,10,2013-10-10 05:00:00.000000 +00:00
LGA,2013,10,10,2,57.02,48.92,74.27,60,19.56326,25.31716,0,1024.6,10,2013-10-10 06:00:00.000000 +00:00
LGA,2013,10,10,3,55.04,46.94,74.08,30,11.5078,,0,1024.2,10,2013-10-10 07:00:00.000000 +00:00
LGA,2013,10,10,4,55.94,48.02,74.67,40,14.96014,,0,1024.6,10,2013-10-10 08:00:00.000000 +00:00
LGA,2013,10,10,5,55.04,46.94,74.08,20,12.65858,,0,1024.2,10,2013-10-10 09:00:00.000000 +00:00
LGA,2013,10,10,6,55.04,46.94,74.08,20,11.5078,,0,1023.9,10,2013-10-10 10:00:00.000000 +00:00
LGA,2013,10,10,7,55.04,48.02,77.15,50,16.11092,23.0156,0,1024,10,2013-10-10 11:00:00.000000 +00:00
LGA,2013,10,10,8,57.02,50,77.32,50,18.41248,,0,1023.7,10,2013-10-10 12:00:00.000000 +00:00
LGA,2013,10,10,9,57.92,50,74.86,40,17.2617,25.31716,0,1023.3,10,2013-10-10 13:00:00.000000 +00:00
LGA,2013,10,10,10,57.92,50,74.86,40,14.96014,,0,1023.2,10,2013-10-10 14:00:00.000000 +00:00
LGA,2013,10,10,11,59,50,72.01,40,19.56326,23.0156,0,1022.7,10,2013-10-10 15:00:00.000000 +00:00
LGA,2013,10,10,12,60.08,51.98,74.56,50,17.2617,23.0156,0,1022.3,10,2013-10-10 16:00:00.000000 +00:00
LGA,2013,10,10,13,62.06,51.98,69.51,50,18.41248,,0,1021.5,10,2013-10-10 17:00:00.000000 +00:00
LGA,2013,10,10,14,62.96,53.06,70.07,40,20.71404,27.61872,0,1020.8,10,2013-10-10 18:00:00.000000 +00:00
LGA,2013,10,10,15,64.04,53.96,69.72,50,19.56326,27.61872,0,1020.5,10,2013-10-10 19:00:00.000000 +00:00
LGA,2013,10,10,16,64.94,53.96,67.95,60,21.86482,,0,,10,2013-10-10 20:00:00.000000 +00:00
LGA,2013,10,10,17,64.94,53.96,67.57,50,21.86482,,0,1019.5,10,2013-10-10 21:00:00.000000 +00:00
LGA,2013,10,10,18,64.94,55.04,70.28,60,17.2617,,0,1019.6,10,2013-10-10 22:00:00.000000 +00:00
LGA,2013,10,10,19,64.04,53.96,69.72,50,19.56326,25.31716,0,1019.7,10,2013-10-10 23:00:00.000000 +00:00
LGA,2013,10,10,20,62.96,53.06,70.07,40,16.11092,,0,1019.4,10,2013-10-11 00:00:00.000000 +00:00
LGA,2013,10,10,21,62.96,53.06,70.07,50,18.41248,27.61872,0,1019.4,10,2013-10-11 01:00:00.000000 +00:00
LGA,2013,10,10,22,62.06,53.06,72.33,50,19.56326,,0,1019.2,10,2013-10-11 02:00:00.000000 +00:00
LGA,2013,10,10,23,62.06,53.96,74.75,50,19.56326,,0,1018.5,10,2013-10-11 03:00:00.000000 +00:00
LGA,2013,10,11,0,62.06,53.96,74.75,50,18.41248,,0,1018.1,10,2013-10-11 04:00:00.000000 +00:00
LGA,2013,10,11,1,60.98,53.96,77.66,60,21.86482,27.61872,0,1017.9,10,2013-10-11 05:00:00.000000 +00:00
LGA,2013,10,11,2,60.98,53.96,77.66,50,18.41248,,0,1017.3,10,2013-10-11 06:00:00.000000 +00:00
LGA,2013,10,11,3,60.98,53.96,77.66,50,21.86482,26.46794,0,,10,2013-10-11 07:00:00.000000 +00:00
LGA,2013,10,11,4,60.98,53.96,77.66,40,18.41248,25.31716,0,1017,10,2013-10-11 08:00:00.000000 +00:00
LGA,2013,10,11,5,60.98,53.96,77.66,50,20.71404,26.46794,0,1016.9,10,2013-10-11 09:00:00.000000 +00:00
LGA,2013,10,11,6,62.06,55.04,77.75,50,20.71404,,0,1017.3,10,2013-10-11 10:00:00.000000 +00:00
LGA,2013,10,11,7,62.06,55.94,80.34,60,21.86482,27.61872,0,1017.5,10,2013-10-11 11:00:00.000000 +00:00
LGA,2013,10,11,8,64.04,55.94,77.29,60,20.71404,,0,,10,2013-10-11 12:00:00.000000 +00:00
LGA,2013,10,11,9,64.94,55.4,72.56,50,21.86482,,0,,10,2013-10-11 13:00:00.000000 +00:00
LGA,2013,10,11,10,64.04,55.94,74.94,50,18.41248,27.61872,0,1017.8,10,2013-10-11 14:00:00.000000 +00:00
LGA,2013,10,11,11,64.94,57.02,75.51,50,20.71404,25.31716,0,1017.8,10,2013-10-11 15:00:00.000000 +00:00
LGA,2013,10,11,12,64.94,57.92,77.99,60,18.41248,,0,,10,2013-10-11 16:00:00.000000 +00:00
LGA,2013,10,11,13,64.94,57.02,75.51,40,16.11092,,0,1016.9,10,2013-10-11 17:00:00.000000 +00:00
LGA,2013,10,11,14,68,57.2,72.74,60,18.41248,25.31716,0,,10,2013-10-11 18:00:00.000000 +00:00
LGA,2013,10,11,15,66.92,57.02,70.49,50,19.56326,,0,1016.2,10,2013-10-11 19:00:00.000000 +00:00
LGA,2013,10,11,16,68,57.02,67.91,60,21.86482,26.46794,0,1016.7,10,2013-10-11 20:00:00.000000 +00:00
LGA,2013,10,11,17,69.08,57.02,65.44,70,13.80936,,0,1017.3,10,2013-10-11 21:00:00.000000 +00:00
LGA,2013,10,11,18,68,57.02,67.91,70,12.65858,,0,1017.7,10,2013-10-11 22:00:00.000000 +00:00
LGA,2013,10,11,19,68,57.02,67.91,70,12.65858,,0,1017.9,10,2013-10-11 23:00:00.000000 +00:00
LGA,2013,10,11,20,68,55.94,65.31,60,17.2617,,0,1017.9,10,2013-10-12 00:00:00.000000 +00:00
LGA,2013,10,11,21,66.92,55.04,65.61,80,14.96014,,0,1018.8,10,2013-10-12 01:00:00.000000 +00:00
LGA,2013,10,11,22,66.92,55.94,67.79,60,11.5078,,0,1018.8,10,2013-10-12 02:00:00.000000 +00:00
LGA,2013,10,11,23,66.02,48.92,54.01,60,19.56326,,0,1018.4,10,2013-10-12 03:00:00.000000 +00:00
LGA,2013,10,12,0,64.94,44.06,46.67,60,21.86482,25.31716,0,1018.5,10,2013-10-12 04:00:00.000000 +00:00
LGA,2013,10,12,1,64.04,44.96,49.85,60,19.56326,,0,1018.6,10,2013-10-12 05:00:00.000000 +00:00
LGA,2013,10,12,2,62.96,44.96,51.77,50,18.41248,,0,1018.7,10,2013-10-12 06:00:00.000000 +00:00
LGA,2013,10,12,3,62.96,44.06,50.03,50,17.2617,21.86482,0,1018.9,10,2013-10-12 07:00:00.000000 +00:00
LGA,2013,10,12,4,62.06,42.98,49.55,50,20.71404,,0,1019.5,10,2013-10-12 08:00:00.000000 +00:00
LGA,2013,10,12,5,62.06,44.06,51.64,50,14.96014,,0,1019.6,10,2013-10-12 09:00:00.000000 +00:00
LGA,2013,10,12,6,60.98,42.98,51.48,30,11.5078,23.0156,0,1019.9,10,2013-10-12 10:00:00.000000 +00:00
LGA,2013,10,12,7,60.98,44.06,53.65,50,16.11092,,0,1020.6,10,2013-10-12 11:00:00.000000 +00:00
LGA,2013,10,12,8,62.96,46.04,53.94,50,18.41248,,0,1020.9,10,2013-10-12 12:00:00.000000 +00:00
LGA,2013,10,12,9,62.96,46.04,53.94,50,16.11092,,0,1021.3,10,2013-10-12 13:00:00.000000 +00:00
LGA,2013,10,12,10,64.04,46.94,53.73,60,14.96014,21.86482,0,1022,10,2013-10-12 14:00:00.000000 +00:00
LGA,2013,10,12,11,64.94,50,58.39,50,16.11092,,0,1022.6,10,2013-10-12 15:00:00.000000 +00:00
LGA,2013,10,12,12,66.92,51.08,56.73,50,18.41248,28.7695,0,1021.8,10,2013-10-12 16:00:00.000000 +00:00
LGA,2013,10,12,13,68,46.94,46.83,50,24.16638,32.22184,0,1021.6,10,2013-10-12 17:00:00.000000 +00:00
LGA,2013,10,12,14,71.96,32,22.85,80,24.16638,34.5234,0,1021.7,10,2013-10-12 18:00:00.000000 +00:00
LGA,2013,10,12,15,71.06,44.06,37.81,70,19.56326,28.7695,0,1022,10,2013-10-12 19:00:00.000000 +00:00
LGA,2013,10,12,16,71.06,39.92,32.23,90,20.71404,35.67418,0,1022.3,10,2013-10-12 20:00:00.000000 +00:00
LGA,2013,10,12,17,69.08,48.02,46.99,70,23.0156,28.7695,0,1022.8,10,2013-10-12 21:00:00.000000 +00:00
LGA,2013,10,12,18,66.02,51.08,58.53,80,16.11092,26.46794,0,1023.5,10,2013-10-12 22:00:00.000000 +00:00
LGA,2013,10,12,19,64.04,53.06,67.46,80,16.11092,25.31716,0,1024.2,10,2013-10-12 23:00:00.000000 +00:00
LGA,2013,10,12,20,64.4,53.96,69.72,70,18.41248,,0,,10,2013-10-13 00:00:00.000000 +00:00
LGA,2013,10,12,21,62.96,51.98,67.34,70,17.2617,,0,1025.2,10,2013-10-13 01:00:00.000000 +00:00
LGA,2013,10,12,22,62.6,51.8,67.75,80,16.11092,26.46794,0,,10,2013-10-13 02:00:00.000000 +00:00
LGA,2013,10,12,23,62.06,51.98,69.51,60,17.2617,,0,1025.3,10,2013-10-13 03:00:00.000000 +00:00
LGA,2013,10,13,0,60.98,51.98,72.22,60,14.96014,,0,1025.5,10,2013-10-13 04:00:00.000000 +00:00
LGA,2013,10,13,1,60.08,51.98,74.56,60,23.0156,28.7695,0,1025.7,10,2013-10-13 05:00:00.000000 +00:00
LGA,2013,10,13,2,59,51.08,74.96,60,21.86482,28.7695,0,1025.6,10,2013-10-13 06:00:00.000000 +00:00
LGA,2013,10,13,3,59,51.08,74.96,60,20.71404,,0,1025.7,10,2013-10-13 07:00:00.000000 +00:00
LGA,2013,10,13,4,57.92,50,74.86,60,20.71404,26.46794,0,1026,10,2013-10-13 08:00:00.000000 +00:00
LGA,2013,10,13,5,57.92,50,76.82,70,20.71404,,0,,10,2013-10-13 09:00:00.000000 +00:00
LGA,2013,10,13,6,57.02,48.92,74.27,70,18.41248,,0,1027,10,2013-10-13 10:00:00.000000 +00:00
LGA,2013,10,13,7,57.02,48.92,74.27,60,16.11092,,0,1028,10,2013-10-13 11:00:00.000000 +00:00
LGA,2013,10,13,8,57.02,48.92,74.27,30,12.65858,,0,1028.2,10,2013-10-13 12:00:00.000000 +00:00
LGA,2013,10,13,9,57.92,50,74.86,70,16.11092,,0,1028.4,10,2013-10-13 13:00:00.000000 +00:00
LGA,2013,10,13,10,60.08,48.92,66.56,60,16.11092,,0,1028.7,10,2013-10-13 14:00:00.000000 +00:00
LGA,2013,10,13,11,60.98,50,67.11,40,17.2617,,0,1029,10,2013-10-13 15:00:00.000000 +00:00
LGA,2013,10,13,12,64.4,50,60.25,50,17.2617,,0,,10,2013-10-13 16:00:00.000000 +00:00
LGA,2013,10,13,13,62.06,50,64.59,50,17.2617,,0,1028.2,10,2013-10-13 17:00:00.000000 +00:00
LGA,2013,10,13,14,62.96,51.08,65.14,50,18.41248,,0,1027.9,10,2013-10-13 18:00:00.000000 +00:00
LGA,2013,10,13,15,62.96,48.02,58.12,60,17.2617,,0,1027.5,10,2013-10-13 19:00:00.000000 +00:00
LGA,2013,10,13,16,62.96,48.02,58.12,60,16.11092,,0,1027.4,10,2013-10-13 20:00:00.000000 +00:00
LGA,2013,10,13,17,64.04,48.02,55.95,60,14.96014,,0,1027.4,10,2013-10-13 21:00:00.000000 +00:00
LGA,2013,10,13,18,60.08,46.94,61.79,70,13.80936,,0,1027.8,10,2013-10-13 22:00:00.000000 +00:00
LGA,2013,10,13,19,59,46.94,64.22,90,10.35702,,0,1028.2,10,2013-10-13 23:00:00.000000 +00:00
LGA,2013,10,13,20,59,46.94,64.22,100,8.05546,,0,1028.5,10,2013-10-14 00:00:00.000000 +00:00
LGA,2013,10,13,21,57.92,46.94,67.12,120,9.20624,,0,,10,2013-10-14 01:00:00.000000 +00:00
LGA,2013,10,13,22,57.2,46.4,67.12,110,6.90468,,0,,10,2013-10-14 02:00:00.000000 +00:00
LGA,2013,10,13,23,57.2,46.4,67.12,130,10.35702,,0,,10,2013-10-14 03:00:00.000000 +00:00
LGA,2013,10,14,0,55.94,46.04,69.3,110,10.35702,,0,1028,10,2013-10-14 04:00:00.000000 +00:00
LGA,2013,10,14,1,55.04,46.04,71.6,110,9.20624,,0,1027.8,10,2013-10-14 05:00:00.000000 +00:00
LGA,2013,10,14,2,53.96,44.06,69.08,110,8.05546,,0,1027.4,10,2013-10-14 06:00:00.000000 +00:00
LGA,2013,10,14,3,53.6,44.6,71.45,110,9.20624,,0,,10,2013-10-14 07:00:00.000000 +00:00
LGA,2013,10,14,4,53.6,44.6,71.45,110,6.90468,,0,,10,2013-10-14 08:00:00.000000 +00:00
LGA,2013,10,14,5,53.06,44.06,71.4,100,8.05546,,0,1027.5,10,2013-10-14 09:00:00.000000 +00:00
LGA,2013,10,14,6,53.96,44.06,69.08,80,8.05546,,0,1027.7,10,2013-10-14 10:00:00.000000 +00:00
LGA,2013,10,14,7,55.04,44.96,68.73,100,6.90468,,0,1027.8,10,2013-10-14 11:00:00.000000 +00:00
LGA,2013,10,14,8,57.02,46.04,66.65,50,5.7539,,0,1028.1,10,2013-10-14 12:00:00.000000 +00:00
LGA,2013,10,14,9,57.92,46.94,67.12,60,10.35702,,0,,10,2013-10-14 13:00:00.000000 +00:00
LGA,2013,10,14,10,59,46.04,62.07,60,8.05546,,0,1027.8,10,2013-10-14 14:00:00.000000 +00:00
LGA,2013,10,14,11,60.08,46.04,59.72,80,5.7539,,0,1027.2,10,2013-10-14 15:00:00.000000 +00:00
LGA,2013,10,14,12,60.08,46.04,59.72,70,4.60312,,0,1026.3,10,2013-10-14 16:00:00.000000 +00:00
LGA,2013,10,14,13,62.06,44.06,51.64,60,8.05546,,0,1025.5,10,2013-10-14 17:00:00.000000 +00:00
LGA,2013,10,14,14,62.96,44.06,50.03,,4.60312,,0,1025,10,2013-10-14 18:00:00.000000 +00:00
LGA,2013,10,14,15,62.96,44.96,51.77,40,6.90468,,0,1024.5,10,2013-10-14 19:00:00.000000 +00:00
LGA,2013,10,14,16,64.04,48.02,55.95,150,6.90468,,0,1024.5,10,2013-10-14 20:00:00.000000 +00:00
LGA,2013,10,14,17,62.06,48.02,59.99,150,5.7539,,0,1024.8,10,2013-10-14 21:00:00.000000 +00:00
LGA,2013,10,14,18,60.08,48.02,64.35,140,8.05546,,0,1025.3,10,2013-10-14 22:00:00.000000 +00:00
LGA,2013,10,14,19,59,48.02,66.88,150,6.90468,,0,1025.2,10,2013-10-14 23:00:00.000000 +00:00
LGA,2013,10,14,20,59,48.92,69.17,140,4.60312,,0,1025,10,2013-10-15 00:00:00.000000 +00:00
LGA,2013,10,14,21,57.92,48.02,69.52,150,5.7539,,0,1025,10,2013-10-15 01:00:00.000000 +00:00
LGA,2013,10,14,22,57.92,48.02,69.52,0,0,,0,1025,10,2013-10-15 02:00:00.000000 +00:00
LGA,2013,10,14,23,57.92,48.92,71.9,100,3.45234,,0,1025,10,2013-10-15 03:00:00.000000 +00:00
LGA,2013,10,15,0,55.94,48.92,77.23,180,3.45234,,0,1024.7,10,2013-10-15 04:00:00.000000 +00:00
LGA,2013,10,15,1,55.94,48.92,77.23,100,3.45234,,0,1024.3,10,2013-10-15 05:00:00.000000 +00:00
LGA,2013,10,15,2,55.94,48.92,77.23,0,0,,0,1023.7,10,2013-10-15 06:00:00.000000 +00:00
LGA,2013,10,15,3,55.94,51.08,83.69,340,3.45234,,0,1023.7,10,2013-10-15 07:00:00.000000 +00:00
LGA,2013,10,15,4,57.02,51.08,80.49,350,4.60312,,0,1023.7,10,2013-10-15 08:00:00.000000 +00:00
LGA,2013,10,15,5,55.94,51.98,86.52,40,3.45234,,0,1023.5,10,2013-10-15 09:00:00.000000 +00:00
LGA,2013,10,15,6,55.94,51.08,83.69,90,5.7539,,0,1023.2,10,2013-10-15 10:00:00.000000 +00:00
LGA,2013,10,15,7,57.02,51.98,83.21,90,5.7539,,0,1023.5,10,2013-10-15 11:00:00.000000 +00:00
LGA,2013,10,15,8,57.92,51.98,80.55,40,5.7539,,0,1023.8,9,2013-10-15 12:00:00.000000 +00:00
LGA,2013,10,15,9,59,51.98,82.12,40,5.7539,,0,,10,2013-10-15 13:00:00.000000 +00:00
LGA,2013,10,15,10,62.06,53.06,72.33,40,5.7539,,0,1023.8,10,2013-10-15 14:00:00.000000 +00:00
LGA,2013,10,15,11,64.04,53.06,67.46,40,4.60312,,0,1023.2,10,2013-10-15 15:00:00.000000 +00:00
LGA,2013,10,15,12,64.94,53.96,67.57,50,8.05546,,0,1022.5,10,2013-10-15 16:00:00.000000 +00:00
LGA,2013,10,15,13,66.92,53.96,63.08,60,10.35702,,0,1021.8,10,2013-10-15 17:00:00.000000 +00:00
LGA,2013,10,15,14,66.92,53.96,63.08,50,6.90468,,0,1021.2,10,2013-10-15 18:00:00.000000 +00:00
LGA,2013,10,15,15,68,53.06,58.8,50,8.05546,,0,1020.8,10,2013-10-15 19:00:00.000000 +00:00
LGA,2013,10,15,16,68,44.06,41.98,160,9.20624,,0,1020.5,10,2013-10-15 20:00:00.000000 +00:00
LGA,2013,10,15,17,66.02,41,39.96,150,8.05546,,0,1020.4,10,2013-10-15 21:00:00.000000 +00:00
LGA,2013,10,15,18,64.94,42.98,44.78,120,9.20624,,0,1021.3,10,2013-10-15 22:00:00.000000 +00:00
LGA,2013,10,15,19,62.96,44.06,50.03,90,11.5078,,0,1021.1,10,2013-10-15 23:00:00.000000 +00:00
LGA,2013,10,15,20,62.06,44.96,53.44,60,6.90468,,0,1021.6,10,2013-10-16 00:00:00.000000 +00:00
LGA,2013,10,15,21,60.08,46.04,59.72,100,6.90468,,0,1021.3,10,2013-10-16 01:00:00.000000 +00:00
LGA,2013,10,15,22,57.92,50,74.86,100,6.90468,,0,1020.7,10,2013-10-16 02:00:00.000000 +00:00
LGA,2013,10,15,23,57.02,50,77.32,70,3.45234,,0,1019.9,10,2013-10-16 03:00:00.000000 +00:00
LGA,2013,10,16,0,57.92,50,74.86,0,0,,0,1019.6,10,2013-10-16 04:00:00.000000 +00:00
LGA,2013,10,16,1,57.92,50,74.86,350,3.45234,,0,1019.4,10,2013-10-16 05:00:00.000000 +00:00
LGA,2013,10,16,2,57.92,51.08,77.92,40,6.90468,,0,1019.2,10,2013-10-16 06:00:00.000000 +00:00
LGA,2013,10,16,3,57.92,48.92,71.9,70,9.20624,,0,1018.8,10,2013-10-16 07:00:00.000000 +00:00
LGA,2013,10,16,4,57.02,51.08,80.49,350,4.60312,,0,1018.7,10,2013-10-16 08:00:00.000000 +00:00
LGA,2013,10,16,5,57.02,51.98,83.21,30,4.60312,,0,1018.7,10,2013-10-16 09:00:00.000000 +00:00
LGA,2013,10,16,6,57.2,51.98,83.21,40,4.60312,,0,,10,2013-10-16 10:00:00.000000 +00:00
LGA,2013,10,16,7,57.2,51.8,82.12,40,4.60312,,0,,10,2013-10-16 11:00:00.000000 +00:00
LGA,2013,10,16,8,57.92,51.08,77.92,40,6.90468,,0,1018.1,10,2013-10-16 12:00:00.000000 +00:00
LGA,2013,10,16,9,60.8,53.6,77.59,50,8.05546,,0,,10,2013-10-16 13:00:00.000000 +00:00
LGA,2013,10,16,10,60.98,51.98,72.22,40,5.7539,,0,1018.1,10,2013-10-16 14:00:00.000000 +00:00
LGA,2013,10,16,11,60.98,51.98,72.22,70,10.35702,,0,,10,2013-10-16 15:00:00.000000 +00:00
LGA,2013,10,16,12,64.04,51.98,64.84,50,10.35702,,0,1016.5,10,2013-10-16 16:00:00.000000 +00:00
LGA,2013,10,16,13,62.06,51.98,69.51,40,6.90468,,0,1015.7,10,2013-10-16 17:00:00.000000 +00:00
LGA,2013,10,16,14,62.96,53.06,70.07,50,8.05546,,0,1015.2,10,2013-10-16 18:00:00.000000 +00:00
LGA,2013,10,16,15,64.04,53.06,67.46,60,6.90468,,0,1015,10,2013-10-16 19:00:00.000000 +00:00
LGA,2013,10,16,16,64.04,53.96,69.72,60,8.05546,,0,1014.8,10,2013-10-16 20:00:00.000000 +00:00
LGA,2013,10,16,17,64.04,57.02,77.92,180,5.7539,,0,1014.6,10,2013-10-16 21:00:00.000000 +00:00
LGA,2013,10,16,18,64.4,57.2,82.5,,6.90468,,0,,10,2013-10-16 22:00:00.000000 +00:00
LGA,2013,10,16,19,62.06,57.92,86.29,160,8.05546,,0,1014.1,10,2013-10-16 23:00:00.000000 +00:00
LGA,2013,10,16,20,62.06,57.02,83.54,170,8.05546,,0,1014.4,10,2013-10-17 00:00:00.000000 +00:00
LGA,2013,10,16,21,62.06,57.92,86.29,170,9.20624,,0,1014.1,10,2013-10-17 01:00:00.000000 +00:00
LGA,2013,10,16,22,62.6,57.92,89.65,170,8.05546,,0,,10,2013-10-17 02:00:00.000000 +00:00
LGA,2013,10,16,23,60.98,57.92,89.65,180,6.90468,,0,1013.3,10,2013-10-17 03:00:00.000000 +00:00
LGA,2013,10,17,0,60.98,57.92,89.65,180,5.7539,,0,1013,10,2013-10-17 04:00:00.000000 +00:00
LGA,2013,10,17,1,62.06,57.02,83.54,190,4.60312,,0,1012.8,10,2013-10-17 05:00:00.000000 +00:00
LGA,2013,10,17,2,62.6,57.2,83.54,190,6.90468,,0,,10,2013-10-17 06:00:00.000000 +00:00
LGA,2013,10,17,3,62.06,57.92,86.29,210,9.20624,,0,1011.8,9,2013-10-17 07:00:00.000000 +00:00
LGA,2013,10,17,4,62.6,57.92,86.29,220,6.90468,,0,,9,2013-10-17 08:00:00.000000 +00:00
LGA,2013,10,17,5,62.6,57.92,86.29,210,5.7539,,0,,10,2013-10-17 09:00:00.000000 +00:00
LGA,2013,10,17,6,62.06,57.92,86.29,220,5.7539,,0,1012,7,2013-10-17 10:00:00.000000 +00:00
LGA,2013,10,17,7,62.6,59,89.7,210,9.20624,,0,,4,2013-10-17 11:00:00.000000 +00:00
LGA,2013,10,17,8,62.96,59,86.9,210,5.7539,,0,1012.6,6,2013-10-17 12:00:00.000000 +00:00
LGA,2013,10,17,9,64.94,59,82.62,210,9.20624,,0,,7,2013-10-17 13:00:00.000000 +00:00
LGA,2013,10,17,10,66.02,59,78.08,220,6.90468,,0,1012.3,7,2013-10-17 14:00:00.000000 +00:00
LGA,2013,10,17,11,69.08,57.92,67.59,240,8.05546,,0,1011.6,9,2013-10-17 15:00:00.000000 +00:00
LGA,2013,10,17,12,69.08,57.92,67.59,230,5.7539,,0,1010.8,9,2013-10-17 16:00:00.000000 +00:00
LGA,2013,10,17,13,71.06,57.92,64.26,230,4.60312,,0,,10,2013-10-17 17:00:00.000000 +00:00
LGA,2013,10,17,14,71.96,57.02,59.32,220,6.90468,,0,1009.2,10,2013-10-17 18:00:00.000000 +00:00
LGA,2013,10,17,15,71.96,57.02,59.32,220,8.05546,,0,1009,10,2013-10-17 19:00:00.000000 +00:00
LGA,2013,10,17,16,69.98,59,68.13,170,12.65858,,0,1008.7,10,2013-10-17 20:00:00.000000 +00:00
LGA,2013,10,17,17,66.92,59,75.69,170,12.65858,,0,1008,9,2013-10-17 21:00:00.000000 +00:00
LGA,2013,10,17,18,64.94,60.08,84.26,170,13.80936,,0,1008,9,2013-10-17 22:00:00.000000 +00:00
LGA,2013,10,17,19,64.4,60.98,89.78,180,13.80936,,0,,8,2013-10-17 23:00:00.000000 +00:00
LGA,2013,10,17,20,64.94,60.98,88.09,170,13.80936,,0,,9,2013-10-18 00:00:00.000000 +00:00
LGA,2013,10,17,21,64.94,60.98,87,180,11.5078,,0.01,1007.2,10,2013-10-18 01:00:00.000000 +00:00
LGA,2013,10,17,22,64.94,60.98,87,190,10.35702,,0,1006.4,10,2013-10-18 02:00:00.000000 +00:00
LGA,2013,10,17,23,64.94,60.98,87,170,9.20624,,0,1005.6,10,2013-10-18 03:00:00.000000 +00:00
LGA,2013,10,18,0,66.02,60.98,83.79,200,9.20624,,0,1005,10,2013-10-18 04:00:00.000000 +00:00
LGA,2013,10,18,1,66.92,60.98,82.74,220,10.35702,,0,,10,2013-10-18 05:00:00.000000 +00:00
LGA,2013,10,18,2,66.92,57.2,72.74,270,21.86482,27.61872,0,,10,2013-10-18 06:00:00.000000 +00:00
LGA,2013,10,18,3,64.94,50,58.39,270,18.41248,24.16638,0,1006.1,10,2013-10-18 07:00:00.000000 +00:00
LGA,2013,10,18,4,62.06,50,64.59,260,12.65858,20.71404,0,1007.2,10,2013-10-18 08:00:00.000000 +00:00
LGA,2013,10,18,5,60.98,46.94,59.84,270,16.11092,23.0156,0,1008,10,2013-10-18 09:00:00.000000 +00:00
LGA,2013,10,18,6,60.98,42.98,51.48,270,16.11092,25.31716,0,1008.9,10,2013-10-18 10:00:00.000000 +00:00
LGA,2013,10,18,7,57.92,42.98,57.42,290,13.80936,25.31716,0,1010,10,2013-10-18 11:00:00.000000 +00:00
LGA,2013,10,18,8,59,42.98,55.24,290,19.56326,25.31716,0,1011.1,10,2013-10-18 12:00:00.000000 +00:00
LGA,2013,10,18,9,60.08,42.98,53.15,300,14.96014,20.71404,0,1011.2,10,2013-10-18 13:00:00.000000 +00:00
LGA,2013,10,18,10,62.06,42.08,47.86,290,12.65858,21.86482,0,1011.7,10,2013-10-18 14:00:00.000000 +00:00
LGA,2013,10,18,11,62.96,42.98,48,310,12.65858,,0,1011.7,10,2013-10-18 15:00:00.000000 +00:00
LGA,2013,10,18,12,66.02,41,39.96,290,10.35702,20.71404,0,1011.4,10,2013-10-18 16:00:00.000000 +00:00
LGA,2013,10,18,13,66.92,42.08,40.39,260,14.96014,,0,1011,10,2013-10-18 17:00:00.000000 +00:00
LGA,2013,10,18,14,68,41,37.32,290,13.80936,20.71404,0,1011,10,2013-10-18 18:00:00.000000 +00:00
LGA,2013,10,18,15,68,39.92,35.79,290,10.35702,,0,1010.9,10,2013-10-18 19:00:00.000000 +00:00
LGA,2013,10,18,16,66.92,39.02,35.87,270,18.41248,23.0156,0,1011,10,2013-10-18 20:00:00.000000 +00:00
LGA,2013,10,18,17,66.02,39.02,37,260,9.20624,,0,1011.8,10,2013-10-18 21:00:00.000000 +00:00
LGA,2013,10,18,18,64.94,39.02,38.42,260,13.80936,,0,1012.7,10,2013-10-18 22:00:00.000000 +00:00
LGA,2013,10,18,19,62.96,39.02,41.18,270,14.96014,,0,1013.5,10,2013-10-18 23:00:00.000000 +00:00
LGA,2013,10,18,20,62.06,39.02,42.51,270,13.80936,,0,1014,10,2013-10-19 00:00:00.000000 +00:00
LGA,2013,10,18,21,60.98,39.02,44.16,290,13.80936,,0,1014.5,10,2013-10-19 01:00:00.000000 +00:00
LGA,2013,10,18,22,60.08,41,49.25,290,10.35702,,0,1015.1,10,2013-10-19 02:00:00.000000 +00:00
LGA,2013,10,18,23,59,39.02,47.39,290,11.5078,,0,1015.2,10,2013-10-19 03:00:00.000000 +00:00
LGA,2013,10,19,0,57.92,39.02,49.26,290,8.05546,,0,1015.3,10,2013-10-19 04:00:00.000000 +00:00
LGA,2013,10,19,1,57.92,39.92,51.02,300,6.90468,,0,1015.2,10,2013-10-19 05:00:00.000000 +00:00
LGA,2013,10,19,2,55.94,37.94,50.72,0,0,,0,1015.2,10,2013-10-19 06:00:00.000000 +00:00
LGA,2013,10,19,3,55.94,39.02,52.91,0,0,,0,1015.1,10,2013-10-19 07:00:00.000000 +00:00
LGA,2013,10,19,4,55.04,39.02,54.67,0,0,,0,1015.3,10,2013-10-19 08:00:00.000000 +00:00
LGA,2013,10,19,5,53.96,41,61.41,0,0,,0,1015,10,2013-10-19 09:00:00.000000 +00:00
LGA,2013,10,19,6,55.94,42.08,59.58,0,0,,0,1014.7,10,2013-10-19 10:00:00.000000 +00:00
LGA,2013,10,19,7,55.04,39.02,54.67,0,0,,0,1014.9,10,2013-10-19 11:00:00.000000 +00:00
LGA,2013,10,19,8,55.94,41,57.14,0,0,,0,1015.1,10,2013-10-19 12:00:00.000000 +00:00
LGA,2013,10,19,9,57.92,42.08,55.47,170,4.60312,,0,1014.9,10,2013-10-19 13:00:00.000000 +00:00
LGA,2013,10,19,10,60.98,39.02,44.16,160,5.7539,,0,1014.8,10,2013-10-19 14:00:00.000000 +00:00
LGA,2013,10,19,11,62.06,37.04,39.33,180,9.20624,,0,1014.5,10,2013-10-19 15:00:00.000000 +00:00
LGA,2013,10,19,12,62.96,41,44.47,180,10.35702,17.2617,0,1013.4,10,2013-10-19 16:00:00.000000 +00:00
LGA,2013,10,19,13,62.96,42.98,48,180,9.20624,,0,1012.6,10,2013-10-19 17:00:00.000000 +00:00
LGA,2013,10,19,14,62.96,46.94,55.8,170,9.20624,18.41248,0,1011.7,10,2013-10-19 18:00:00.000000 +00:00
LGA,2013,10,19,15,62.06,46.94,57.6,190,9.20624,,0,1010.9,10,2013-10-19 19:00:00.000000 +00:00
LGA,2013,10,19,16,62.06,48.02,59.99,170,6.90468,,0,1009.7,10,2013-10-19 20:00:00.000000 +00:00
LGA,2013,10,19,17,62.06,48.92,62.04,180,9.20624,,0,1009.8,10,2013-10-19 21:00:00.000000 +00:00
LGA,2013,10,19,18,60.98,48.02,62.33,190,9.20624,,0,1009.5,10,2013-10-19 22:00:00.000000 +00:00
LGA,2013,10,19,19,60.98,48.92,64.46,190,9.20624,,0,1008.6,10,2013-10-19 23:00:00.000000 +00:00
LGA,2013,10,19,20,60.08,48.92,66.56,180,6.90468,,0,1008.3,10,2013-10-20 00:00:00.000000 +00:00
LGA,2013,10,19,21,60.98,51.08,69.86,200,8.05546,,0,1008.3,10,2013-10-20 01:00:00.000000 +00:00
LGA,2013,10,19,22,60.98,51.98,72.22,210,9.20624,,0,,10,2013-10-20 02:00:00.000000 +00:00
LGA,2013,10,19,23,60.8,53.96,80.19,230,9.20624,,0,,10,2013-10-20 03:00:00.000000 +00:00
LGA,2013,10,20,0,60.08,51.98,74.56,270,14.96014,21.86482,0,1007.8,10,2013-10-20 04:00:00.000000 +00:00
LGA,2013,10,20,1,59,46.04,62.07,270,20.71404,26.46794,0,1008.1,10,2013-10-20 05:00:00.000000 +00:00
LGA,2013,10,20,2,57.02,44.06,61.81,270,16.11092,,0,1008.5,10,2013-10-20 06:00:00.000000 +00:00
LGA,2013,10,20,3,55.94,42.08,59.58,260,16.11092,24.16638,0,1008.9,10,2013-10-20 07:00:00.000000 +00:00
LGA,2013,10,20,4,53.96,41,61.41,290,11.5078,,0,1009.6,10,2013-10-20 08:00:00.000000 +00:00
LGA,2013,10,20,5,53.06,39.92,60.87,290,12.65858,20.71404,0,1010.5,10,2013-10-20 09:00:00.000000 +00:00
LGA,2013,10,20,6,51.98,39.02,61.15,270,12.65858,19.56326,0,1011.5,10,2013-10-20 10:00:00.000000 +00:00
LGA,2013,10,20,7,51.08,39.02,63.22,260,9.20624,,0,1012.6,10,2013-10-20 11:00:00.000000 +00:00
LGA,2013,10,20,8,53.06,39.02,58.77,310,11.5078,,0,1013.5,10,2013-10-20 12:00:00.000000 +00:00
LGA,2013,10,20,9,53.96,37.94,54.51,320,12.65858,19.56326,0,1013.8,10,2013-10-20 13:00:00.000000 +00:00
LGA,2013,10,20,10,55.94,35.96,46.91,300,11.5078,20.71404,0,1014.1,10,2013-10-20 14:00:00.000000 +00:00
LGA,2013,10,20,11,57.92,35.96,43.67,310,9.20624,,0,1014.3,10,2013-10-20 15:00:00.000000 +00:00
LGA,2013,10,20,12,60.08,33.98,37.37,290,12.65858,,0,1013.9,10,2013-10-20 16:00:00.000000 +00:00
LGA,2013,10,20,13,62.06,33.98,34.83,280,13.80936,17.2617,0,1013.6,10,2013-10-20 17:00:00.000000 +00:00
LGA,2013,10,20,14,62.96,35.96,36.51,300,10.35702,,0,1013.7,10,2013-10-20 18:00:00.000000 +00:00
LGA,2013,10,20,15,62.96,35.06,35.23,310,13.80936,,0,1013.9,10,2013-10-20 19:00:00.000000 +00:00
LGA,2013,10,20,16,62.96,33.98,33.75,310,11.5078,18.41248,0,1014.2,10,2013-10-20 20:00:00.000000 +00:00
LGA,2013,10,20,17,62.06,30.92,30.8,300,13.80936,,0,1014.7,10,2013-10-20 21:00:00.000000 +00:00
LGA,2013,10,20,18,60.98,33.98,36.19,310,11.5078,,0,1015.6,10,2013-10-20 22:00:00.000000 +00:00
LGA,2013,10,20,19,60.08,33.98,37.37,310,9.20624,,0,1016.4,10,2013-10-20 23:00:00.000000 +00:00
LGA,2013,10,20,20,59,35.06,40.54,310,9.20624,,0,1016.9,10,2013-10-21 00:00:00.000000 +00:00
LGA,2013,10,20,21,59,32,35.87,260,8.05546,,0,1017.5,10,2013-10-21 01:00:00.000000 +00:00
LGA,2013,10,20,22,57.92,32,37.28,260,9.20624,,0,1017.8,10,2013-10-21 02:00:00.000000 +00:00
LGA,2013,10,20,23,57.92,32,37.28,260,9.20624,,0,1017.9,10,2013-10-21 03:00:00.000000 +00:00
LGA,2013,10,21,0,57.92,32,37.28,250,8.05546,,0,1018.1,10,2013-10-21 04:00:00.000000 +00:00
LGA,2013,10,21,1,57.02,33.08,40.22,240,8.05546,,0,1018.5,10,2013-10-21 05:00:00.000000 +00:00
LGA,2013,10,21,2,57.02,33.08,40.22,240,9.20624,,0,1018.7,10,2013-10-21 06:00:00.000000 +00:00
LGA,2013,10,21,3,55.04,33.98,44.8,220,6.90468,,0,1018.9,10,2013-10-21 07:00:00.000000 +00:00
LGA,2013,10,21,4,53.96,35.06,48.65,260,4.60312,,0,1019.3,10,2013-10-21 08:00:00.000000 +00:00
LGA,2013,10,21,5,53.96,35.06,48.65,0,0,,0,1019.7,10,2013-10-21 09:00:00.000000 +00:00
LGA,2013,10,21,6,53.06,35.06,50.28,0,0,,0,1020,10,2013-10-21 10:00:00.000000 +00:00
LGA,2013,10,21,7,53.06,37.04,54.38,220,4.60312,,0,1020.5,10,2013-10-21 11:00:00.000000 +00:00
LGA,2013,10,21,8,55.94,35.96,46.91,,4.60312,,0,1021,10,2013-10-21 12:00:00.000000 +00:00
LGA,2013,10,21,9,60.08,33.08,36.04,220,8.05546,,0,1020.7,10,2013-10-21 13:00:00.000000 +00:00
LGA,2013,10,21,10,62.06,33.08,33.6,250,8.05546,,0,1020.3,10,2013-10-21 14:00:00.000000 +00:00
LGA,2013,10,21,11,64.04,32,30.01,230,9.20624,,0,1020.1,10,2013-10-21 15:00:00.000000 +00:00
LGA,2013,10,21,12,64.04,30.02,27.7,240,8.05546,,0,1019.3,10,2013-10-21 16:00:00.000000 +00:00
LGA,2013,10,21,13,66.02,30.02,25.85,220,8.05546,,0,1018.2,10,2013-10-21 17:00:00.000000 +00:00
LGA,2013,10,21,14,66.02,32,28.01,190,12.65858,,0,1017.7,10,2013-10-21 18:00:00.000000 +00:00
LGA,2013,10,21,15,66.02,33.08,29.25,210,13.80936,20.71404,0,1016.7,10,2013-10-21 19:00:00.000000 +00:00
LGA,2013,10,21,16,62.96,41,44.47,160,13.80936,,0,1016.9,10,2013-10-21 20:00:00.000000 +00:00
LGA,2013,10,21,17,62.06,37.04,39.33,180,13.80936,23.0156,0,1016.9,10,2013-10-21 21:00:00.000000 +00:00
LGA,2013,10,21,18,60.08,41,49.25,180,16.11092,,0,1017,10,2013-10-21 22:00:00.000000 +00:00
LGA,2013,10,21,19,60.08,41,49.25,190,13.80936,,0,1017.2,10,2013-10-21 23:00:00.000000 +00:00
LGA,2013,10,21,20,59,44.06,57.57,200,10.35702,,0,1017,10,2013-10-22 00:00:00.000000 +00:00
LGA,2013,10,21,21,59,42.98,55.24,200,10.35702,19.56326,0,1017,10,2013-10-22 01:00:00.000000 +00:00
LGA,2013,10,21,22,57.92,42.98,57.42,210,9.20624,,0,1016.2,10,2013-10-22 02:00:00.000000 +00:00
LGA,2013,10,21,23,57.92,44.06,59.84,220,6.90468,,0,1015.7,10,2013-10-22 03:00:00.000000 +00:00
LGA,2013,10,22,0,57.92,44.96,61.93,210,8.05546,,0,1015.1,10,2013-10-22 04:00:00.000000 +00:00
LGA,2013,10,22,1,57.02,44.96,63.97,210,8.05546,,0,1014.5,10,2013-10-22 05:00:00.000000 +00:00
LGA,2013,10,22,2,55.94,44.96,66.52,200,4.60312,,0,1013.7,10,2013-10-22 06:00:00.000000 +00:00
LGA,2013,10,22,3,55.94,46.04,69.3,180,4.60312,,0,1012.9,10,2013-10-22 07:00:00.000000 +00:00
LGA,2013,10,22,4,55.04,46.04,71.6,0,0,,0,1012.7,10,2013-10-22 08:00:00.000000 +00:00
LGA,2013,10,22,5,53.96,46.94,77.06,170,3.45234,,0,1012.1,10,2013-10-22 09:00:00.000000 +00:00
LGA,2013,10,22,6,55.94,46.94,71.7,210,5.7539,,0,1011.8,10,2013-10-22 10:00:00.000000 +00:00
LGA,2013,10,22,7,55.94,46.94,71.7,200,4.60312,,0,1011,10,2013-10-22 11:00:00.000000 +00:00
LGA,2013,10,22,8,59,46.94,64.22,220,5.7539,,0,1010.9,10,2013-10-22 12:00:00.000000 +00:00
LGA,2013,10,22,9,60.98,44.96,55.52,210,11.5078,,0,1010.3,10,2013-10-22 13:00:00.000000 +00:00
LGA,2013,10,22,10,64.04,42.98,46.22,250,10.35702,,0,1009.8,10,2013-10-22 14:00:00.000000 +00:00
LGA,2013,10,22,11,64.04,44.06,48.17,240,9.20624,,0,1009.4,10,2013-10-22 15:00:00.000000 +00:00
LGA,2013,10,22,12,66.02,44.06,44.95,230,8.05546,,0,1008.4,10,2013-10-22 16:00:00.000000 +00:00
LGA,2013,10,22,13,66.02,42.98,43.13,260,13.80936,,0,1008.1,10,2013-10-22 17:00:00.000000 +00:00
LGA,2013,10,22,14,62.96,42.98,48,270,13.80936,19.56326,0,1008.4,10,2013-10-22 18:00:00.000000 +00:00
LGA,2013,10,22,15,62.06,41,45.91,230,12.65858,,0,1007.5,10,2013-10-22 19:00:00.000000 +00:00
LGA,2013,10,22,16,62.06,41,45.91,240,10.35702,,0,1007.7,10,2013-10-22 20:00:00.000000 +00:00
LGA,2013,10,22,17,60.98,42.08,49.73,260,10.35702,19.56326,0,1008,10,2013-10-22 21:00:00.000000 +00:00
LGA,2013,10,22,18,60.08,41,49.25,250,14.96014,,0,1008.2,10,2013-10-22 22:00:00.000000 +00:00
LGA,2013,10,22,19,59,42.98,55.24,230,8.05546,,0,1008.4,10,2013-10-22 23:00:00.000000 +00:00
LGA,2013,10,22,20,59,35.96,42.02,260,13.80936,21.86482,0,1008.8,10,2013-10-23 00:00:00.000000 +00:00
LGA,2013,10,22,21,57.92,33.98,40.37,280,12.65858,23.0156,0,1009,10,2013-10-23 01:00:00.000000 +00:00
LGA,2013,10,22,22,55.94,37.94,50.72,320,14.96014,,0,1009.3,10,2013-10-23 02:00:00.000000 +00:00
LGA,2013,10,22,23,53.96,39.92,58.89,340,4.60312,,0,1009.7,10,2013-10-23 03:00:00.000000 +00:00
LGA,2013,10,23,0,53.06,39.02,58.77,340,4.60312,,0,1009.5,10,2013-10-23 04:00:00.000000 +00:00
LGA,2013,10,23,1,51.98,39.92,63.33,30,4.60312,,0,1009.4,10,2013-10-23 05:00:00.000000 +00:00
LGA,2013,10,23,2,50,37.94,63.08,10,6.90468,,0,1009.2,10,2013-10-23 06:00:00.000000 +00:00
LGA,2013,10,23,3,50,37.94,63.08,20,6.90468,,0,1008.3,10,2013-10-23 07:00:00.000000 +00:00
LGA,2013,10,23,4,50,35.96,58.34,360,6.90468,,0,1008.2,10,2013-10-23 08:00:00.000000 +00:00
LGA,2013,10,23,5,50,35.96,58.34,30,6.90468,,0,1008.1,10,2013-10-23 09:00:00.000000 +00:00
LGA,2013,10,23,6,50,37.04,60.89,40,8.05546,,0,1007.7,10,2013-10-23 10:00:00.000000 +00:00
LGA,2013,10,23,7,50,37.04,60.89,40,4.60312,,0,1008.1,10,2013-10-23 11:00:00.000000 +00:00
LGA,2013,10,23,8,51.08,37.94,60.6,40,5.7539,,0,1008.2,10,2013-10-23 12:00:00.000000 +00:00
LGA,2013,10,23,9,51.08,35.96,56.05,40,8.05546,,0,1007.6,10,2013-10-23 13:00:00.000000 +00:00
LGA,2013,10,23,10,51.98,33.98,50.11,50,9.20624,,0,1006.9,10,2013-10-23 14:00:00.000000 +00:00
LGA,2013,10,23,11,53.06,35.96,52.11,50,14.96014,,0,1005.8,10,2013-10-23 15:00:00.000000 +00:00
LGA,2013,10,23,12,53.06,33.08,46.46,40,16.11092,,0,1004.2,10,2013-10-23 16:00:00.000000 +00:00
LGA,2013,10,23,13,51.98,32,46.28,50,12.65858,19.56326,0,1003.6,10,2013-10-23 17:00:00.000000 +00:00
LGA,2013,10,23,14,51.08,30.92,45.81,40,8.05546,,0,1003.3,10,2013-10-23 18:00:00.000000 +00:00
LGA,2013,10,23,15,53.96,30.02,39.72,30,3.45234,,0,1003.2,10,2013-10-23 19:00:00.000000 +00:00
LGA,2013,10,23,16,53.96,30.92,41.2,360,8.05546,,0,1003,10,2013-10-23 20:00:00.000000 +00:00
LGA,2013,10,23,17,51.98,35.06,52.32,340,12.65858,,0,1003.9,10,2013-10-23 21:00:00.000000 +00:00
LGA,2013,10,23,18,51.98,33.08,48.34,310,11.5078,,0,1004.8,10,2013-10-23 22:00:00.000000 +00:00
LGA,2013,10,23,19,51.08,33.98,51.81,290,14.96014,,0,1005.1,10,2013-10-23 23:00:00.000000 +00:00
LGA,2013,10,23,20,50,33.98,53.92,300,13.80936,,0,1006.1,10,2013-10-24 00:00:00.000000 +00:00
LGA,2013,10,23,21,48.92,35.06,58.61,300,12.65858,,0,1006.9,10,2013-10-24 01:00:00.000000 +00:00
LGA,2013,10,23,22,48.02,33.98,58.07,300,13.80936,,0,1007.3,10,2013-10-24 02:00:00.000000 +00:00
LGA,2013,10,23,23,46.94,35.06,63.13,300,12.65858,,0,1007.6,10,2013-10-24 03:00:00.000000 +00:00
LGA,2013,10,24,0,46.94,35.06,63.13,310,12.65858,,0,1007.9,10,2013-10-24 04:00:00.000000 +00:00
LGA,2013,10,24,1,46.04,35.06,65.32,310,14.96014,,0,1008.2,10,2013-10-24 05:00:00.000000 +00:00
LGA,2013,10,24,2,46.04,33.08,60.35,300,13.80936,,0,1008.7,10,2013-10-24 06:00:00.000000 +00:00
LGA,2013,10,24,3,44.96,33.08,62.87,300,12.65858,,0,1009.3,10,2013-10-24 07:00:00.000000 +00:00
LGA,2013,10,24,4,44.06,33.98,67.45,300,11.5078,,0,1010.4,10,2013-10-24 08:00:00.000000 +00:00
LGA,2013,10,24,5,44.06,33.08,65.07,300,11.5078,,0,1011,10,2013-10-24 09:00:00.000000 +00:00
LGA,2013,10,24,6,42.98,33.08,67.81,290,10.35702,,0,1012,10,2013-10-24 10:00:00.000000 +00:00
LGA,2013,10,24,7,42.98,32,64.93,300,16.11092,24.16638,0,1012.5,10,2013-10-24 11:00:00.000000 +00:00
LGA,2013,10,24,8,44.06,30.92,59.64,270,6.90468,21.86482,0,1013.3,10,2013-10-24 12:00:00.000000 +00:00
LGA,2013,10,24,9,46.94,30.02,51.55,290,13.80936,,0,1013.3,10,2013-10-24 13:00:00.000000 +00:00
LGA,2013,10,24,10,48.92,26.96,42.22,280,12.65858,24.16638,0,1012.9,10,2013-10-24 14:00:00.000000 +00:00
LGA,2013,10,24,11,51.08,28.04,40.73,260,9.20624,,0,1012.7,10,2013-10-24 15:00:00.000000 +00:00
LGA,2013,10,24,12,51.08,26.96,38.96,270,14.96014,23.0156,0,1012.1,10,2013-10-24 16:00:00.000000 +00:00
LGA,2013,10,24,13,53.06,24.98,33.36,250,18.41248,25.31716,0,1011.5,10,2013-10-24 17:00:00.000000 +00:00
LGA,2013,10,24,14,53.96,26.96,35.04,280,13.80936,20.71404,0,1011.3,10,2013-10-24 18:00:00.000000 +00:00
LGA,2013,10,24,15,53.06,21.92,29.35,270,17.2617,25.31716,0,1011.6,10,2013-10-24 19:00:00.000000 +00:00
LGA,2013,10,24,16,53.06,23,30.71,280,23.0156,31.07106,0,1011.9,10,2013-10-24 20:00:00.000000 +00:00
LGA,2013,10,24,17,51.98,23,31.96,260,12.65858,24.16638,0,1012.6,10,2013-10-24 21:00:00.000000 +00:00
LGA,2013,10,24,18,51.08,23,33.04,270,12.65858,23.0156,0,1013.6,10,2013-10-24 22:00:00.000000 +00:00
LGA,2013,10,24,19,50,23,34.39,270,16.11092,26.46794,0,1014.5,10,2013-10-24 23:00:00.000000 +00:00
LGA,2013,10,24,20,48.02,24.98,40.22,260,16.11092,24.16638,0,1015,10,2013-10-25 00:00:00.000000 +00:00
LGA,2013,10,24,21,46.94,26.06,43.81,260,16.11092,24.16638,0,1015.7,10,2013-10-25 01:00:00.000000 +00:00
LGA,2013,10,24,22,46.94,26.06,43.81,260,16.11092,24.16638,0,1016,10,2013-10-25 02:00:00.000000 +00:00
LGA,2013,10,24,23,46.04,26.06,45.33,260,16.11092,23.0156,0,1016.2,10,2013-10-25 03:00:00.000000 +00:00
LGA,2013,10,25,0,44.96,26.06,47.23,260,11.5078,23.0156,0,1016.3,10,2013-10-25 04:00:00.000000 +00:00
LGA,2013,10,25,1,44.06,26.96,50.73,260,14.96014,21.86482,0,1016.5,10,2013-10-25 05:00:00.000000 +00:00
LGA,2013,10,25,2,44.06,26.96,50.73,260,14.96014,23.0156,0,1016.6,10,2013-10-25 06:00:00.000000 +00:00
LGA,2013,10,25,3,42.98,26.96,52.87,260,11.5078,,0,1016.7,10,2013-10-25 07:00:00.000000 +00:00
LGA,2013,10,25,4,42.08,28.04,57.22,270,12.65858,,0,1017.2,10,2013-10-25 08:00:00.000000 +00:00
LGA,2013,10,25,5,42.98,30.92,62.16,290,11.5078,,0,1017.9,10,2013-10-25 09:00:00.000000 +00:00
LGA,2013,10,25,6,42.98,30.02,59.93,280,10.35702,,0,1018.4,10,2013-10-25 10:00:00.000000 +00:00
LGA,2013,10,25,7,42.08,30.02,62.04,300,16.11092,,0,1019.1,10,2013-10-25 11:00:00.000000 +00:00
LGA,2013,10,25,8,44.06,30.92,59.64,300,16.11092,23.0156,0,1020.1,10,2013-10-25 12:00:00.000000 +00:00
LGA,2013,10,25,9,46.04,30.02,53.33,310,14.96014,19.56326,0,1020.3,10,2013-10-25 13:00:00.000000 +00:00
LGA,2013,10,25,10,48.02,28.94,47.36,320,11.5078,,0,1020.3,10,2013-10-25 14:00:00.000000 +00:00
LGA,2013,10,25,11,50,30.92,47.68,310,16.11092,23.0156,0,1020.2,10,2013-10-25 15:00:00.000000 +00:00
LGA,2013,10,25,12,50,30.92,47.68,320,17.2617,24.16638,0,1020.1,10,2013-10-25 16:00:00.000000 +00:00
LGA,2013,10,25,13,51.98,30.02,42.72,300,17.2617,25.31716,0,1019.7,10,2013-10-25 17:00:00.000000 +00:00
LGA,2013,10,25,14,51.98,28.94,40.88,300,14.96014,26.46794,0,1019.6,10,2013-10-25 18:00:00.000000 +00:00
LGA,2013,10,25,15,53.06,28.94,39.28,310,19.56326,26.46794,0,1019.8,10,2013-10-25 19:00:00.000000 +00:00
LGA,2013,10,25,16,53.06,28.04,37.86,310,17.2617,,0,1020,10,2013-10-25 20:00:00.000000 +00:00
LGA,2013,10,25,17,51.98,26.06,36.31,300,17.2617,,0,1020.5,10,2013-10-25 21:00:00.000000 +00:00
LGA,2013,10,25,18,53.96,28.04,36.63,310,13.80936,,0,1021.4,10,2013-10-25 22:00:00.000000 +00:00
LGA,2013,10,25,19,51.08,28.04,40.73,310,14.96014,,0,1022,10,2013-10-25 23:00:00.000000 +00:00
LGA,2013,10,26,1,48.02,32,53.63,240,9.20624,,0,1022.9,10,2013-10-26 05:00:00.000000 +00:00
LGA,2013,10,26,2,46.04,32,57.78,210,5.7539,,0,1022.9,10,2013-10-26 06:00:00.000000 +00:00
LGA,2013,10,26,3,46.94,30.02,51.55,250,9.20624,,0,1022.7,10,2013-10-26 07:00:00.000000 +00:00
LGA,2013,10,26,4,44.96,30.92,57.63,230,5.7539,,0,1022.7,10,2013-10-26 08:00:00.000000 +00:00
LGA,2013,10,26,5,44.96,28.04,51.24,240,9.20624,,0,1022.5,10,2013-10-26 09:00:00.000000 +00:00
LGA,2013,10,26,6,44.06,28.04,53.03,240,8.05546,,0,1022.3,10,2013-10-26 10:00:00.000000 +00:00
LGA,2013,10,26,7,44.06,28.94,55.02,240,9.20624,,0,1022.5,10,2013-10-26 11:00:00.000000 +00:00
LGA,2013,10,26,8,44.96,28.94,53.17,230,9.20624,,0,1022.5,10,2013-10-26 12:00:00.000000 +00:00
LGA,2013,10,26,9,46.94,28.04,47.54,230,11.5078,,0,1022.1,10,2013-10-26 13:00:00.000000 +00:00
LGA,2013,10,26,10,50,28.94,43.99,210,10.35702,,0,1021.4,10,2013-10-26 14:00:00.000000 +00:00
LGA,2013,10,26,11,51.08,26.06,37.54,220,13.80936,21.86482,0,1020.6,10,2013-10-26 15:00:00.000000 +00:00
LGA,2013,10,26,12,53.06,24.98,33.36,230,19.56326,32.22184,0,1019.4,10,2013-10-26 16:00:00.000000 +00:00
LGA,2013,10,26,13,53.96,24.08,31.09,250,18.41248,27.61872,0,1018.1,10,2013-10-26 17:00:00.000000 +00:00
LGA,2013,10,26,14,55.04,24.08,29.89,210,16.11092,25.31716,0,1016.7,10,2013-10-26 18:00:00.000000 +00:00
LGA,2013,10,26,15,55.04,24.08,29.89,220,18.41248,27.61872,0,1016.1,10,2013-10-26 19:00:00.000000 +00:00
LGA,2013,10,26,16,55.04,24.98,31.03,220,16.11092,25.31716,0,1015.2,10,2013-10-26 20:00:00.000000 +00:00
LGA,2013,10,26,17,53.96,26.06,33.76,220,12.65858,,0,1014.3,10,2013-10-26 21:00:00.000000 +00:00
LGA,2013,10,26,18,53.96,28.04,36.63,210,13.80936,21.86482,0,1013.2,10,2013-10-26 22:00:00.000000 +00:00
LGA,2013,10,26,19,53.06,28.04,37.86,220,11.5078,,0,1013.9,10,2013-10-26 23:00:00.000000 +00:00
LGA,2013,10,26,20,51.98,28.04,39.4,230,13.80936,20.71404,0,1013.8,10,2013-10-27 00:00:00.000000 +00:00
LGA,2013,10,26,22,51.98,28.04,39.4,220,9.20624,,0,1013.3,10,2013-10-27 02:00:00.000000 +00:00
LGA,2013,10,26,23,51.98,28.04,39.4,220,12.65858,19.56326,0,1012.7,10,2013-10-27 03:00:00.000000 +00:00
LGA,2013,10,27,0,51.98,26.96,37.68,220,11.5078,,0,1012.1,10,2013-10-27 04:00:00.000000 +00:00
LGA,2013,10,27,1,51.98,28.04,39.4,250,13.80936,20.71404,0,1011.9,10,2013-10-27 05:00:00.000000 +00:00
LGA,2013,10,27,2,51.08,28.94,42.26,240,9.20624,,0,1011.6,10,2013-10-27 06:00:00.000000 +00:00
LGA,2013,10,27,3,51.08,28.04,40.73,240,13.80936,24.16638,0,1011.1,10,2013-10-27 07:00:00.000000 +00:00
LGA,2013,10,27,4,51.08,28.04,40.73,250,8.05546,,0,1011.4,10,2013-10-27 08:00:00.000000 +00:00
LGA,2013,10,27,5,50,28.04,42.39,260,11.5078,,0,1012.2,10,2013-10-27 09:00:00.000000 +00:00
LGA,2013,10,27,6,50,28.94,43.99,250,10.35702,19.56326,0,1012.8,10,2013-10-27 10:00:00.000000 +00:00
LGA,2013,10,27,7,48.92,28.94,45.79,260,12.65858,,0,1013.5,10,2013-10-27 11:00:00.000000 +00:00
LGA,2013,10,27,8,48.92,30.02,47.86,290,11.5078,18.41248,0,1014.2,10,2013-10-27 12:00:00.000000 +00:00
LGA,2013,10,27,9,51.08,30.92,45.81,300,13.80936,20.71404,0,1014.6,10,2013-10-27 13:00:00.000000 +00:00
LGA,2013,10,27,10,53.06,30.02,41.05,280,13.80936,,0,1014.8,10,2013-10-27 14:00:00.000000 +00:00
LGA,2013,10,27,11,55.04,30.02,38.19,310,14.96014,18.41248,0,1014.9,10,2013-10-27 15:00:00.000000 +00:00
LGA,2013,10,27,12,55.04,30.02,38.19,270,9.20624,21.86482,0,1014.2,10,2013-10-27 16:00:00.000000 +00:00
LGA,2013,10,27,13,57.02,28.94,34.01,270,12.65858,20.71404,0,1013.8,10,2013-10-27 17:00:00.000000 +00:00
LGA,2013,10,27,14,57.92,28.94,32.93,300,10.35702,,0,1013.8,10,2013-10-27 18:00:00.000000 +00:00
LGA,2013,10,27,15,57.92,26.06,29.25,290,14.96014,20.71404,0,1014.1,10,2013-10-27 19:00:00.000000 +00:00
LGA,2013,10,27,16,57.02,28.94,34.01,280,12.65858,,0,1014.8,10,2013-10-27 20:00:00.000000 +00:00
LGA,2013,10,27,17,55.94,28.04,34.09,300,13.80936,,0,1015.7,10,2013-10-27 21:00:00.000000 +00:00
LGA,2013,10,27,18,55.04,28.94,36.54,310,11.5078,,0,1016.7,10,2013-10-27 22:00:00.000000 +00:00
LGA,2013,10,27,19,53.96,30.02,39.72,280,8.05546,,0,1017.4,10,2013-10-27 23:00:00.000000 +00:00
LGA,2013,10,27,20,53.06,28.04,37.86,280,12.65858,,0,1018.2,10,2013-10-28 00:00:00.000000 +00:00
LGA,2013,10,27,21,51.98,30.02,42.72,280,9.20624,,0,1019,10,2013-10-28 01:00:00.000000 +00:00
LGA,2013,10,27,22,51.08,30.02,44.16,300,12.65858,,0,1019.7,10,2013-10-28 02:00:00.000000 +00:00
LGA,2013,10,27,23,50,30.02,45.97,300,11.5078,,0,1020,10,2013-10-28 03:00:00.000000 +00:00
LGA,2013,10,28,0,48.92,30.92,49.64,300,9.20624,,0,1020.3,10,2013-10-28 04:00:00.000000 +00:00
LGA,2013,10,28,1,48.92,30.02,47.86,290,6.90468,,0,1020.6,10,2013-10-28 05:00:00.000000 +00:00
LGA,2013,10,28,2,48.02,30.02,49.5,300,6.90468,,0,1020.5,10,2013-10-28 06:00:00.000000 +00:00
LGA,2013,10,28,3,48.02,30.02,49.5,200,3.45234,,0,1020.6,10,2013-10-28 07:00:00.000000 +00:00
LGA,2013,10,28,4,44.96,30.02,55.56,0,0,,0,1020.8,10,2013-10-28 08:00:00.000000 +00:00
LGA,2013,10,28,5,48.02,33.98,58.07,310,9.20624,,0,1020.8,10,2013-10-28 09:00:00.000000 +00:00
LGA,2013,10,28,6,46.94,30.02,51.55,250,3.45234,,0,1021.7,10,2013-10-28 10:00:00.000000 +00:00
LGA,2013,10,28,7,46.04,30.92,55.32,0,0,,0,1022.6,10,2013-10-28 11:00:00.000000 +00:00
LGA,2013,10,28,8,50,28.94,43.99,230,9.20624,,0,1023.3,10,2013-10-28 12:00:00.000000 +00:00
LGA,2013,10,28,9,51.98,28.04,39.4,230,13.80936,,0,1023.8,10,2013-10-28 13:00:00.000000 +00:00
LGA,2013,10,28,10,53.96,26.96,35.04,240,10.35702,,0,1023.8,10,2013-10-28 14:00:00.000000 +00:00
LGA,2013,10,28,11,55.94,28.04,34.09,250,10.35702,23.0156,0,1023.5,10,2013-10-28 15:00:00.000000 +00:00
LGA,2013,10,28,12,59,28.94,31.68,260,14.96014,23.0156,0,1022.7,10,2013-10-28 16:00:00.000000 +00:00
LGA,2013,10,28,13,60.08,28.94,30.48,250,12.65858,21.86482,0,1022.1,10,2013-10-28 17:00:00.000000 +00:00
LGA,2013,10,28,14,60.98,28.94,29.52,230,13.80936,20.71404,0,1021.9,10,2013-10-28 18:00:00.000000 +00:00
LGA,2013,10,28,15,60.98,28.94,29.52,270,9.20624,,0,1022,10,2013-10-28 19:00:00.000000 +00:00
LGA,2013,10,28,16,60.98,30.02,30.85,260,9.20624,,0,1022.2,10,2013-10-28 20:00:00.000000 +00:00
LGA,2013,10,28,17,60.08,30.02,31.85,250,9.20624,,0,1022.7,10,2013-10-28 21:00:00.000000 +00:00
LGA,2013,10,28,18,59,32,35.87,290,6.90468,,0,1023.8,10,2013-10-28 22:00:00.000000 +00:00
LGA,2013,10,28,19,57.02,33.08,40.22,360,11.5078,,0,1024.7,10,2013-10-28 23:00:00.000000 +00:00
LGA,2013,10,28,20,55.94,33.08,41.82,360,5.7539,,0,1025.2,10,2013-10-29 00:00:00.000000 +00:00
LGA,2013,10,28,21,53.96,33.08,44.95,50,6.90468,,0,1025.9,10,2013-10-29 01:00:00.000000 +00:00
LGA,2013,10,28,22,53.96,33.08,44.95,30,9.20624,,0,1026.1,10,2013-10-29 02:00:00.000000 +00:00
LGA,2013,10,28,23,51.98,33.08,48.34,30,11.5078,,0,1026.6,10,2013-10-29 03:00:00.000000 +00:00
LGA,2013,10,29,0,50,30.92,47.68,20,11.5078,,0,1027,10,2013-10-29 04:00:00.000000 +00:00
LGA,2013,10,29,1,48.92,28.94,45.79,30,8.05546,,0,1027.2,10,2013-10-29 05:00:00.000000 +00:00
LGA,2013,10,29,2,48.92,30.02,47.86,30,11.5078,,0,1027.3,10,2013-10-29 06:00:00.000000 +00:00
LGA,2013,10,29,3,48.92,33.98,56.14,70,11.5078,,0,1027.5,10,2013-10-29 07:00:00.000000 +00:00
LGA,2013,10,29,4,46.94,33.08,58.33,40,8.05546,,0,1027.9,10,2013-10-29 08:00:00.000000 +00:00
LGA,2013,10,29,5,46.04,30.92,55.32,30,10.35702,,0,1028.8,10,2013-10-29 09:00:00.000000 +00:00
LGA,2013,10,29,6,44.96,30.02,55.56,20,8.05546,,0,1028.9,10,2013-10-29 10:00:00.000000 +00:00
LGA,2013,10,29,7,44.06,28.04,53.03,40,10.35702,,0,1029.4,10,2013-10-29 11:00:00.000000 +00:00
LGA,2013,10,29,8,44.96,28.04,51.24,20,9.20624,,0,1029.8,10,2013-10-29 12:00:00.000000 +00:00
LGA,2013,10,29,9,46.04,28.94,51.03,30,11.5078,,0,1030,10,2013-10-29 13:00:00.000000 +00:00
LGA,2013,10,29,10,48.02,28.94,47.36,50,9.20624,,0,1030,10,2013-10-29 14:00:00.000000 +00:00
LGA,2013,10,29,11,50,28.94,43.99,60,10.35702,,0,1029.8,10,2013-10-29 15:00:00.000000 +00:00
LGA,2013,10,29,12,51.98,28.04,39.4,70,8.05546,,0,1029.3,10,2013-10-29 16:00:00.000000 +00:00
LGA,2013,10,29,13,53.06,28.04,37.86,40,6.90468,,0,1028.3,10,2013-10-29 17:00:00.000000 +00:00
LGA,2013,10,29,14,53.96,28.94,38.01,60,6.90468,,0,1028.1,10,2013-10-29 18:00:00.000000 +00:00
LGA,2013,10,29,15,53.96,30.02,39.72,60,9.20624,,0,1028.3,10,2013-10-29 19:00:00.000000 +00:00
LGA,2013,10,29,16,53.96,30.92,41.2,60,9.20624,,0,1028.4,10,2013-10-29 20:00:00.000000 +00:00
LGA,2013,10,29,17,51.98,30.92,44.31,80,9.20624,,0,1028.1,10,2013-10-29 21:00:00.000000 +00:00
LGA,2013,10,29,18,51.98,28.94,40.88,60,6.90468,,0,1028.3,10,2013-10-29 22:00:00.000000 +00:00
LGA,2013,10,29,19,51.98,30.02,42.72,,3.45234,,0,1028.8,10,2013-10-29 23:00:00.000000 +00:00
LGA,2013,10,29,20,51.08,32,47.85,40,4.60312,,0,1028.4,10,2013-10-30 00:00:00.000000 +00:00
LGA,2013,10,29,21,51.08,30.02,44.16,40,4.60312,,0,1028.4,10,2013-10-30 01:00:00.000000 +00:00
LGA,2013,10,29,22,50,37.04,60.89,40,4.60312,,0,1028.6,10,2013-10-30 02:00:00.000000 +00:00
LGA,2013,10,29,23,48.92,33.08,54.15,130,4.60312,,0,1028,10,2013-10-30 03:00:00.000000 +00:00
LGA,2013,10,30,0,48.92,32,51.85,130,4.60312,,0,1027.4,10,2013-10-30 04:00:00.000000 +00:00
LGA,2013,10,30,1,48.92,30.92,49.64,140,3.45234,,0,1026.9,10,2013-10-30 05:00:00.000000 +00:00
LGA,2013,10,30,2,48.92,30.02,47.86,0,0,,0,1026.8,10,2013-10-30 06:00:00.000000 +00:00
LGA,2013,10,30,3,48.92,30.92,49.64,0,0,,0,1026.3,10,2013-10-30 07:00:00.000000 +00:00
LGA,2013,10,30,4,50,30.92,49.64,90,4.60312,,0,,10,2013-10-30 08:00:00.000000 +00:00
LGA,2013,10,30,5,48.2,37.4,66.05,30,4.60312,,0,,10,2013-10-30 09:00:00.000000 +00:00
LGA,2013,10,30,6,48.92,37.04,63.39,40,5.7539,,0,1025.8,10,2013-10-30 10:00:00.000000 +00:00
LGA,2013,10,30,7,48.92,37.04,63.39,50,5.7539,,0,1025.7,10,2013-10-30 11:00:00.000000 +00:00
LGA,2013,10,30,8,51.08,39.02,63.22,40,4.60312,,0,1025.9,10,2013-10-30 12:00:00.000000 +00:00
LGA,2013,10,30,9,53.06,39.92,60.87,0,0,,0,1025.5,10,2013-10-30 13:00:00.000000 +00:00
LGA,2013,10,30,10,55.4,41,59.04,,3.45234,,0,,10,2013-10-30 14:00:00.000000 +00:00
LGA,2013,10,30,11,57.02,42.98,59.31,0,0,,0,1025.2,10,2013-10-30 15:00:00.000000 +00:00
LGA,2013,10,30,12,57.92,46.04,64.52,230,9.20624,,0,1024.2,10,2013-10-30 16:00:00.000000 +00:00
LGA,2013,10,30,13,57.92,46.4,67.12,230,11.5078,,0,,10,2013-10-30 17:00:00.000000 +00:00
LGA,2013,10,30,14,59,46.04,62.07,210,10.35702,,0,1022.8,10,2013-10-30 18:00:00.000000 +00:00
LGA,2013,10,30,15,59,46.94,64.22,190,8.05546,,0,1022.2,10,2013-10-30 19:00:00.000000 +00:00
LGA,2013,10,30,16,59,46.94,64.22,190,9.20624,,0,1022.1,10,2013-10-30 20:00:00.000000 +00:00
LGA,2013,10,30,17,57.92,48.92,71.9,170,9.20624,,0,1022.2,10,2013-10-30 21:00:00.000000 +00:00
LGA,2013,10,30,18,57.92,50,74.86,180,8.05546,,0,1022.6,10,2013-10-30 22:00:00.000000 +00:00
LGA,2013,10,30,19,57.92,48.02,69.52,210,5.7539,,0,1022.9,10,2013-10-30 23:00:00.000000 +00:00
LGA,2013,10,30,20,57.92,48.92,71.9,220,5.7539,,0,1023.6,10,2013-10-31 00:00:00.000000 +00:00
LGA,2013,10,30,21,57.02,48.02,71.81,200,5.7539,,0,1023.5,10,2013-10-31 01:00:00.000000 +00:00
LGA,2013,10,30,22,57.92,46.04,64.52,210,8.05546,,0,1023.8,9,2013-10-31 02:00:00.000000 +00:00
LGA,2013,10,30,23,55.94,46.04,69.3,210,3.45234,,0,1023.3,9,2013-10-31 03:00:00.000000 +00:00
LGA,2013,10,31,0,55.04,46.94,74.08,190,5.7539,,0,1023.4,9,2013-10-31 04:00:00.000000 +00:00
LGA,2013,10,31,1,53.96,48.02,80.25,200,4.60312,,0,1022.8,8,2013-10-31 05:00:00.000000 +00:00
LGA,2013,10,31,2,55.04,48.92,79.8,200,3.45234,,0,1022.8,8,2013-10-31 06:00:00.000000 +00:00
LGA,2013,10,31,3,55.94,48.02,74.67,200,5.7539,,0,1022.5,9,2013-10-31 07:00:00.000000 +00:00
LGA,2013,10,31,4,55.94,48.92,77.23,0,0,,0,1022.2,8,2013-10-31 08:00:00.000000 +00:00
LGA,2013,10,31,5,57.02,48.92,74.27,180,4.60312,,0,1021.9,8,2013-10-31 09:00:00.000000 +00:00
LGA,2013,10,31,6,57.02,50,77.32,170,3.45234,,0,1021.4,8,2013-10-31 10:00:00.000000 +00:00
LGA,2013,10,31,7,57.92,50,74.86,60,5.7539,,0,1021.2,7,2013-10-31 11:00:00.000000 +00:00
LGA,2013,10,31,8,57.92,51.98,82.12,,9.20624,,0,,6,2013-10-31 12:00:00.000000 +00:00
LGA,2013,10,31,9,64.04,55.04,72.53,140,6.90468,,0,1020.2,9,2013-10-31 13:00:00.000000 +00:00
LGA,2013,10,31,10,64.04,55.94,77.29,,10.35702,,0,,10,2013-10-31 14:00:00.000000 +00:00
LGA,2013,10,31,11,64.94,57.02,75.51,200,6.90468,,0,1018.8,8,2013-10-31 15:00:00.000000 +00:00
LGA,2013,10,31,12,64.4,57.2,80.93,200,9.20624,,0,,8,2013-10-31 16:00:00.000000 +00:00
LGA,2013,10,31,13,62.06,57.92,86.29,160,8.05546,,0.02,1016.1,5,2013-10-31 17:00:00.000000 +00:00
LGA,2013,10,31,14,62.06,57.02,83.54,180,13.80936,,0,1015.4,7,2013-10-31 18:00:00.000000 +00:00
LGA,2013,10,31,15,62.96,57.02,80.93,180,12.65858,19.56326,0,1014.7,8,2013-10-31 19:00:00.000000 +00:00
LGA,2013,10,31,16,62.96,57.02,80.93,180,10.35702,,0,1014.6,9,2013-10-31 20:00:00.000000 +00:00
LGA,2013,10,31,17,62.96,57.02,80.93,170,10.35702,,0,1014,9,2013-10-31 21:00:00.000000 +00:00
LGA,2013,10,31,18,62.96,55.94,77.83,180,11.5078,,0,1013.4,10,2013-10-31 22:00:00.000000 +00:00
LGA,2013,10,31,19,62.96,55.04,75.33,180,13.80936,18.41248,0,1013.3,10,2013-10-31 23:00:00.000000 +00:00
LGA,2013,10,31,20,62.06,53.96,74.75,180,13.80936,19.56326,0,1012.2,10,2013-11-01 00:00:00.000000 +00:00
LGA,2013,12,25,14,26.96,3.92,36.64,0,0,,0,1032.3,10,2013-12-25 19:00:00.000000 +00:00
LGA,2013,10,31,21,62.96,55.04,75.33,180,9.20624,,0,1011.4,10,2013-11-01 01:00:00.000000 +00:00
LGA,2013,10,31,22,62.96,57.02,80.93,210,9.20624,,0,1011,9,2013-11-01 02:00:00.000000 +00:00
LGA,2013,10,31,23,64.04,57.02,77.92,210,10.35702,,0.03,1009.5,10,2013-11-01 03:00:00.000000 +00:00
LGA,2013,11,1,0,62.96,59,86.9,170,10.35702,,0,1008.4,10,2013-11-01 04:00:00.000000 +00:00
LGA,2013,11,1,1,62.6,59,89.7,180,12.65858,,0,,10,2013-11-01 05:00:00.000000 +00:00
LGA,2013,11,1,2,64.04,59,83.66,190,8.05546,,0,1006.2,10,2013-11-01 06:00:00.000000 +00:00
LGA,2013,11,1,5,68,59,72.92,190,18.41248,24.16638,0,1002.7,10,2013-11-01 09:00:00.000000 +00:00
LGA,2013,11,1,6,69.98,60.08,70.81,200,19.56326,28.7695,0,1002.5,10,2013-11-01 10:00:00.000000 +00:00
LGA,2013,11,1,7,68,60.08,75.78,190,20.71404,27.61872,0,1001.7,10,2013-11-01 11:00:00.000000 +00:00
LGA,2013,11,1,8,69.08,60.08,73.02,200,19.56326,28.7695,0,1001.4,10,2013-11-01 12:00:00.000000 +00:00
LGA,2013,11,1,9,69.98,60.08,70.81,210,18.41248,28.7695,0,1001.5,10,2013-11-01 13:00:00.000000 +00:00
LGA,2013,11,1,10,66.2,57.2,72.74,260,14.96014,,0.05,,10,2013-11-01 14:00:00.000000 +00:00
LGA,2013,11,1,11,64.94,55.04,70.28,230,13.80936,20.71404,0,1002.7,10,2013-11-01 15:00:00.000000 +00:00
LGA,2013,11,1,12,64.94,53.96,67.57,230,12.65858,23.0156,0,1001.8,10,2013-11-01 16:00:00.000000 +00:00
LGA,2013,11,1,13,66.02,53.96,65.07,230,18.41248,25.31716,0,1001.3,10,2013-11-01 17:00:00.000000 +00:00
LGA,2013,11,1,14,68,51.98,56.51,250,17.2617,24.16638,0,1001.3,10,2013-11-01 18:00:00.000000 +00:00
LGA,2013,11,1,15,69.08,50,50.6,240,12.65858,24.16638,0,1001,10,2013-11-01 19:00:00.000000 +00:00
LGA,2013,11,1,16,69.08,50,50.6,240,12.65858,,0,1000.7,10,2013-11-01 20:00:00.000000 +00:00
LGA,2013,11,1,17,66.92,51.98,58.65,210,14.96014,21.86482,0,1001.9,10,2013-11-01 21:00:00.000000 +00:00
LGA,2013,11,1,18,66.02,51.98,60.51,210,11.5078,,0,1002.9,10,2013-11-01 22:00:00.000000 +00:00
LGA,2013,11,1,19,66.02,51.98,60.51,210,9.20624,17.2617,0,1003.6,10,2013-11-01 23:00:00.000000 +00:00
LGA,2013,11,1,20,64.04,51.98,64.84,210,9.20624,,0,1003.8,10,2013-11-02 00:00:00.000000 +00:00
LGA,2013,11,1,21,62.96,55.04,75.33,210,10.35702,,0,1004.6,10,2013-11-02 01:00:00.000000 +00:00
LGA,2013,11,1,22,62.06,55.94,80.34,240,6.90468,,0,1005.4,10,2013-11-02 02:00:00.000000 +00:00
LGA,2013,11,1,23,62.96,57.02,80.93,270,9.20624,,0,1004.8,10,2013-11-02 03:00:00.000000 +00:00
LGA,2013,11,2,0,60.98,55.94,83.47,310,5.7539,,0,1004.3,10,2013-11-02 04:00:00.000000 +00:00
LGA,2013,11,2,1,60.08,51.98,74.56,350,4.60312,,0,1004,10,2013-11-02 05:00:00.000000 +00:00
LGA,2013,11,2,2,60.08,48.02,64.35,350,4.60312,,0,1003.9,10,2013-11-02 06:00:00.000000 +00:00
LGA,2013,11,2,3,57.92,48.02,69.52,0,0,,0,1003.7,10,2013-11-02 07:00:00.000000 +00:00
LGA,2013,11,2,4,57.92,46.04,64.52,20,4.60312,,0,1004.3,10,2013-11-02 08:00:00.000000 +00:00
LGA,2013,11,2,5,55.94,50,80.4,40,5.7539,,0,1004.1,10,2013-11-02 09:00:00.000000 +00:00
LGA,2013,11,2,6,55.94,48.02,74.67,70,9.20624,,0,1004.2,10,2013-11-02 10:00:00.000000 +00:00
LGA,2013,11,2,7,55.94,46.94,71.7,80,4.60312,,0,1005.3,10,2013-11-02 11:00:00.000000 +00:00
LGA,2013,11,2,8,57.02,46.94,68.95,50,3.45234,,0,1005.2,10,2013-11-02 12:00:00.000000 +00:00
LGA,2013,11,2,9,57.92,46.94,66.75,0,0,,0,1005.3,10,2013-11-02 13:00:00.000000 +00:00
LGA,2013,11,2,10,62.06,46.04,55.68,50,6.90468,,0,1004.6,10,2013-11-02 14:00:00.000000 +00:00
LGA,2013,11,2,11,64.04,46.04,51.93,40,3.45234,,0,1004.1,10,2013-11-02 15:00:00.000000 +00:00
LGA,2013,11,2,12,64.94,41,41.49,0,0,,0,1004,10,2013-11-02 16:00:00.000000 +00:00
LGA,2013,11,2,13,66.92,39.92,37.15,190,8.05546,,0,1003.3,10,2013-11-02 17:00:00.000000 +00:00
LGA,2013,11,2,14,66.92,39.02,35.87,170,12.65858,,0,1003.1,10,2013-11-02 18:00:00.000000 +00:00
LGA,2013,11,2,15,66.02,39.02,37,190,10.35702,,0,1003.2,10,2013-11-02 19:00:00.000000 +00:00
LGA,2013,11,2,16,62.06,44.06,51.64,180,8.05546,,0.01,1003.4,10,2013-11-02 20:00:00.000000 +00:00
LGA,2013,11,2,17,64.04,42.98,46.22,260,9.20624,,0,1004.1,10,2013-11-02 21:00:00.000000 +00:00
LGA,2013,11,2,18,62.6,44.6,51.72,310,14.96014,,0,,10,2013-11-02 22:00:00.000000 +00:00
LGA,2013,11,2,19,60.08,41,49.25,310,8.05546,,0,1006.1,10,2013-11-02 23:00:00.000000 +00:00
LGA,2013,11,3,1,55.04,39.02,54.67,330,9.20624,,0,1009.3,10,2013-11-03 05:00:00.000000 +00:00
LGA,2013,11,3,1,53.96,39.92,58.89,310,8.05546,,0,1010.2,10,2013-11-03 06:00:00.000000 +00:00
LGA,2013,11,3,2,51.98,39.02,61.15,330,10.35702,,0,1010.7,10,2013-11-03 07:00:00.000000 +00:00
LGA,2013,11,3,3,51.08,39.92,65.48,330,11.5078,,0,1011.6,10,2013-11-03 08:00:00.000000 +00:00
LGA,2013,11,3,4,50,41,71.07,350,16.11092,,0,1012.5,10,2013-11-03 09:00:00.000000 +00:00
LGA,2013,11,3,5,46.94,37.04,68.28,350,13.80936,,0,1013.9,10,2013-11-03 10:00:00.000000 +00:00
LGA,2013,11,3,6,46.04,35.06,65.32,350,13.80936,24.16638,0,1015.8,10,2013-11-03 11:00:00.000000 +00:00
LGA,2013,11,3,7,46.04,32,57.78,350,17.2617,25.31716,0,1017.6,10,2013-11-03 12:00:00.000000 +00:00
LGA,2013,11,3,8,46.04,32,57.78,360,17.2617,24.16638,0,1018.3,10,2013-11-03 13:00:00.000000 +00:00
LGA,2013,11,3,9,46.94,32,55.85,10,13.80936,,0,1019.3,10,2013-11-03 14:00:00.000000 +00:00
LGA,2013,11,3,10,46.94,32,55.85,340,17.2617,24.16638,0,1020.3,10,2013-11-03 15:00:00.000000 +00:00
LGA,2013,11,3,11,46.94,32,55.85,350,16.11092,,0,1020.5,10,2013-11-03 16:00:00.000000 +00:00
LGA,2013,11,3,12,48.02,32,53.63,320,11.5078,19.56326,0,1020.7,10,2013-11-03 17:00:00.000000 +00:00
LGA,2013,11,3,13,48.92,30.92,49.64,350,10.35702,20.71404,0,1021,10,2013-11-03 18:00:00.000000 +00:00
LGA,2013,11,3,14,50,32,49.81,10,11.5078,,0,1021.7,10,2013-11-03 19:00:00.000000 +00:00
LGA,2013,11,3,15,48.92,30.02,47.86,330,16.11092,23.0156,0,1022.8,10,2013-11-03 20:00:00.000000 +00:00
LGA,2013,11,3,16,46.04,28.94,51.03,340,18.41248,26.46794,0,1024.3,10,2013-11-03 21:00:00.000000 +00:00
LGA,2013,11,3,17,44.06,24.98,46.73,340,17.2617,23.0156,0,1025.9,10,2013-11-03 22:00:00.000000 +00:00
LGA,2013,11,3,18,42.08,24.08,48.56,320,16.11092,,0,1027.1,10,2013-11-03 23:00:00.000000 +00:00
LGA,2013,11,3,19,39.92,24.08,52.79,330,12.65858,,0,1028,10,2013-11-04 00:00:00.000000 +00:00
LGA,2013,11,3,20,39.92,24.08,52.79,330,12.65858,,0,1028.6,10,2013-11-04 01:00:00.000000 +00:00
LGA,2013,11,3,21,39.02,21.92,49.93,340,11.5078,,0,1029.5,10,2013-11-04 02:00:00.000000 +00:00
LGA,2013,11,3,22,39.02,21.92,49.93,350,10.35702,,0,1030.2,10,2013-11-04 03:00:00.000000 +00:00
LGA,2013,11,3,23,37.94,17.06,42.32,10,13.80936,,0,1031.1,10,2013-11-04 04:00:00.000000 +00:00
LGA,2013,11,4,0,37.04,15.08,40.24,360,16.11092,23.0156,0,1031.8,10,2013-11-04 05:00:00.000000 +00:00
LGA,2013,11,4,1,35.96,15.98,43.67,10,11.5078,,0,1032.6,10,2013-11-04 06:00:00.000000 +00:00
LGA,2013,11,4,2,35.06,17.06,47.42,10,11.5078,,0,1033,10,2013-11-04 07:00:00.000000 +00:00
LGA,2013,11,4,3,35.06,17.06,47.42,10,12.65858,,0,1033.6,10,2013-11-04 08:00:00.000000 +00:00
LGA,2013,11,4,4,35.06,17.06,47.42,10,12.65858,,0,1034.3,10,2013-11-04 09:00:00.000000 +00:00
LGA,2013,11,4,5,33.98,17.06,49.51,10,11.5078,,0,1035,10,2013-11-04 10:00:00.000000 +00:00
LGA,2013,11,4,6,35.06,17.96,49.3,10,12.65858,,0,1035.8,10,2013-11-04 11:00:00.000000 +00:00
LGA,2013,11,4,7,35.96,15.98,43.67,30,14.96014,23.0156,0,1036.2,10,2013-11-04 12:00:00.000000 +00:00
LGA,2013,11,4,8,37.94,15.98,40.39,40,16.11092,,0,1036.9,10,2013-11-04 13:00:00.000000 +00:00
LGA,2013,11,4,9,41,15.98,35.85,40,14.96014,23.0156,0,1037.2,10,2013-11-04 14:00:00.000000 +00:00
LGA,2013,11,4,11,42.98,15.98,33.21,40,14.96014,,0,1036.8,10,2013-11-04 16:00:00.000000 +00:00
LGA,2013,11,4,12,42.98,14,30.47,60,10.35702,17.2617,0,1036.7,10,2013-11-04 17:00:00.000000 +00:00
LGA,2013,11,4,13,44.06,10.94,25.54,70,10.35702,16.11092,0,1036.3,10,2013-11-04 18:00:00.000000 +00:00
LGA,2013,11,4,14,44.96,12.92,26.94,40,6.90468,,0,1036.7,10,2013-11-04 19:00:00.000000 +00:00
LGA,2013,11,4,15,44.96,14,28.25,100,5.7539,,0,1036.8,10,2013-11-04 20:00:00.000000 +00:00
LGA,2013,11,4,16,44.06,12.92,27.88,70,8.05546,,0,1037.2,10,2013-11-04 21:00:00.000000 +00:00
LGA,2013,11,4,17,42.98,12.92,29.05,90,6.90468,,0,1037.6,10,2013-11-04 22:00:00.000000 +00:00
LGA,2013,11,4,18,44.06,12.92,27.88,70,9.20624,,0,1037.6,10,2013-11-04 23:00:00.000000 +00:00
LGA,2013,11,4,19,42.98,17.06,34.81,100,6.90468,,0,1037.7,10,2013-11-05 00:00:00.000000 +00:00
LGA,2013,11,4,20,42.98,17.96,36.18,100,8.05546,,0,1038.1,10,2013-11-05 01:00:00.000000 +00:00
LGA,2013,11,4,21,42.08,19.04,39.23,100,6.90468,,0,1038.3,10,2013-11-05 02:00:00.000000 +00:00
LGA,2013,11,4,22,42.08,19.94,40.77,80,5.7539,,0,1038.3,10,2013-11-05 03:00:00.000000 +00:00
LGA,2013,11,4,23,42.08,21.02,42.69,90,9.20624,,0,1037.9,10,2013-11-05 04:00:00.000000 +00:00
LGA,2013,11,5,0,42.08,24.08,48.56,90,8.05546,,0,1038.1,10,2013-11-05 05:00:00.000000 +00:00
LGA,2013,11,5,1,42.98,24.08,46.91,80,9.20624,,0,1037.9,10,2013-11-05 06:00:00.000000 +00:00
LGA,2013,11,5,2,42.98,24.08,46.91,90,11.5078,,0,1036.7,10,2013-11-05 07:00:00.000000 +00:00
LGA,2013,11,5,3,42.08,26.96,54.73,80,5.7539,,0,1037.2,10,2013-11-05 08:00:00.000000 +00:00
LGA,2013,11,5,4,42.98,30.02,59.93,60,4.60312,,0,1037.7,10,2013-11-05 09:00:00.000000 +00:00
LGA,2013,11,5,5,42.08,30.02,62.04,70,5.7539,,0,1037.6,10,2013-11-05 10:00:00.000000 +00:00
LGA,2013,11,5,6,42.98,30.92,62.16,90,5.7539,,0,1037.7,10,2013-11-05 11:00:00.000000 +00:00
LGA,2013,11,5,7,44.96,30.92,57.63,90,4.60312,,0,1037.8,10,2013-11-05 12:00:00.000000 +00:00
LGA,2013,11,5,8,48.92,32,51.85,80,8.05546,,0,1037.6,10,2013-11-05 13:00:00.000000 +00:00
LGA,2013,11,5,9,50,33.08,52.02,80,9.20624,,0,1037.8,10,2013-11-05 14:00:00.000000 +00:00
LGA,2013,11,5,10,55.04,35.06,46.77,120,10.35702,,0,1037.5,10,2013-11-05 15:00:00.000000 +00:00
LGA,2013,11,5,11,53.06,35.06,50.28,160,8.05546,,0,1036.9,10,2013-11-05 16:00:00.000000 +00:00
LGA,2013,11,5,12,53.06,35.06,50.28,160,8.05546,,0,1036.1,10,2013-11-05 17:00:00.000000 +00:00
LGA,2013,11,5,13,53.06,33.98,48.16,160,5.7539,,0,1035.6,10,2013-11-05 18:00:00.000000 +00:00
LGA,2013,11,5,14,53.96,35.06,48.65,150,8.05546,,0,1035,10,2013-11-05 19:00:00.000000 +00:00
LGA,2013,11,5,15,53.06,35.96,52.11,160,9.20624,,0,1034.5,10,2013-11-05 20:00:00.000000 +00:00
LGA,2013,11,5,16,51.98,37.04,56.58,150,6.90468,,0,1034.3,10,2013-11-05 21:00:00.000000 +00:00
LGA,2013,11,5,17,51.08,37.04,58.49,140,9.20624,,0,1034.2,10,2013-11-05 22:00:00.000000 +00:00
LGA,2013,11,5,18,51.08,37.94,60.6,140,6.90468,,0,1034.7,10,2013-11-05 23:00:00.000000 +00:00
LGA,2013,11,5,19,51.98,37.94,58.62,150,4.60312,,0,1034.7,10,2013-11-06 00:00:00.000000 +00:00
LGA,2013,11,5,20,51.08,37.94,60.6,130,3.45234,,0,1033.9,10,2013-11-06 01:00:00.000000 +00:00
LGA,2013,11,5,21,51.98,39.02,61.15,0,0,,0,1033.8,10,2013-11-06 02:00:00.000000 +00:00
LGA,2013,11,5,22,51.98,39.92,63.33,100,4.60312,,0,1032.9,10,2013-11-06 03:00:00.000000 +00:00
LGA,2013,11,5,23,51.08,41,68.28,90,5.7539,,0,1032.4,10,2013-11-06 04:00:00.000000 +00:00
LGA,2013,11,6,0,50,41,71.07,0,0,,0,1032.5,10,2013-11-06 05:00:00.000000 +00:00
LGA,2013,11,6,1,48.92,39.92,70.95,0,0,,0,1032,10,2013-11-06 06:00:00.000000 +00:00
LGA,2013,11,6,2,50,41,71.07,0,0,,0,1031.5,10,2013-11-06 07:00:00.000000 +00:00
LGA,2013,11,6,3,48.02,41,76.53,0,0,,0,1031.1,10,2013-11-06 08:00:00.000000 +00:00
LGA,2013,11,6,4,48.02,42.08,79.79,160,3.45234,,0,1030.7,10,2013-11-06 09:00:00.000000 +00:00
LGA,2013,11,6,5,48.02,42.08,79.79,180,3.45234,,0,1030.4,10,2013-11-06 10:00:00.000000 +00:00
LGA,2013,11,6,6,48.92,42.98,79.86,180,5.7539,,0,1030.1,10,2013-11-06 11:00:00.000000 +00:00
LGA,2013,11,6,7,51.98,44.06,74.29,180,6.90468,,0,1030,10,2013-11-06 12:00:00.000000 +00:00
LGA,2013,11,6,8,55.94,41,57.14,170,9.20624,,0,1029.5,10,2013-11-06 13:00:00.000000 +00:00
LGA,2013,11,9,13,48.92,19.94,31.45,,6.90468,,0,1021.9,10,2013-11-09 18:00:00.000000 +00:00
LGA,2013,11,6,9,57.02,42.08,57.29,180,11.5078,,0,1028.6,10,2013-11-06 14:00:00.000000 +00:00
LGA,2013,11,6,10,57.92,41,53.2,180,9.20624,,0,1028.6,10,2013-11-06 15:00:00.000000 +00:00
LGA,2013,11,6,11,59,41,51.18,160,13.80936,,0,1027,10,2013-11-06 16:00:00.000000 +00:00
LGA,2013,11,6,12,57.92,42.08,55.47,170,12.65858,,0,1025.8,10,2013-11-06 17:00:00.000000 +00:00
LGA,2013,11,6,13,59,42.08,53.36,170,13.80936,,0,1025.1,10,2013-11-06 18:00:00.000000 +00:00
LGA,2013,11,6,14,59,42.08,53.36,180,11.5078,20.71404,0,1024.5,10,2013-11-06 19:00:00.000000 +00:00
LGA,2013,11,6,15,57.02,44.96,63.97,160,12.65858,,0,1024.1,10,2013-11-06 20:00:00.000000 +00:00
LGA,2013,11,6,16,55.94,48.02,74.67,180,11.5078,,0,1023.2,10,2013-11-06 21:00:00.000000 +00:00
LGA,2013,11,6,17,55.94,48.02,74.67,170,11.5078,20.71404,0,1022.5,10,2013-11-06 22:00:00.000000 +00:00
LGA,2013,11,6,18,57.02,48.92,74.27,180,8.05546,,0,1022.1,10,2013-11-06 23:00:00.000000 +00:00
LGA,2013,11,6,19,57.02,46.94,68.95,210,9.20624,,0,1021.4,10,2013-11-07 00:00:00.000000 +00:00
LGA,2013,11,6,20,57.02,50,77.32,210,11.5078,,0,1020.9,10,2013-11-07 01:00:00.000000 +00:00
LGA,2013,11,6,21,57.02,51.98,83.21,210,8.05546,,0,1020.3,10,2013-11-07 02:00:00.000000 +00:00
LGA,2013,11,6,22,57.2,51.98,83.21,210,10.35702,,0,,10,2013-11-07 03:00:00.000000 +00:00
LGA,2013,11,6,23,57.02,51.98,83.21,210,6.90468,,0,1018.3,10,2013-11-07 04:00:00.000000 +00:00
LGA,2013,11,7,0,57.02,51.98,83.21,210,6.90468,,0,1017.5,10,2013-11-07 05:00:00.000000 +00:00
LGA,2013,11,7,1,57.92,51.98,82.12,230,4.60312,,0,,10,2013-11-07 06:00:00.000000 +00:00
LGA,2013,11,7,2,57.92,53.06,83.82,150,3.45234,,0,,10,2013-11-07 07:00:00.000000 +00:00
LGA,2013,11,7,3,59,53.96,83.34,0,0,,0,1014.4,10,2013-11-07 08:00:00.000000 +00:00
LGA,2013,11,7,4,60.98,55.94,83.47,210,9.20624,,0,1013.1,10,2013-11-07 09:00:00.000000 +00:00
LGA,2013,11,7,5,62.06,55.94,82.37,220,12.65858,,0,,10,2013-11-07 10:00:00.000000 +00:00
LGA,2013,11,7,6,62.96,55.94,77.83,210,13.80936,,0,1011,10,2013-11-07 11:00:00.000000 +00:00
LGA,2013,11,7,7,62.96,55.94,77.83,210,9.20624,,0,1011,10,2013-11-07 12:00:00.000000 +00:00
LGA,2013,11,7,8,62.96,55.04,75.33,250,10.35702,,0,1011.5,10,2013-11-07 13:00:00.000000 +00:00
LGA,2013,11,7,9,62.96,53.96,72.42,250,16.11092,24.16638,0,1010.2,10,2013-11-07 14:00:00.000000 +00:00
LGA,2013,11,7,10,62.06,53.96,74.75,230,11.5078,,0,1009.8,10,2013-11-07 15:00:00.000000 +00:00
LGA,2013,11,7,11,60.08,55.04,83.41,260,13.80936,19.56326,0.02,1008.6,8,2013-11-07 16:00:00.000000 +00:00
LGA,2013,12,25,15,26.96,5,38.5,0,0,,0,1032.6,10,2013-12-25 20:00:00.000000 +00:00
LGA,2013,11,7,12,60.08,53.96,80.19,240,6.90468,,0.02,1007.5,10,2013-11-07 17:00:00.000000 +00:00
LGA,2013,11,7,13,60.08,53.96,80.19,250,11.5078,,0,1008,10,2013-11-07 18:00:00.000000 +00:00
LGA,2013,11,7,14,55.4,50,81.99,330,20.71404,,0.04,,7,2013-11-07 19:00:00.000000 +00:00
LGA,2013,11,7,15,53.6,44.96,73.89,310,19.56326,,0,,10,2013-11-07 20:00:00.000000 +00:00
LGA,2013,11,7,16,51.8,42.8,71.26,320,21.86482,28.7695,0,,10,2013-11-07 21:00:00.000000 +00:00
LGA,2013,11,7,17,50,37.94,63.08,320,20.71404,,0,1011.4,10,2013-11-07 22:00:00.000000 +00:00
LGA,2013,11,7,18,48.92,35.96,60.74,320,24.16638,29.92028,0,1012.4,10,2013-11-07 23:00:00.000000 +00:00
LGA,2013,11,7,19,48.02,30.02,49.5,320,20.71404,28.7695,0,1012.8,10,2013-11-08 00:00:00.000000 +00:00
LGA,2013,11,7,20,46.94,30.92,53.47,330,19.56326,24.16638,0,1013.5,10,2013-11-08 01:00:00.000000 +00:00
LGA,2013,11,7,21,46.94,30.02,51.55,310,11.5078,,0,1013.7,10,2013-11-08 02:00:00.000000 +00:00
LGA,2013,11,7,22,46.04,30.02,53.33,300,9.20624,,0,1013.7,10,2013-11-08 03:00:00.000000 +00:00
LGA,2013,11,7,23,44.96,30.02,55.56,300,13.80936,,0,1013.6,10,2013-11-08 04:00:00.000000 +00:00
LGA,2013,11,8,0,44.96,30.02,55.56,270,9.20624,,0,1014.1,10,2013-11-08 05:00:00.000000 +00:00
LGA,2013,11,8,1,44.96,30.92,57.63,290,11.5078,,0,1014.3,10,2013-11-08 06:00:00.000000 +00:00
LGA,2013,11,8,2,44.96,28.94,53.17,290,12.65858,,0,1014.5,10,2013-11-08 07:00:00.000000 +00:00
LGA,2013,11,8,3,44.06,28.04,53.03,280,13.80936,,0,1014.8,10,2013-11-08 08:00:00.000000 +00:00
LGA,2013,11,8,4,44.06,30.92,59.64,290,13.80936,19.56326,0,1015.1,10,2013-11-08 09:00:00.000000 +00:00
LGA,2013,11,8,5,42.98,30.92,62.16,260,12.65858,,0,1015.6,10,2013-11-08 10:00:00.000000 +00:00
LGA,2013,11,8,6,41,28.94,61.89,270,14.96014,,0,1016.6,10,2013-11-08 11:00:00.000000 +00:00
LGA,2013,11,8,7,42.08,26.06,52.73,260,16.11092,21.86482,0,1017.4,10,2013-11-08 12:00:00.000000 +00:00
LGA,2013,11,8,8,44.06,26.06,48.87,270,14.96014,21.86482,0,1017.5,10,2013-11-08 13:00:00.000000 +00:00
LGA,2013,11,8,9,44.96,24.98,45.15,280,21.86482,27.61872,0,1017.4,10,2013-11-08 14:00:00.000000 +00:00
LGA,2013,11,8,10,46.94,24.08,40.35,300,21.86482,26.46794,0,1017,10,2013-11-08 15:00:00.000000 +00:00
LGA,2013,11,8,11,48.92,24.08,37.46,300,19.56326,24.16638,0,1016.4,10,2013-11-08 16:00:00.000000 +00:00
LGA,2013,11,8,12,48.92,23,35.8,290,20.71404,29.92028,0,1016.5,10,2013-11-08 17:00:00.000000 +00:00
LGA,2013,11,8,13,48.92,26.96,42.22,310,16.11092,27.61872,0,1016.9,10,2013-11-08 18:00:00.000000 +00:00
LGA,2013,11,8,14,48.02,24.98,40.22,320,17.2617,,0,1017.6,10,2013-11-08 19:00:00.000000 +00:00
LGA,2013,11,8,15,48.92,24.98,38.89,300,20.71404,26.46794,0,1018.1,10,2013-11-08 20:00:00.000000 +00:00
LGA,2013,11,8,16,48.02,24.98,40.22,310,19.56326,,0,1018.7,10,2013-11-08 21:00:00.000000 +00:00
LGA,2013,11,8,17,46.04,26.06,45.33,330,14.96014,21.86482,0,1020,10,2013-11-08 22:00:00.000000 +00:00
LGA,2013,11,8,18,46.04,26.06,45.33,320,17.2617,,0,1021.1,10,2013-11-08 23:00:00.000000 +00:00
LGA,2013,11,8,19,44.96,24.98,45.15,310,11.5078,19.56326,0,1021.5,10,2013-11-09 00:00:00.000000 +00:00
LGA,2013,11,8,20,44.96,24.08,43.49,300,14.96014,23.0156,0,1022,10,2013-11-09 01:00:00.000000 +00:00
LGA,2013,11,8,21,44.06,24.08,45.01,300,14.96014,,0,1022.5,10,2013-11-09 02:00:00.000000 +00:00
LGA,2013,11,8,22,44.06,24.08,45.01,290,13.80936,20.71404,0,1022.8,10,2013-11-09 03:00:00.000000 +00:00
LGA,2013,11,8,23,42.98,23,44.83,280,16.11092,23.0156,0,1023.3,10,2013-11-09 04:00:00.000000 +00:00
LGA,2013,11,9,0,42.08,24.08,48.56,290,16.11092,24.16638,0,1023.1,10,2013-11-09 05:00:00.000000 +00:00
LGA,2013,11,9,1,42.08,24.08,48.56,290,13.80936,17.2617,0,1023.8,10,2013-11-09 06:00:00.000000 +00:00
LGA,2013,11,9,2,42.08,23,46.41,270,13.80936,19.56326,0,1024.2,10,2013-11-09 07:00:00.000000 +00:00
LGA,2013,11,9,3,41,24.98,52.56,270,11.5078,,0,1024.3,10,2013-11-09 08:00:00.000000 +00:00
LGA,2013,11,9,4,39.92,24.98,54.81,280,10.35702,,0,1024.7,10,2013-11-09 09:00:00.000000 +00:00
LGA,2013,11,9,5,39.92,26.06,57.33,290,11.5078,,0,1024.9,10,2013-11-09 10:00:00.000000 +00:00
LGA,2013,11,9,6,39.92,26.06,57.33,290,12.65858,,0,1025.5,10,2013-11-09 11:00:00.000000 +00:00
LGA,2013,11,9,7,41,26.06,54.97,280,9.20624,,0,1025.6,10,2013-11-09 12:00:00.000000 +00:00
LGA,2013,11,9,8,42.08,26.96,54.73,300,11.5078,,0,1025.4,10,2013-11-09 13:00:00.000000 +00:00
LGA,2013,11,9,9,42.98,26.06,50.94,290,10.35702,,0,1025.5,10,2013-11-09 14:00:00.000000 +00:00
LGA,2013,11,9,10,44.06,23,43.02,270,10.35702,,0,1025.1,10,2013-11-09 15:00:00.000000 +00:00
LGA,2013,11,9,11,46.04,21.92,38.12,260,5.7539,,0,1024,10,2013-11-09 16:00:00.000000 +00:00
LGA,2013,11,9,12,48.02,21.02,34.06,240,9.20624,,0,1022.8,10,2013-11-09 17:00:00.000000 +00:00
LGA,2013,11,9,14,50,21.02,31.63,240,9.20624,,0,1020.8,10,2013-11-09 19:00:00.000000 +00:00
LGA,2013,11,9,15,48.92,21.92,34.21,210,9.20624,,0,1020.3,10,2013-11-09 20:00:00.000000 +00:00
LGA,2013,11,9,16,48.92,21.92,34.21,210,12.65858,17.2617,0,1019.9,10,2013-11-09 21:00:00.000000 +00:00
LGA,2013,11,9,17,48.92,23,35.8,230,11.5078,,0,1019.6,10,2013-11-09 22:00:00.000000 +00:00
LGA,2013,11,9,18,48.92,23,35.8,210,13.80936,,0,1019.6,10,2013-11-09 23:00:00.000000 +00:00
LGA,2013,11,9,19,48.92,24.98,38.89,210,11.5078,,0,1019.2,10,2013-11-10 00:00:00.000000 +00:00
LGA,2013,11,9,20,48.92,28.04,44.14,200,13.80936,18.41248,0,1019,10,2013-11-10 01:00:00.000000 +00:00
LGA,2013,11,9,21,48.92,28.94,45.79,220,8.05546,,0,1018.4,10,2013-11-10 02:00:00.000000 +00:00
LGA,2013,11,9,22,48.02,30.92,51.34,210,5.7539,,0,1017.2,10,2013-11-10 03:00:00.000000 +00:00
LGA,2013,11,9,23,48.92,32,51.85,200,6.90468,,0,1016.1,10,2013-11-10 04:00:00.000000 +00:00
LGA,2013,11,10,0,48.02,33.08,56.01,220,8.05546,,0,1015,10,2013-11-10 05:00:00.000000 +00:00
LGA,2013,11,10,1,46.94,33.08,58.33,220,6.90468,,0,1014.4,10,2013-11-10 06:00:00.000000 +00:00
LGA,2013,11,10,2,46.94,33.08,58.33,220,11.5078,16.11092,0,1013.9,10,2013-11-10 07:00:00.000000 +00:00
LGA,2013,11,10,3,46.94,32,55.85,210,6.90468,,0,1013.3,10,2013-11-10 08:00:00.000000 +00:00
LGA,2013,11,10,4,46.04,32,57.78,210,10.35702,,0,1013,10,2013-11-10 09:00:00.000000 +00:00
LGA,2013,11,10,5,44.96,32,60.2,210,8.05546,,0,1012.7,10,2013-11-10 10:00:00.000000 +00:00
LGA,2013,11,10,6,44.96,30.02,55.56,200,6.90468,,0,1012.6,10,2013-11-10 11:00:00.000000 +00:00
LGA,2013,11,10,7,46.04,30.92,55.32,200,5.7539,,0,1012.6,10,2013-11-10 12:00:00.000000 +00:00
LGA,2013,11,10,8,50,30.02,45.97,200,6.90468,,0,1012.3,10,2013-11-10 13:00:00.000000 +00:00
LGA,2013,11,10,9,53.96,30.02,39.72,260,12.65858,,0,1011.5,10,2013-11-10 14:00:00.000000 +00:00
LGA,2013,11,10,10,57.92,30.02,34.41,260,17.2617,28.7695,0,1010.7,10,2013-11-10 15:00:00.000000 +00:00
LGA,2013,11,10,11,60.08,28.04,29.38,270,23.0156,28.7695,0,1009.8,10,2013-11-10 16:00:00.000000 +00:00
LGA,2013,11,10,12,59,28.04,30.53,260,24.16638,33.37262,0,1009.2,10,2013-11-10 17:00:00.000000 +00:00
LGA,2013,11,10,13,57.02,28.94,34.01,270,20.71404,32.22184,0,1009.9,10,2013-11-10 18:00:00.000000 +00:00
LGA,2013,11,10,14,51.8,37.94,63.08,330,25.31716,36.82496,0,,10,2013-11-10 19:00:00.000000 +00:00
LGA,2013,11,10,15,50,33.08,52.02,270,14.96014,25.31716,0,1012.9,10,2013-11-10 20:00:00.000000 +00:00
LGA,2013,11,10,16,50,33.08,52.02,290,20.71404,32.22184,0,1013.6,10,2013-11-10 21:00:00.000000 +00:00
LGA,2013,11,10,18,51.08,28.04,40.73,280,23.0156,27.61872,0,1015.1,10,2013-11-10 23:00:00.000000 +00:00
LGA,2013,11,10,19,50,26.06,39.07,280,18.41248,27.61872,0,1015.2,10,2013-11-11 00:00:00.000000 +00:00
LGA,2013,11,10,20,51.08,26.06,37.54,290,21.86482,31.07106,0,1016,10,2013-11-11 01:00:00.000000 +00:00
LGA,2013,11,10,21,50,26.96,40.55,290,20.71404,31.07106,0,1016.3,10,2013-11-11 02:00:00.000000 +00:00
LGA,2013,11,10,22,48.92,26.06,40.68,290,19.56326,32.22184,0,1016.6,10,2013-11-11 03:00:00.000000 +00:00
LGA,2013,11,10,23,48.92,28.04,44.14,310,13.80936,,0,1017.4,10,2013-11-11 04:00:00.000000 +00:00
LGA,2013,11,11,0,48.92,26.96,42.22,310,23.0156,29.92028,0,1018.1,10,2013-11-11 05:00:00.000000 +00:00
LGA,2013,11,11,1,46.94,26.06,43.81,300,16.11092,26.46794,0,1019,10,2013-11-11 06:00:00.000000 +00:00
LGA,2013,11,11,2,46.94,24.98,41.89,300,18.41248,25.31716,0,1019.8,10,2013-11-11 07:00:00.000000 +00:00
LGA,2013,11,11,3,46.04,24.98,43.34,300,17.2617,20.71404,0,1020.6,10,2013-11-11 08:00:00.000000 +00:00
LGA,2013,11,11,4,46.04,24.98,43.34,320,20.71404,27.61872,0,1021.4,10,2013-11-11 09:00:00.000000 +00:00
LGA,2013,11,11,5,44.96,24.08,43.49,300,16.11092,24.16638,0,1021.4,10,2013-11-11 10:00:00.000000 +00:00
LGA,2013,11,11,6,44.96,24.08,43.49,310,16.11092,24.16638,0,1022.4,10,2013-11-11 11:00:00.000000 +00:00
LGA,2013,11,11,7,44.06,24.98,46.73,310,8.05546,,0,1022.7,10,2013-11-11 12:00:00.000000 +00:00
LGA,2013,11,11,8,44.96,24.98,45.15,310,18.41248,23.0156,0,1022.8,10,2013-11-11 13:00:00.000000 +00:00
LGA,2013,11,11,9,46.04,24.08,41.74,300,9.20624,24.16638,0,1022.6,10,2013-11-11 14:00:00.000000 +00:00
LGA,2013,11,11,10,46.94,26.96,45.48,300,10.35702,,0,1022.2,10,2013-11-11 15:00:00.000000 +00:00
LGA,2013,11,11,11,48.02,24.08,38.74,270,10.35702,,0,1021,10,2013-11-11 16:00:00.000000 +00:00
LGA,2013,11,11,12,50,24.08,35.98,280,13.80936,,0,1020.4,10,2013-11-11 17:00:00.000000 +00:00
LGA,2013,11,11,13,51.08,24.08,34.57,250,11.5078,20.71404,0,1019.3,10,2013-11-11 18:00:00.000000 +00:00
LGA,2013,11,11,14,51.98,24.98,34.72,240,11.5078,,0,1018.9,10,2013-11-11 19:00:00.000000 +00:00
LGA,2013,11,11,15,51.98,24.98,34.72,230,9.20624,,0,1018.3,10,2013-11-11 20:00:00.000000 +00:00
LGA,2013,11,11,16,53.06,24.08,32.13,210,16.11092,21.86482,0,1017.2,10,2013-11-11 21:00:00.000000 +00:00
LGA,2013,11,11,17,53.06,26.96,36.22,220,12.65858,21.86482,0,1017.1,10,2013-11-11 22:00:00.000000 +00:00
LGA,2013,11,11,18,51.98,28.04,39.4,230,14.96014,20.71404,0,1016.6,10,2013-11-11 23:00:00.000000 +00:00
LGA,2013,11,11,19,51.98,26.96,37.68,230,16.11092,25.31716,0,1016,10,2013-11-12 00:00:00.000000 +00:00
LGA,2013,11,11,20,51.98,28.94,40.88,240,12.65858,19.56326,0,1016.1,10,2013-11-12 01:00:00.000000 +00:00
LGA,2013,11,11,21,51.98,28.94,40.88,230,13.80936,23.0156,0,1015.6,10,2013-11-12 02:00:00.000000 +00:00
LGA,2013,11,11,22,51.98,28.94,40.88,230,11.5078,,0,1015,10,2013-11-12 03:00:00.000000 +00:00
LGA,2013,11,11,23,51.08,30.02,44.16,230,9.20624,,0,1014.8,10,2013-11-12 04:00:00.000000 +00:00
LGA,2013,11,12,0,51.08,30.92,45.81,240,8.05546,18.41248,0,1014.1,10,2013-11-12 05:00:00.000000 +00:00
LGA,2013,11,12,1,51.08,32,47.85,240,10.35702,,0,1014,10,2013-11-12 06:00:00.000000 +00:00
LGA,2013,11,12,2,51.08,30.92,45.81,260,11.5078,,0,1013.9,10,2013-11-12 07:00:00.000000 +00:00
LGA,2013,11,12,3,51.08,30.02,44.16,270,10.35702,,0,1013.7,10,2013-11-12 08:00:00.000000 +00:00
LGA,2013,11,12,4,48.92,33.08,54.15,330,17.2617,,0,1014.5,10,2013-11-12 09:00:00.000000 +00:00
LGA,2013,11,12,5,41,33.08,73.19,340,20.71404,,0,1016.3,10,2013-11-12 10:00:00.000000 +00:00
LGA,2013,11,12,6,39.2,33.8,81.8,330,21.86482,29.92028,0.02,,6,2013-11-12 11:00:00.000000 +00:00
LGA,2013,11,12,7,37.4,28.4,72.66,340,17.2617,,0.01,,3,2013-11-12 12:00:00.000000 +00:00
LGA,2013,11,12,8,35.6,28.4,78.62,330,18.41248,,0,,1,2013-11-12 13:00:00.000000 +00:00
LGA,2013,11,12,9,35.96,28.4,74.8,350,13.80936,,0,,10,2013-11-12 14:00:00.000000 +00:00
LGA,2013,11,12,10,37.94,24.08,57.04,310,13.80936,20.71404,0,1020.5,10,2013-11-12 15:00:00.000000 +00:00
LGA,2013,11,12,11,37.94,21.02,50.14,310,20.71404,27.61872,0,1020.1,10,2013-11-12 16:00:00.000000 +00:00
LGA,2013,11,12,12,37.94,17.96,44,330,19.56326,27.61872,0,1020.6,10,2013-11-12 17:00:00.000000 +00:00
LGA,2013,11,12,13,37.94,17.96,44,320,17.2617,26.46794,0,1021.1,10,2013-11-12 18:00:00.000000 +00:00
LGA,2013,11,12,14,37.94,17.96,44,320,20.71404,26.46794,0,1021.7,10,2013-11-12 19:00:00.000000 +00:00
LGA,2013,11,12,15,37.04,17.06,43.85,320,21.86482,27.61872,0,1022.4,10,2013-11-12 20:00:00.000000 +00:00
LGA,2013,11,12,16,37.94,17.96,44,320,18.41248,28.7695,0,1022.9,10,2013-11-12 21:00:00.000000 +00:00
LGA,2013,11,12,17,37.04,17.96,45.58,330,21.86482,28.7695,0,1023.6,10,2013-11-12 22:00:00.000000 +00:00
LGA,2013,11,12,18,35.96,17.06,45.76,330,19.56326,25.31716,0,1024.5,10,2013-11-12 23:00:00.000000 +00:00
LGA,2013,11,12,19,35.06,15.98,45.26,340,17.2617,21.86482,0,1025,10,2013-11-13 00:00:00.000000 +00:00
LGA,2013,11,12,20,35.06,17.96,49.3,310,14.96014,,0,1025.4,10,2013-11-13 01:00:00.000000 +00:00
LGA,2013,11,12,21,33.98,17.96,51.47,320,16.11092,,0,1025.4,10,2013-11-13 02:00:00.000000 +00:00
LGA,2013,11,12,22,33.08,17.96,53.36,320,16.11092,,0,1025.4,10,2013-11-13 03:00:00.000000 +00:00
LGA,2013,11,12,23,33.08,17.96,53.36,300,18.41248,,0,1025.5,10,2013-11-13 04:00:00.000000 +00:00
LGA,2013,11,13,0,32,19.04,58.37,300,14.96014,20.71404,0,1025.5,10,2013-11-13 05:00:00.000000 +00:00
LGA,2013,11,13,1,32,19.04,58.37,320,16.11092,,0,1025.6,10,2013-11-13 06:00:00.000000 +00:00
LGA,2013,11,13,2,30.92,17.96,58.21,320,12.65858,23.0156,0,1025.7,10,2013-11-13 07:00:00.000000 +00:00
LGA,2013,11,13,3,30.92,17.96,58.21,330,16.11092,23.0156,0,1025.9,10,2013-11-13 08:00:00.000000 +00:00
LGA,2013,11,13,4,30.02,17.06,58.08,340,13.80936,21.86482,0,1026.2,10,2013-11-13 09:00:00.000000 +00:00
LGA,2013,11,13,5,30.02,15.98,55.42,320,16.11092,,0,1026.7,10,2013-11-13 10:00:00.000000 +00:00
LGA,2013,11,13,6,30.02,14,50.84,350,12.65858,,0,1027.3,10,2013-11-13 11:00:00.000000 +00:00
LGA,2013,11,13,7,30.02,15.08,53.29,330,13.80936,23.0156,0,1028.3,10,2013-11-13 12:00:00.000000 +00:00
LGA,2013,11,13,8,32,15.98,51.15,330,18.41248,23.0156,0,1028.3,10,2013-11-13 13:00:00.000000 +00:00
LGA,2013,11,13,9,32,14,46.92,330,14.96014,23.0156,0,1028.2,10,2013-11-13 14:00:00.000000 +00:00
LGA,2013,11,13,10,33.98,14,43.33,310,17.2617,,0,1027.7,10,2013-11-13 15:00:00.000000 +00:00
LGA,2013,11,13,11,35.06,12.92,39.58,310,12.65858,20.71404,0,1027.2,10,2013-11-13 16:00:00.000000 +00:00
LGA,2013,11,13,12,37.04,12.92,36.6,320,19.56326,,0,1026.9,10,2013-11-13 17:00:00.000000 +00:00
LGA,2013,11,13,13,39.02,12.02,32.55,320,19.56326,,0,1026.4,10,2013-11-13 18:00:00.000000 +00:00
LGA,2013,11,13,14,39.02,10.94,31.02,310,13.80936,,0,1026.2,10,2013-11-13 19:00:00.000000 +00:00
LGA,2013,11,13,15,39.02,12.02,32.55,310,9.20624,20.71404,0,1026.3,10,2013-11-13 20:00:00.000000 +00:00
LGA,2013,11,13,16,39.02,14,35.51,320,14.96014,24.16638,0,1026.7,10,2013-11-13 21:00:00.000000 +00:00
LGA,2013,11,13,17,37.94,12.92,35.33,280,10.35702,,0,1027.6,10,2013-11-13 22:00:00.000000 +00:00
LGA,2013,11,13,18,37.04,12.92,36.6,290,11.5078,,0,1027.6,10,2013-11-13 23:00:00.000000 +00:00
LGA,2013,11,13,19,37.04,14,38.38,270,8.05546,,0,1027.5,10,2013-11-14 00:00:00.000000 +00:00
LGA,2013,11,13,20,37.04,14,38.38,260,9.20624,,0,1027.1,10,2013-11-14 01:00:00.000000 +00:00
LGA,2013,11,13,21,37.94,15.08,38.84,260,12.65858,19.56326,0,1026.8,10,2013-11-14 02:00:00.000000 +00:00
LGA,2013,11,13,22,37.94,17.06,42.32,230,9.20624,,0,1026.1,10,2013-11-14 03:00:00.000000 +00:00
LGA,2013,11,13,23,37.04,17.96,45.58,250,10.35702,,0,1025.5,10,2013-11-14 04:00:00.000000 +00:00
LGA,2013,11,14,0,37.04,17.06,43.85,260,11.5078,20.71404,0,1024.5,10,2013-11-14 05:00:00.000000 +00:00
LGA,2013,11,14,1,35.96,17.96,47.57,230,10.35702,20.71404,0,1023.9,10,2013-11-14 06:00:00.000000 +00:00
LGA,2013,11,14,2,35.06,17.96,49.3,230,14.96014,20.71404,0,1023.3,10,2013-11-14 07:00:00.000000 +00:00
LGA,2013,11,14,3,35.06,17.96,49.3,250,13.80936,20.71404,0,1023.3,10,2013-11-14 08:00:00.000000 +00:00
LGA,2013,11,14,4,35.06,17.06,47.42,260,9.20624,18.41248,0,1023.6,10,2013-11-14 09:00:00.000000 +00:00
LGA,2013,11,14,5,35.06,15.98,45.26,250,13.80936,20.71404,0,1023.8,10,2013-11-14 10:00:00.000000 +00:00
LGA,2013,11,14,6,35.06,17.06,47.42,240,13.80936,,0,1023.9,10,2013-11-14 11:00:00.000000 +00:00
LGA,2013,11,14,7,35.96,17.06,45.76,240,14.96014,23.0156,0,1024.1,10,2013-11-14 12:00:00.000000 +00:00
LGA,2013,11,14,8,37.94,17.06,42.32,240,14.96014,20.71404,0,1024.3,10,2013-11-14 13:00:00.000000 +00:00
LGA,2013,11,14,9,39.92,15.98,37.38,270,13.80936,25.31716,0,1024.1,10,2013-11-14 14:00:00.000000 +00:00
LGA,2013,11,14,10,44.06,15.08,30.65,250,18.41248,23.0156,0,1023.6,10,2013-11-14 15:00:00.000000 +00:00
LGA,2013,11,14,11,46.94,12.92,24.99,250,16.11092,25.31716,0,1022.4,10,2013-11-14 16:00:00.000000 +00:00
LGA,2013,11,14,12,48.92,10.04,20.42,260,16.11092,24.16638,0,1021.8,10,2013-11-14 17:00:00.000000 +00:00
LGA,2013,11,14,13,51.98,8.96,17.36,260,16.11092,23.0156,0,1021.4,10,2013-11-14 18:00:00.000000 +00:00
LGA,2013,11,14,14,51.98,10.04,18.22,260,14.96014,,0,1021.2,10,2013-11-14 19:00:00.000000 +00:00
LGA,2013,11,14,15,51.98,8.96,17.36,240,14.96014,,0,1021.5,10,2013-11-14 20:00:00.000000 +00:00
LGA,2013,11,14,16,51.08,12.02,20.58,230,13.80936,19.56326,0,1021.7,10,2013-11-14 21:00:00.000000 +00:00
LGA,2013,11,14,17,51.08,10.04,18.84,240,17.2617,24.16638,0,1022.3,10,2013-11-14 22:00:00.000000 +00:00
LGA,2013,11,14,18,51.08,10.04,18.84,240,12.65858,23.0156,0,1022.4,10,2013-11-14 23:00:00.000000 +00:00
LGA,2013,11,14,19,50,12.02,21.42,220,8.05546,,0,1022.6,10,2013-11-15 00:00:00.000000 +00:00
LGA,2013,11,14,20,48.92,15.08,25.51,220,8.05546,,0,1022.5,10,2013-11-15 01:00:00.000000 +00:00
LGA,2013,11,14,21,48.02,15.98,27.43,220,6.90468,,0,1022.7,10,2013-11-15 02:00:00.000000 +00:00
LGA,2013,11,14,22,46.94,15.98,28.57,210,10.35702,,0,1022.8,10,2013-11-15 03:00:00.000000 +00:00
LGA,2013,11,14,23,46.94,17.96,31.12,210,8.05546,,0,1022.7,10,2013-11-15 04:00:00.000000 +00:00
LGA,2013,11,15,0,46.04,19.94,35.05,220,8.05546,,0,1022.4,10,2013-11-15 05:00:00.000000 +00:00
LGA,2013,11,15,1,44.96,21.02,38.23,220,6.90468,,0,1022.6,10,2013-11-15 06:00:00.000000 +00:00
LGA,2013,11,15,2,44.96,21.92,39.72,230,8.05546,,0,1022.7,10,2013-11-15 07:00:00.000000 +00:00
LGA,2013,11,15,3,44.06,21.92,41.1,210,3.45234,,0,1022.8,10,2013-11-15 08:00:00.000000 +00:00
LGA,2013,11,15,4,44.06,21.92,41.1,200,5.7539,,0,1022.9,10,2013-11-15 09:00:00.000000 +00:00
LGA,2013,11,15,5,42.98,23,44.83,190,5.7539,,0,1023.3,10,2013-11-15 10:00:00.000000 +00:00
LGA,2013,11,15,6,42.98,24.08,46.91,190,8.05546,,0,1023.6,10,2013-11-15 11:00:00.000000 +00:00
LGA,2013,11,15,7,44.96,24.98,45.15,210,5.7539,,0,1023.9,10,2013-11-15 12:00:00.000000 +00:00
LGA,2013,11,15,8,46.94,26.06,43.81,210,5.7539,,0,1024.1,10,2013-11-15 13:00:00.000000 +00:00
LGA,2013,11,15,9,48.92,24.08,37.46,210,3.45234,,0,1024.4,10,2013-11-15 14:00:00.000000 +00:00
LGA,2013,11,15,10,53.06,23,30.71,0,0,,0,1023.8,10,2013-11-15 15:00:00.000000 +00:00
LGA,2013,11,15,11,55.04,19.94,25.1,210,6.90468,,0,1023,10,2013-11-15 16:00:00.000000 +00:00
LGA,2013,11,15,12,55.94,15.08,19.7,210,10.35702,,0,1022,10,2013-11-15 17:00:00.000000 +00:00
LGA,2013,11,15,13,55.94,19.94,24.29,230,8.05546,,0,1021.7,10,2013-11-15 18:00:00.000000 +00:00
LGA,2013,11,15,14,55.94,21.02,25.43,190,8.05546,,0,1021.5,10,2013-11-15 19:00:00.000000 +00:00
LGA,2013,11,15,15,53.96,33.08,44.95,180,8.05546,,0,1021.7,10,2013-11-15 20:00:00.000000 +00:00
LGA,2013,11,15,16,53.06,33.08,46.46,190,8.05546,,0,1022,10,2013-11-15 21:00:00.000000 +00:00
LGA,2013,11,15,17,51.98,35.06,52.32,200,8.05546,,0,1022.4,10,2013-11-15 22:00:00.000000 +00:00
LGA,2013,11,15,18,51.08,33.98,51.81,220,5.7539,,0,1022.3,10,2013-11-15 23:00:00.000000 +00:00
LGA,2013,11,15,19,51.08,26.96,38.96,220,8.05546,,0,1022.7,10,2013-11-16 00:00:00.000000 +00:00
LGA,2013,11,15,20,51.98,26.96,37.68,220,9.20624,,0,1023,10,2013-11-16 01:00:00.000000 +00:00
LGA,2013,11,15,21,51.08,26.96,38.96,220,6.90468,,0,1023,10,2013-11-16 02:00:00.000000 +00:00
LGA,2013,11,15,22,50,28.04,42.39,220,6.90468,,0,1023.5,10,2013-11-16 03:00:00.000000 +00:00
LGA,2013,11,15,23,50,28.94,43.99,200,4.60312,,0,1023.7,10,2013-11-16 04:00:00.000000 +00:00
LGA,2013,11,16,0,50,26.96,40.55,230,4.60312,,0,1023.6,10,2013-11-16 05:00:00.000000 +00:00
LGA,2013,11,16,1,51.98,26.06,36.31,230,5.7539,,0,1024.5,10,2013-11-16 06:00:00.000000 +00:00
LGA,2013,11,16,2,51.98,26.06,36.31,260,8.05546,,0,1024.4,10,2013-11-16 07:00:00.000000 +00:00
LGA,2013,11,16,3,51.08,28.04,40.73,310,11.5078,,0,1024.6,10,2013-11-16 08:00:00.000000 +00:00
LGA,2013,11,16,4,50,30.92,47.68,320,5.7539,,0,1024.7,10,2013-11-16 09:00:00.000000 +00:00
LGA,2013,11,16,5,48.92,33.98,56.14,340,3.45234,,0,1025.5,10,2013-11-16 10:00:00.000000 +00:00
LGA,2013,11,16,6,46.94,37.04,68.28,130,4.60312,,0.03,1026.3,9,2013-11-16 11:00:00.000000 +00:00
LGA,2013,11,16,7,46.94,39.92,76.43,140,4.60312,,0.02,1026.3,9,2013-11-16 12:00:00.000000 +00:00
LGA,2013,11,16,8,48.92,41,73.99,0,0,,0,1026.7,10,2013-11-16 13:00:00.000000 +00:00
LGA,2013,11,16,9,53.06,42.98,68.5,0,0,,0,1027,9,2013-11-16 14:00:00.000000 +00:00
LGA,2013,11,16,10,55.94,44.06,64.28,0,0,,0,1026.9,8,2013-11-16 15:00:00.000000 +00:00
LGA,2013,11,16,11,57.92,39.92,51.02,260,3.45234,,0,1025.9,10,2013-11-16 16:00:00.000000 +00:00
LGA,2013,11,16,12,57.92,42.98,57.42,180,10.35702,,0,1025.6,10,2013-11-16 17:00:00.000000 +00:00
LGA,2013,11,16,13,57.02,42.08,57.29,170,8.05546,,0,1025.5,10,2013-11-16 18:00:00.000000 +00:00
LGA,2013,11,16,14,55.94,42.08,59.58,180,8.05546,,0,1025.8,10,2013-11-16 19:00:00.000000 +00:00
LGA,2013,11,16,15,53.96,44.06,69.08,160,13.80936,,0,1025.9,10,2013-11-16 20:00:00.000000 +00:00
LGA,2013,11,16,16,51.98,44.96,76.88,170,6.90468,,0,1025.8,10,2013-11-16 21:00:00.000000 +00:00
LGA,2013,11,16,17,51.08,46.04,82.81,170,10.35702,,0,1026,10,2013-11-16 22:00:00.000000 +00:00
LGA,2013,11,16,18,51.08,46.04,82.81,200,8.05546,,0,1026.2,10,2013-11-16 23:00:00.000000 +00:00
LGA,2013,11,16,19,51.08,46.04,82.81,0,0,,0,1025.9,10,2013-11-17 00:00:00.000000 +00:00
LGA,2013,11,16,20,50,44.96,82.73,0,0,,0,1025.7,10,2013-11-17 01:00:00.000000 +00:00
LGA,2013,11,16,21,51.08,46.04,82.81,200,4.60312,,0,1025.9,10,2013-11-17 02:00:00.000000 +00:00
LGA,2013,11,16,22,50,44.96,82.73,0,0,,0,1025.6,9,2013-11-17 03:00:00.000000 +00:00
LGA,2013,11,16,23,50,46.04,86.19,0,0,,0,1025.4,8,2013-11-17 04:00:00.000000 +00:00
LGA,2013,11,17,0,48.92,46.4,93.45,60,4.60312,,0,,6,2013-11-17 05:00:00.000000 +00:00
LGA,2013,11,17,1,48.92,46.04,89.73,80,3.45234,,0,1024.8,5,2013-11-17 06:00:00.000000 +00:00
LGA,2013,11,17,2,50,46.94,89.17,30,3.45234,,0,1024.5,4,2013-11-17 07:00:00.000000 +00:00
LGA,2013,11,17,3,48.92,46.04,89.73,60,5.7539,,0,1024.2,4,2013-11-17 08:00:00.000000 +00:00
LGA,2013,11,17,4,50,46.94,89.17,60,5.7539,,0,1023.8,4,2013-11-17 09:00:00.000000 +00:00
LGA,2013,11,17,5,50,46.94,89.17,60,5.7539,,0,,4,2013-11-17 10:00:00.000000 +00:00
LGA,2013,11,17,6,51.08,46.94,87.37,50,5.7539,,0,,6,2013-11-17 11:00:00.000000 +00:00
LGA,2013,11,17,7,51.98,48.2,87.47,60,5.7539,,0,,5,2013-11-17 12:00:00.000000 +00:00
LGA,2013,11,17,8,53.06,48.92,85.78,50,5.7539,,0,1022.7,5,2013-11-17 13:00:00.000000 +00:00
LGA,2013,11,17,9,53.96,50,86.41,40,9.20624,,0,1022.4,6,2013-11-17 14:00:00.000000 +00:00
LGA,2013,11,17,10,55.04,50,83.08,60,9.20624,,0,1021.6,5,2013-11-17 15:00:00.000000 +00:00
LGA,2013,11,17,11,53.96,51.08,89.95,50,6.90468,,0.02,1020.4,4,2013-11-17 16:00:00.000000 +00:00
LGA,2013,11,17,12,55.04,51.98,93.6,50,8.05546,,0,,3,2013-11-17 17:00:00.000000 +00:00
LGA,2013,11,17,13,55.94,53.96,93.65,80,8.05546,,0,,2,2013-11-17 18:00:00.000000 +00:00
LGA,2013,11,17,14,55.94,53.96,93.65,0,0,,0,,2,2013-11-17 19:00:00.000000 +00:00
LGA,2013,11,17,15,60.8,57.2,93.13,170,9.20624,,0,,2,2013-11-17 20:00:00.000000 +00:00
LGA,2013,11,17,16,59,57.2,93.74,160,8.05546,,0,,0,2013-11-17 21:00:00.000000 +00:00
LGA,2013,11,17,17,59,57.02,93.13,160,11.5078,,0,1015.3,0,2013-11-17 22:00:00.000000 +00:00
LGA,2013,11,17,18,57.92,55.94,93.1,130,6.90468,,0,1014.8,0,2013-11-17 23:00:00.000000 +00:00
LGA,2013,11,17,19,57.02,55.04,93.08,170,6.90468,,0,1014.3,0,2013-11-18 00:00:00.000000 +00:00
LGA,2013,11,17,20,57.2,55.4,93.69,170,9.20624,,0,,7,2013-11-18 01:00:00.000000 +00:00
LGA,2013,11,17,21,57.02,53.96,89.48,170,9.20624,,0,1011.8,6,2013-11-18 02:00:00.000000 +00:00
LGA,2013,11,17,22,55.94,55.04,96.78,190,8.05546,,0,,0,2013-11-18 03:00:00.000000 +00:00
LGA,2013,11,17,23,57.02,55.94,96.17,180,10.35702,,0,1009.2,0,2013-11-18 04:00:00.000000 +00:00
LGA,2013,11,18,0,57.92,55.94,93.1,170,10.35702,,0,1007.3,0,2013-11-18 05:00:00.000000 +00:00
LGA,2013,11,18,1,57.92,55.94,93.69,180,16.11092,,0,,0,2013-11-18 06:00:00.000000 +00:00
LGA,2013,11,18,2,57.02,55.94,96.17,170,12.65858,,0.01,1004.1,0,2013-11-18 07:00:00.000000 +00:00
LGA,2013,11,18,3,59,57.02,93.69,180,14.96014,,0.02,,0,2013-11-18 08:00:00.000000 +00:00
LGA,2013,11,18,4,60.08,57.92,92.56,280,12.65858,,0.18,1003.9,0,2013-11-18 09:00:00.000000 +00:00
LGA,2013,11,18,5,60.8,53.6,87.74,280,16.11092,,0.02,,10,2013-11-18 10:00:00.000000 +00:00
LGA,2013,11,18,6,60.08,46.94,61.79,240,14.96014,20.71404,0,1004,10,2013-11-18 11:00:00.000000 +00:00
LGA,2013,11,18,7,60.08,44.96,57.33,230,16.11092,,0,1004.6,10,2013-11-18 12:00:00.000000 +00:00
LGA,2013,11,18,8,60.98,42.98,51.48,240,12.65858,,0,1004.9,10,2013-11-18 13:00:00.000000 +00:00
LGA,2013,11,18,9,62.06,35.96,37.69,250,17.2617,,0,1004.6,10,2013-11-18 14:00:00.000000 +00:00
LGA,2013,11,18,10,62.96,35.06,35.23,270,17.2617,24.16638,0,1004.2,10,2013-11-18 15:00:00.000000 +00:00
LGA,2013,11,18,11,64.04,32,30.01,260,17.2617,26.46794,0,1003.4,10,2013-11-18 16:00:00.000000 +00:00
LGA,2013,11,18,12,64.04,30.92,28.73,260,17.2617,20.71404,0,1003.2,10,2013-11-18 17:00:00.000000 +00:00
LGA,2013,11,18,13,64.94,28.94,25.68,270,16.11092,21.86482,0,1003.1,10,2013-11-18 18:00:00.000000 +00:00
LGA,2013,11,18,14,64.94,28.04,24.75,260,13.80936,20.71404,0,1003,10,2013-11-18 19:00:00.000000 +00:00
LGA,2013,11,18,15,64.04,26.06,23.54,260,13.80936,23.0156,0,1003.3,10,2013-11-18 20:00:00.000000 +00:00
LGA,2013,11,18,16,62.96,28.94,27.53,250,12.65858,23.0156,0,1004.3,10,2013-11-18 21:00:00.000000 +00:00
LGA,2013,11,18,17,62.06,26.06,25.24,260,16.11092,23.0156,0,1005.4,10,2013-11-18 22:00:00.000000 +00:00
LGA,2013,11,18,18,60.08,24.98,25.89,260,13.80936,23.0156,0,1005.9,10,2013-11-18 23:00:00.000000 +00:00
LGA,2013,11,18,19,59,24.98,26.9,260,14.96014,26.46794,0,1006.2,10,2013-11-19 00:00:00.000000 +00:00
LGA,2013,11,18,20,57.92,24.98,27.96,280,17.2617,28.7695,0,1006.8,10,2013-11-19 01:00:00.000000 +00:00
LGA,2013,11,18,21,55.94,19.94,24.29,280,17.2617,32.22184,0,1007.3,10,2013-11-19 02:00:00.000000 +00:00
LGA,2013,11,18,22,53.96,24.08,31.09,290,18.41248,26.46794,0,1007.7,10,2013-11-19 03:00:00.000000 +00:00
LGA,2013,11,18,23,51.08,30.02,44.16,320,19.56326,,0,1008.5,10,2013-11-19 04:00:00.000000 +00:00
LGA,2013,11,19,0,50,26.96,40.55,290,14.96014,20.71404,0,1008.6,10,2013-11-19 05:00:00.000000 +00:00
LGA,2013,11,19,1,50,24.98,37.36,290,14.96014,25.31716,0,1009.2,10,2013-11-19 06:00:00.000000 +00:00
LGA,2013,11,19,2,46.94,28.94,49.33,300,18.41248,31.07106,0,1010.6,10,2013-11-19 07:00:00.000000 +00:00
LGA,2013,11,19,3,46.04,26.96,47.05,320,16.11092,26.46794,0,1011.6,10,2013-11-19 08:00:00.000000 +00:00
LGA,2013,11,19,4,44.96,24.98,45.15,320,25.31716,36.82496,0,1012.5,10,2013-11-19 09:00:00.000000 +00:00
LGA,2013,11,19,5,44.06,24.08,45.01,320,18.41248,26.46794,0,1013.6,10,2013-11-19 10:00:00.000000 +00:00
LGA,2013,11,19,6,42.98,23,44.83,320,17.2617,,0,1015.1,10,2013-11-19 11:00:00.000000 +00:00
LGA,2013,11,19,7,44.06,23,43.02,310,21.86482,29.92028,0,1015.8,10,2013-11-19 12:00:00.000000 +00:00
LGA,2013,11,19,8,44.06,24.98,46.73,320,20.71404,33.37262,0,1016.2,10,2013-11-19 13:00:00.000000 +00:00
LGA,2013,11,19,9,44.96,26.06,47.23,310,26.46794,34.5234,0,1016.8,10,2013-11-19 14:00:00.000000 +00:00
LGA,2013,11,19,10,46.04,26.06,45.33,310,23.0156,31.07106,0,1017.4,10,2013-11-19 15:00:00.000000 +00:00
LGA,2013,11,19,11,46.94,26.06,43.81,300,23.0156,31.07106,0,1017,10,2013-11-19 16:00:00.000000 +00:00
LGA,2013,11,19,12,46.04,26.96,47.05,320,25.31716,35.67418,0,1017.7,10,2013-11-19 17:00:00.000000 +00:00
LGA,2013,11,19,13,46.94,26.96,45.48,330,19.56326,34.5234,0,1018.2,10,2013-11-19 18:00:00.000000 +00:00
LGA,2013,11,19,14,46.94,26.06,43.81,310,20.71404,28.7695,0,1019.4,10,2013-11-19 19:00:00.000000 +00:00
LGA,2013,11,19,15,44.96,24.98,45.15,320,24.16638,34.5234,0,1019.9,10,2013-11-19 20:00:00.000000 +00:00
LGA,2013,11,19,16,42.98,24.08,46.91,320,17.2617,27.61872,0,1021.5,10,2013-11-19 21:00:00.000000 +00:00
LGA,2013,11,19,17,42.08,21.92,44.34,340,16.11092,31.07106,0,1022.3,10,2013-11-19 22:00:00.000000 +00:00
LGA,2013,11,19,18,41,21.92,46.23,350,10.35702,24.16638,0,1023.5,10,2013-11-19 23:00:00.000000 +00:00
LGA,2013,11,19,19,39.92,21.92,48.21,340,14.96014,21.86482,0,1024.4,10,2013-11-20 00:00:00.000000 +00:00
LGA,2013,11,19,20,39.92,21.02,46.41,340,14.96014,23.0156,0,1025,10,2013-11-20 01:00:00.000000 +00:00
LGA,2013,11,19,21,39.02,21.02,48.07,350,12.65858,20.71404,0,1025.9,10,2013-11-20 02:00:00.000000 +00:00
LGA,2013,11,19,22,37.94,21.02,50.14,340,11.5078,,0,1026.9,10,2013-11-20 03:00:00.000000 +00:00
LGA,2013,11,19,23,37.04,21.92,53.97,10,12.65858,,0,1027.6,10,2013-11-20 04:00:00.000000 +00:00
LGA,2013,11,20,0,35.96,21.02,54.21,350,11.5078,,0,1028.1,10,2013-11-20 05:00:00.000000 +00:00
LGA,2013,11,20,1,35.06,19.94,53.66,350,12.65858,,0,1028.5,10,2013-11-20 06:00:00.000000 +00:00
LGA,2013,11,20,2,35.06,21.92,58.37,350,11.5078,,0,1029.1,10,2013-11-20 07:00:00.000000 +00:00
LGA,2013,11,20,3,33.98,21.92,60.93,360,11.5078,16.11092,0,1030.1,10,2013-11-20 08:00:00.000000 +00:00
LGA,2013,11,20,4,33.98,19.94,56.02,350,10.35702,,0,1030.9,10,2013-11-20 09:00:00.000000 +00:00
LGA,2013,11,20,5,33.98,19.94,56.02,10,8.05546,,0,1031.8,10,2013-11-20 10:00:00.000000 +00:00
LGA,2013,11,20,6,32,17.06,53.6,10,14.96014,19.56326,0,1033,10,2013-11-20 11:00:00.000000 +00:00
LGA,2013,11,20,7,33.08,17.96,53.36,10,14.96014,21.86482,0,1033.5,10,2013-11-20 12:00:00.000000 +00:00
LGA,2013,11,20,8,33.98,17.96,51.47,20,12.65858,21.86482,0,1034.3,10,2013-11-20 13:00:00.000000 +00:00
LGA,2013,11,20,9,35.06,14,41.51,360,14.96014,,0,1034.8,10,2013-11-20 14:00:00.000000 +00:00
LGA,2013,11,20,10,37.94,12.92,35.33,10,11.5078,,0,1035,10,2013-11-20 15:00:00.000000 +00:00
LGA,2013,11,20,11,41,10.04,27.59,,6.90468,,0,1034.6,10,2013-11-20 16:00:00.000000 +00:00
LGA,2013,11,20,12,42.98,12.02,27.92,30,6.90468,,0,1034.4,10,2013-11-20 17:00:00.000000 +00:00
LGA,2013,11,20,13,42.98,10.04,25.57,50,4.60312,,0,1034.3,10,2013-11-20 18:00:00.000000 +00:00
LGA,2013,11,20,14,44.06,10.94,25.54,50,3.45234,,0,1034.4,10,2013-11-20 19:00:00.000000 +00:00
LGA,2013,11,20,15,42.98,12.02,27.92,60,4.60312,,0,1034.5,10,2013-11-20 20:00:00.000000 +00:00
LGA,2013,11,20,16,42.08,12.02,28.9,50,4.60312,,0,1034.7,10,2013-11-20 21:00:00.000000 +00:00
LGA,2013,11,20,17,42.08,12.92,30.08,50,6.90468,,0,1035,10,2013-11-20 22:00:00.000000 +00:00
LGA,2013,11,20,18,41,15.98,35.85,40,6.90468,,0,1035.5,10,2013-11-20 23:00:00.000000 +00:00
LGA,2013,11,20,19,41,15.08,34.47,50,8.05546,,0,1035.8,10,2013-11-21 00:00:00.000000 +00:00
LGA,2013,11,20,20,39.02,17.06,40.57,40,9.20624,,0,1036,10,2013-11-21 01:00:00.000000 +00:00
LGA,2013,11,20,21,37.94,19.04,46.09,30,8.05546,,0,1036.4,10,2013-11-21 02:00:00.000000 +00:00
LGA,2013,11,20,22,37.94,19.94,47.89,40,6.90468,,0,1036.5,10,2013-11-21 03:00:00.000000 +00:00
LGA,2013,11,20,23,37.94,21.02,50.14,60,10.35702,,0,1036.3,10,2013-11-21 04:00:00.000000 +00:00
LGA,2013,11,21,0,37.04,19.94,49.62,360,3.45234,,0,1036.7,10,2013-11-21 05:00:00.000000 +00:00
LGA,2013,11,21,1,37.04,19.04,47.75,360,4.60312,,0,1036.7,10,2013-11-21 06:00:00.000000 +00:00
LGA,2013,11,21,2,37.04,17.96,45.58,350,5.7539,,0,1036.6,10,2013-11-21 07:00:00.000000 +00:00
LGA,2013,11,21,3,35.96,17.06,45.76,360,4.60312,,0,1036.5,10,2013-11-21 08:00:00.000000 +00:00
LGA,2013,11,21,4,35.96,17.06,45.76,20,5.7539,,0,1036.5,10,2013-11-21 09:00:00.000000 +00:00
LGA,2013,11,21,5,35.96,19.04,49.83,40,5.7539,,0,1036.5,10,2013-11-21 10:00:00.000000 +00:00
LGA,2013,11,21,6,35.96,21.02,54.21,40,6.90468,,0,1036.7,10,2013-11-21 11:00:00.000000 +00:00
LGA,2013,11,21,7,35.96,21.02,54.21,50,9.20624,,0,1036.5,10,2013-11-21 12:00:00.000000 +00:00
LGA,2013,11,21,8,42.08,28.04,57.22,40,6.90468,,0,1036.4,10,2013-11-21 13:00:00.000000 +00:00
LGA,2013,11,21,9,42.98,28.04,55.27,50,10.35702,,0,1036.3,10,2013-11-21 14:00:00.000000 +00:00
LGA,2013,11,21,10,44.96,28.94,53.17,50,6.90468,,0,1035.9,10,2013-11-21 15:00:00.000000 +00:00
LGA,2013,11,21,11,46.04,30.02,53.33,40,8.05546,,0,1034.7,10,2013-11-21 16:00:00.000000 +00:00
LGA,2013,11,21,12,48.02,32,53.63,50,10.35702,,0,1033.2,10,2013-11-21 17:00:00.000000 +00:00
LGA,2013,11,21,13,50,33.98,53.92,60,4.60312,,0,1032.6,10,2013-11-21 18:00:00.000000 +00:00
LGA,2013,11,21,14,50,33.98,53.92,160,8.05546,,0,1032.2,10,2013-11-21 19:00:00.000000 +00:00
LGA,2013,11,21,15,48.92,35.06,58.61,150,11.5078,,0,1032,10,2013-11-21 20:00:00.000000 +00:00
LGA,2013,11,21,16,48.92,35.96,60.74,160,8.05546,,0,1031.7,10,2013-11-21 21:00:00.000000 +00:00
LGA,2013,11,21,17,50,37.04,60.89,190,6.90468,,0,1031.8,10,2013-11-21 22:00:00.000000 +00:00
LGA,2013,11,21,18,50,37.94,63.08,,4.60312,,0,1031.2,10,2013-11-21 23:00:00.000000 +00:00
LGA,2013,11,21,19,50,39.02,65.8,180,5.7539,,0,1031,10,2013-11-22 00:00:00.000000 +00:00
LGA,2013,11,21,20,51.08,39.92,65.48,190,5.7539,,0,1030.6,10,2013-11-22 01:00:00.000000 +00:00
LGA,2013,11,21,21,51.08,39.92,65.48,190,6.90468,,0,1030.2,10,2013-11-22 02:00:00.000000 +00:00
LGA,2013,11,21,22,51.08,37.94,60.6,220,5.7539,,0,1029.8,10,2013-11-22 03:00:00.000000 +00:00
LGA,2013,11,21,23,51.08,37.94,60.6,230,4.60312,,0,1029.2,10,2013-11-22 04:00:00.000000 +00:00
LGA,2013,11,22,0,51.08,37.94,60.6,240,5.7539,,0,1028.4,10,2013-11-22 05:00:00.000000 +00:00
LGA,2013,11,22,1,51.08,37.94,60.6,210,6.90468,,0,1027.7,10,2013-11-22 06:00:00.000000 +00:00
LGA,2013,11,22,2,51.8,39.02,63.22,200,5.7539,,0,,10,2013-11-22 07:00:00.000000 +00:00
LGA,2013,11,22,3,51.8,39.2,63.22,200,6.90468,,0,,10,2013-11-22 08:00:00.000000 +00:00
LGA,2013,11,22,4,51.98,39.92,63.33,190,3.45234,,0,1025,10,2013-11-22 09:00:00.000000 +00:00
LGA,2013,11,22,5,51.8,42.98,73.69,210,6.90468,,0,,10,2013-11-22 10:00:00.000000 +00:00
LGA,2013,11,22,6,51.8,44.96,79.48,200,6.90468,,0,,10,2013-11-22 11:00:00.000000 +00:00
LGA,2013,11,22,7,51.98,46.04,80.1,210,9.20624,,0,1022.9,9,2013-11-22 12:00:00.000000 +00:00
LGA,2013,11,22,8,51.98,46.94,82.87,210,9.20624,,0.03,,10,2013-11-22 13:00:00.000000 +00:00
LGA,2013,11,22,9,51.98,48.02,86.3,230,6.90468,,0.01,1021.5,7,2013-11-22 14:00:00.000000 +00:00
LGA,2013,11,22,10,51.98,48.02,86.3,220,8.05546,,0.03,1020.3,5,2013-11-22 15:00:00.000000 +00:00
LGA,2013,11,22,11,51.98,46.94,82.87,230,13.80936,,0,1019.1,7,2013-11-22 16:00:00.000000 +00:00
LGA,2013,11,22,12,53.96,46.94,77.06,260,10.35702,,0,,7,2013-11-22 17:00:00.000000 +00:00
LGA,2013,11,22,13,55.04,46.94,76.5,260,6.90468,,0,,9,2013-11-22 18:00:00.000000 +00:00
LGA,2013,11,22,14,55.94,46.94,71.7,220,8.05546,,0,1016.6,8,2013-11-22 19:00:00.000000 +00:00
LGA,2013,11,22,15,57.02,46.04,66.65,260,11.5078,,0,1016.2,10,2013-11-22 20:00:00.000000 +00:00
LGA,2013,11,22,16,55.94,46.04,69.3,240,9.20624,,0,1015.5,10,2013-11-22 21:00:00.000000 +00:00
LGA,2013,11,22,17,55.94,46.04,69.3,240,8.05546,,0,1015.3,10,2013-11-22 22:00:00.000000 +00:00
LGA,2013,11,22,18,57.02,46.04,66.65,240,9.20624,,0,1014.7,10,2013-11-22 23:00:00.000000 +00:00
LGA,2013,11,22,19,55.94,46.04,69.3,230,8.05546,,0,1014.3,10,2013-11-23 00:00:00.000000 +00:00
LGA,2013,11,22,20,55.04,46.04,71.6,240,6.90468,,0,1014,10,2013-11-23 01:00:00.000000 +00:00
LGA,2013,11,22,21,55.04,46.94,74.08,230,9.20624,,0,1012.9,10,2013-11-23 02:00:00.000000 +00:00
LGA,2013,11,22,22,55.04,46.94,74.08,250,13.80936,,0,1012.9,9,2013-11-23 03:00:00.000000 +00:00
LGA,2013,11,22,23,53.96,46.94,77.06,260,10.35702,,0,1012.5,10,2013-11-23 04:00:00.000000 +00:00
LGA,2013,11,23,0,53.96,44.96,71.49,300,14.96014,,0,1012.6,10,2013-11-23 05:00:00.000000 +00:00
LGA,2013,11,23,1,53.6,44.6,71.45,330,21.86482,29.92028,0,,10,2013-11-23 06:00:00.000000 +00:00
LGA,2013,11,23,2,48.02,33.08,56.01,310,20.71404,35.67418,0,1013.7,10,2013-11-23 07:00:00.000000 +00:00
LGA,2013,11,23,3,46.94,28.94,49.33,310,13.80936,25.31716,0,1014.3,10,2013-11-23 08:00:00.000000 +00:00
LGA,2013,11,23,4,44.06,30.02,57.5,310,21.86482,36.82496,0,1015,10,2013-11-23 09:00:00.000000 +00:00
LGA,2013,11,23,5,42.08,26.96,54.73,320,20.71404,32.22184,0,1015.8,10,2013-11-23 10:00:00.000000 +00:00
LGA,2013,11,23,6,39.92,26.06,57.33,330,14.96014,25.31716,0,1016.7,10,2013-11-23 11:00:00.000000 +00:00
LGA,2013,11,23,7,39.92,24.08,52.79,330,13.80936,20.71404,0,1017,10,2013-11-23 12:00:00.000000 +00:00
LGA,2013,11,23,8,39.92,24.08,52.79,330,16.11092,26.46794,0,1017,10,2013-11-23 13:00:00.000000 +00:00
LGA,2013,11,23,9,41,21.02,44.51,340,16.11092,,0,1016.9,10,2013-11-23 14:00:00.000000 +00:00
LGA,2013,11,23,10,42.98,21.92,42.84,320,14.96014,,0,1016.1,10,2013-11-23 15:00:00.000000 +00:00
LGA,2013,11,23,11,44.96,19.04,35.14,320,14.96014,,0,1015.4,10,2013-11-23 16:00:00.000000 +00:00
LGA,2013,11,23,12,46.04,19.04,33.73,310,12.65858,,0,1014.4,10,2013-11-23 17:00:00.000000 +00:00
LGA,2013,11,23,13,46.04,17.06,30.97,300,11.5078,,0,1013.4,10,2013-11-23 18:00:00.000000 +00:00
LGA,2013,11,23,14,46.04,15.08,28.42,260,12.65858,20.71404,0,1013.3,10,2013-11-23 19:00:00.000000 +00:00
LGA,2013,11,23,15,44.96,15.98,30.79,270,19.56326,24.16638,0,1012.9,10,2013-11-23 20:00:00.000000 +00:00
LGA,2013,11,23,16,42.98,15.98,33.21,260,18.41248,27.61872,0,1012.8,10,2013-11-23 21:00:00.000000 +00:00
LGA,2013,11,23,17,42.08,17.06,36.03,270,24.16638,31.07106,0,1013.1,10,2013-11-23 22:00:00.000000 +00:00
LGA,2013,11,23,18,42.08,17.06,36.03,270,29.92028,35.67418,0,1013.4,10,2013-11-23 23:00:00.000000 +00:00
LGA,2013,11,23,19,37.94,24.98,59.22,300,17.2617,24.16638,0,1014,5,2013-11-24 00:00:00.000000 +00:00
LGA,2013,11,23,20,35.6,28.4,80.36,330,29.92028,47.18198,0.02,,10,2013-11-24 01:00:00.000000 +00:00
LGA,2013,11,23,21,35.06,17.06,47.42,310,25.31716,34.5234,0,1015.3,10,2013-11-24 02:00:00.000000 +00:00
LGA,2013,11,23,22,33.98,15.08,45.43,320,28.7695,35.67418,0,1015.7,10,2013-11-24 03:00:00.000000 +00:00
LGA,2013,11,23,23,32,12.02,43,300,21.86482,31.07106,0,1015.8,10,2013-11-24 04:00:00.000000 +00:00
LGA,2013,11,24,0,30.02,10.04,42.66,310,21.86482,35.67418,0,1016.2,10,2013-11-24 05:00:00.000000 +00:00
LGA,2013,11,24,1,28.04,8.96,44.07,300,24.16638,34.5234,0,1017.1,10,2013-11-24 06:00:00.000000 +00:00
LGA,2013,11,24,2,26.96,6.08,40.45,290,25.31716,35.67418,0,1017.7,10,2013-11-24 07:00:00.000000 +00:00
LGA,2013,11,24,3,26.06,5,39.96,300,29.92028,36.82496,0,1017.4,10,2013-11-24 08:00:00.000000 +00:00
LGA,2013,11,24,4,24.98,6.98,45.74,310,27.61872,36.82496,0,1018,10,2013-11-24 09:00:00.000000 +00:00
LGA,2013,11,24,5,24.98,8.96,50.02,300,23.0156,33.37262,0,1018.4,10,2013-11-24 10:00:00.000000 +00:00
LGA,2013,11,24,6,24.08,8.06,49.87,310,23.0156,31.07106,0,1019.5,10,2013-11-24 11:00:00.000000 +00:00
LGA,2013,11,24,7,24.98,8.96,50.02,310,23.0156,31.07106,0,1019.9,10,2013-11-24 12:00:00.000000 +00:00
LGA,2013,11,24,8,24.98,6.08,43.91,290,26.46794,39.12652,0,1020.3,10,2013-11-24 13:00:00.000000 +00:00
LGA,2013,11,24,9,26.06,10.04,50.2,310,31.07106,41.42808,0,1021,10,2013-11-24 14:00:00.000000 +00:00
LGA,2013,11,24,10,26.96,8.06,44.25,300,29.92028,50.63432,0,1020.9,10,2013-11-24 15:00:00.000000 +00:00
LGA,2013,11,24,11,28.04,10.04,46.26,300,28.7695,46.0312,0,1021,10,2013-11-24 16:00:00.000000 +00:00
LGA,2013,11,24,12,28.94,6.08,37.29,310,27.61872,37.97574,0,1021.2,10,2013-11-24 17:00:00.000000 +00:00
LGA,2013,11,24,13,30.02,1.94,29.5,310,27.61872,39.12652,0,1021.6,10,2013-11-24 18:00:00.000000 +00:00
LGA,2013,11,24,14,30.02,3.92,32.32,340,27.61872,37.97574,0,1022.9,10,2013-11-24 19:00:00.000000 +00:00
LGA,2013,11,24,15,28.94,3.92,33.78,330,20.71404,35.67418,0,1024.1,10,2013-11-24 20:00:00.000000 +00:00
LGA,2013,11,24,16,28.04,6.98,40.31,300,25.31716,35.67418,0,1025,10,2013-11-24 21:00:00.000000 +00:00
LGA,2013,11,24,17,26.96,8.96,46.08,320,24.16638,35.67418,0,1026.2,10,2013-11-24 22:00:00.000000 +00:00
LGA,2013,11,24,18,26.96,6.08,40.45,310,17.2617,26.46794,0,1026.9,10,2013-11-24 23:00:00.000000 +00:00
LGA,2013,11,24,19,26.96,6.98,42.14,310,20.71404,32.22184,0,1027.4,10,2013-11-25 00:00:00.000000 +00:00
LGA,2013,11,24,20,26.06,3.92,38.03,290,16.11092,25.31716,0,1028,10,2013-11-25 01:00:00.000000 +00:00
LGA,2013,11,24,21,26.06,5,39.96,310,23.0156,28.7695,0,1028.1,10,2013-11-25 02:00:00.000000 +00:00
LGA,2013,11,24,22,24.98,6.08,43.91,310,18.41248,28.7695,0,1028.2,10,2013-11-25 03:00:00.000000 +00:00
LGA,2013,11,24,23,24.98,6.98,45.74,300,13.80936,25.31716,0,1028.6,10,2013-11-25 04:00:00.000000 +00:00
LGA,2013,11,25,0,24.98,8.96,50.02,310,18.41248,26.46794,0,1028.9,10,2013-11-25 05:00:00.000000 +00:00
LGA,2013,11,25,1,24.08,8.96,51.93,300,17.2617,,0,1028.9,10,2013-11-25 06:00:00.000000 +00:00
LGA,2013,11,25,2,24.08,8.06,49.87,300,10.35702,21.86482,0,1029.1,10,2013-11-25 07:00:00.000000 +00:00
LGA,2013,11,25,3,24.08,8.96,51.93,310,14.96014,24.16638,0,1029.4,10,2013-11-25 08:00:00.000000 +00:00
LGA,2013,11,25,4,24.08,8.06,49.87,300,13.80936,21.86482,0,1030.3,10,2013-11-25 09:00:00.000000 +00:00
LGA,2013,11,25,5,24.08,8.96,51.93,300,14.96014,25.31716,0,1030.3,10,2013-11-25 10:00:00.000000 +00:00
LGA,2013,11,25,6,24.08,8.96,51.93,310,17.2617,,0,1031,10,2013-11-25 11:00:00.000000 +00:00
LGA,2013,11,25,7,24.98,8.96,50.02,310,12.65858,23.0156,0,1031.9,10,2013-11-25 12:00:00.000000 +00:00
LGA,2013,11,25,8,26.06,8.96,47.82,330,10.35702,17.2617,0,1032.3,10,2013-11-25 13:00:00.000000 +00:00
LGA,2013,11,25,9,28.04,8.96,44.07,310,10.35702,,0,1032.4,10,2013-11-25 14:00:00.000000 +00:00
LGA,2013,11,25,10,28.94,6.98,38.85,280,11.5078,,0,1032.2,10,2013-11-25 15:00:00.000000 +00:00
LGA,2013,11,25,11,30.92,6.98,35.84,260,5.7539,,0,1031.1,10,2013-11-25 16:00:00.000000 +00:00
LGA,2013,11,25,12,33.08,6.98,32.85,250,5.7539,,0,1030.1,10,2013-11-25 17:00:00.000000 +00:00
LGA,2013,11,25,13,35.06,8.96,33.19,230,9.20624,,0,1029.3,10,2013-11-25 18:00:00.000000 +00:00
LGA,2013,11,25,14,35.06,8.96,33.19,220,11.5078,,0,1028.7,10,2013-11-25 19:00:00.000000 +00:00
LGA,2013,11,25,15,35.06,10.04,34.84,230,10.35702,18.41248,0,1029.1,10,2013-11-25 20:00:00.000000 +00:00
LGA,2013,11,25,16,33.98,10.94,37.86,210,11.5078,,0,1029.1,10,2013-11-25 21:00:00.000000 +00:00
LGA,2013,11,25,17,33.98,10.04,36.37,210,12.65858,19.56326,0,1028.9,10,2013-11-25 22:00:00.000000 +00:00
LGA,2013,11,25,18,33.98,10.04,36.37,210,14.96014,20.71404,0,1028.9,10,2013-11-25 23:00:00.000000 +00:00
LGA,2013,11,25,19,33.08,10.94,39.25,220,8.05546,,0,1028.5,10,2013-11-26 00:00:00.000000 +00:00
LGA,2013,11,25,20,33.08,10.04,37.7,230,12.65858,21.86482,0,1028.1,10,2013-11-26 01:00:00.000000 +00:00
LGA,2013,11,25,21,33.08,10.94,39.25,230,12.65858,19.56326,0,1028.1,10,2013-11-26 02:00:00.000000 +00:00
LGA,2013,11,25,22,33.98,10.04,36.37,230,14.96014,20.71404,0,1027.6,10,2013-11-26 03:00:00.000000 +00:00
LGA,2013,11,25,23,33.98,12.02,39.72,210,11.5078,,0,1027.5,10,2013-11-26 04:00:00.000000 +00:00
LGA,2013,11,26,0,33.98,12.92,41.33,200,11.5078,,0,1027,10,2013-11-26 05:00:00.000000 +00:00
LGA,2013,11,26,1,33.98,14,43.33,220,8.05546,,0,1027,10,2013-11-26 06:00:00.000000 +00:00
LGA,2013,11,26,2,33.98,15.08,45.43,210,8.05546,,0,1026.7,10,2013-11-26 07:00:00.000000 +00:00
LGA,2013,11,26,3,33.98,15.08,45.43,200,8.05546,,0,1026.5,10,2013-11-26 08:00:00.000000 +00:00
LGA,2013,11,26,4,35.06,15.08,43.52,190,8.05546,,0,1026.4,10,2013-11-26 09:00:00.000000 +00:00
LGA,2013,11,26,5,35.06,15.98,45.26,230,8.05546,,0,1027.1,10,2013-11-26 10:00:00.000000 +00:00
LGA,2013,11,26,6,35.96,15.98,43.67,210,5.7539,,0,1026.3,10,2013-11-26 11:00:00.000000 +00:00
LGA,2013,11,26,7,37.04,15.98,41.84,220,6.90468,,0,1026.5,10,2013-11-26 12:00:00.000000 +00:00
LGA,2013,11,26,8,37.94,15.08,38.84,,4.60312,,0,1026.7,10,2013-11-26 13:00:00.000000 +00:00
LGA,2013,11,26,9,37.94,14,37.05,260,3.45234,,0,1027.1,10,2013-11-26 14:00:00.000000 +00:00
LGA,2013,11,26,10,39.02,14,35.51,230,5.7539,,0,1026.1,10,2013-11-26 15:00:00.000000 +00:00
LGA,2013,11,26,11,39.02,15.98,38.72,180,5.7539,,0,1025.7,10,2013-11-26 16:00:00.000000 +00:00
LGA,2013,11,26,12,39.92,17.96,40.72,0,0,,0,1024.7,10,2013-11-26 17:00:00.000000 +00:00
LGA,2013,11,26,13,39.02,21.92,49.93,140,3.45234,,0,1024,10,2013-11-26 18:00:00.000000 +00:00
LGA,2013,11,26,14,37.94,26.96,64.29,110,9.20624,,0.01,1023.4,6,2013-11-26 19:00:00.000000 +00:00
LGA,2013,11,26,15,37.04,28.04,69.63,100,6.90468,,0.01,1022.7,7,2013-11-26 20:00:00.000000 +00:00
LGA,2013,11,26,16,37.94,30.92,75.58,110,9.20624,,0.02,,7,2013-11-26 21:00:00.000000 +00:00
LGA,2013,11,26,17,37.94,32,78.96,100,9.20624,,0.03,,7,2013-11-26 22:00:00.000000 +00:00
LGA,2013,11,26,18,37.94,33.98,86.69,70,8.05546,,0.02,,7,2013-11-26 23:00:00.000000 +00:00
LGA,2013,11,26,19,39.92,35.96,93.14,50,11.5078,,0.03,,5,2013-11-27 00:00:00.000000 +00:00
LGA,2013,11,26,20,39.92,37.4,93.19,50,11.5078,,0.03,,2,2013-11-27 01:00:00.000000 +00:00
LGA,2013,11,26,21,42.08,39.02,88.81,60,11.5078,,0.07,,2,2013-11-27 02:00:00.000000 +00:00
LGA,2013,11,26,22,44.06,41,88.9,50,11.5078,,0.09,1012.3,2,2013-11-27 03:00:00.000000 +00:00
LGA,2013,11,26,23,44.96,42.98,93.35,40,16.11092,,0.14,,1,2013-11-27 04:00:00.000000 +00:00
LGA,2013,11,27,0,53.96,51.8,93.6,120,19.56326,32.22184,0.19,,3,2013-11-27 05:00:00.000000 +00:00
LGA,2013,11,27,1,55.94,53.6,93.65,140,21.86482,34.5234,0.37,,3,2013-11-27 06:00:00.000000 +00:00
LGA,2013,11,27,2,57.92,55.04,90.11,140,21.86482,36.82496,0.16,,3,2013-11-27 07:00:00.000000 +00:00
LGA,2013,11,27,3,59,57.02,93.13,160,24.16638,40.2773,0.33,996.6,3,2013-11-27 08:00:00.000000 +00:00
LGA,2013,11,27,4,59,57.02,93.13,180,18.41248,37.97574,0.17,995.6,3,2013-11-27 09:00:00.000000 +00:00
LGA,2013,11,27,5,59,57.2,96.81,210,17.2617,33.37262,0.17,,2,2013-11-27 10:00:00.000000 +00:00
LGA,2013,11,27,6,59,57.92,96.2,210,23.0156,35.67418,0.07,,2,2013-11-27 11:00:00.000000 +00:00
LGA,2013,11,27,7,59,57.92,96.2,210,8.05546,,0.07,,4,2013-11-27 12:00:00.000000 +00:00
LGA,2013,11,27,8,59,57.2,93.74,250,11.5078,,0.05,,10,2013-11-27 13:00:00.000000 +00:00
LGA,2013,11,27,9,55.4,55.4,100,310,14.96014,,0.06,,10,2013-11-27 14:00:00.000000 +00:00
LGA,2013,11,27,10,50,48.2,93.5,300,19.56326,,0.02,,10,2013-11-27 15:00:00.000000 +00:00
LGA,2013,11,27,11,44.6,41,87.09,310,24.16638,,0,,10,2013-11-27 16:00:00.000000 +00:00
LGA,2013,11,27,12,44.06,37.4,81.07,320,18.41248,,0,,10,2013-11-27 17:00:00.000000 +00:00
LGA,2013,11,27,13,42.98,37.4,81.07,320,18.41248,,0,,10,2013-11-27 18:00:00.000000 +00:00
LGA,2013,11,27,14,41,35.96,82.09,330,16.11092,26.46794,0.03,994.1,10,2013-11-27 19:00:00.000000 +00:00
LGA,2013,11,27,15,39.92,35.06,82.6,320,23.0156,27.61872,0.05,994.6,6,2013-11-27 20:00:00.000000 +00:00
LGA,2013,11,27,16,41,35.6,80.93,330,20.71404,31.07106,0.02,,10,2013-11-27 21:00:00.000000 +00:00
LGA,2013,11,27,17,39.92,33.8,80.79,320,23.0156,37.97574,0,,10,2013-11-27 22:00:00.000000 +00:00
LGA,2013,11,27,18,37.04,33.08,85.43,310,23.0156,31.07106,0,999.4,5,2013-11-27 23:00:00.000000 +00:00
LGA,2013,11,27,19,39.2,30.2,69.88,310,20.71404,35.67418,0,,10,2013-11-28 00:00:00.000000 +00:00
LGA,2013,11,27,20,39.02,28.04,64.43,290,26.46794,36.82496,0,1001.4,10,2013-11-28 01:00:00.000000 +00:00
LGA,2013,11,27,21,37.04,23,56.48,290,26.46794,42.57886,0,1003.2,10,2013-11-28 02:00:00.000000 +00:00
LGA,2013,11,27,22,35.96,23,58.94,290,17.2617,33.37262,0,1005.1,10,2013-11-28 03:00:00.000000 +00:00
LGA,2013,11,27,23,35.96,21.02,54.21,290,25.31716,35.67418,0,1006.6,10,2013-11-28 04:00:00.000000 +00:00
LGA,2013,11,28,0,33.98,17.06,49.51,290,27.61872,31.07106,0,1008.3,10,2013-11-28 05:00:00.000000 +00:00
LGA,2013,11,28,1,33.98,15.98,47.25,290,25.31716,34.5234,0,1009.8,10,2013-11-28 06:00:00.000000 +00:00
LGA,2013,11,28,2,33.08,15.98,48.98,290,20.71404,26.46794,0,1011.3,10,2013-11-28 07:00:00.000000 +00:00
LGA,2013,11,28,3,32,15.08,49.19,290,23.0156,41.42808,0,1013.5,10,2013-11-28 08:00:00.000000 +00:00
LGA,2013,11,28,4,32,14,46.92,300,25.31716,41.42808,0,1015.6,10,2013-11-28 09:00:00.000000 +00:00
LGA,2013,11,28,5,32,17.06,53.6,290,20.71404,36.82496,0,1017.3,10,2013-11-28 10:00:00.000000 +00:00
LGA,2013,11,28,6,30.92,15.08,51.38,290,18.41248,34.5234,0,1019.5,10,2013-11-28 11:00:00.000000 +00:00
LGA,2013,11,28,7,30.92,12.92,46.74,290,23.0156,29.92028,0,1020.8,10,2013-11-28 12:00:00.000000 +00:00
LGA,2013,11,28,8,30.92,14,49.01,310,21.86482,27.61872,0,1022.6,10,2013-11-28 13:00:00.000000 +00:00
LGA,2013,11,28,9,32,12.92,44.74,310,23.0156,28.7695,0,1023.8,10,2013-11-28 14:00:00.000000 +00:00
LGA,2013,11,28,10,32,12.92,44.74,320,23.0156,29.92028,0,1023.6,10,2013-11-28 15:00:00.000000 +00:00
LGA,2013,11,28,11,33.08,10.94,39.25,300,16.11092,26.46794,0,1024.3,10,2013-11-28 16:00:00.000000 +00:00
LGA,2013,11,28,12,33.98,10.04,36.37,310,17.2617,,0,1024.4,10,2013-11-28 17:00:00.000000 +00:00
LGA,2013,11,28,13,35.06,10.04,34.84,320,18.41248,24.16638,0,1024.9,10,2013-11-28 18:00:00.000000 +00:00
LGA,2013,11,28,14,35.06,8.06,31.87,300,11.5078,23.0156,0,1025.7,10,2013-11-28 19:00:00.000000 +00:00
LGA,2013,11,28,15,35.06,8.96,33.19,320,13.80936,,0,1026.7,10,2013-11-28 20:00:00.000000 +00:00
LGA,2013,11,28,16,33.98,10.04,36.37,310,13.80936,,0,1027.7,10,2013-11-28 21:00:00.000000 +00:00
LGA,2013,11,28,17,33.98,10.04,36.37,320,12.65858,,0,1029.2,10,2013-11-28 22:00:00.000000 +00:00
LGA,2013,11,28,18,33.08,10.04,37.7,330,8.05546,,0,1030.1,10,2013-11-28 23:00:00.000000 +00:00
LGA,2013,11,28,19,33.08,8.96,35.92,320,9.20624,,0,1030.9,10,2013-11-29 00:00:00.000000 +00:00
LGA,2013,11,28,20,33.08,10.04,37.7,330,10.35702,,0,1031.2,10,2013-11-29 01:00:00.000000 +00:00
LGA,2013,11,28,21,33.08,8.96,35.92,340,6.90468,,0,1031.4,10,2013-11-29 02:00:00.000000 +00:00
LGA,2013,11,28,22,33.08,10.04,37.7,340,6.90468,,0,1031.8,10,2013-11-29 03:00:00.000000 +00:00
LGA,2013,11,28,23,33.08,10.04,37.7,270,4.60312,,0,1031.9,10,2013-11-29 04:00:00.000000 +00:00
LGA,2013,11,29,0,33.08,10.04,37.7,0,0,,0,1031.8,10,2013-11-29 05:00:00.000000 +00:00
LGA,2013,11,29,1,33.08,10.94,39.25,220,5.7539,,0,1031.9,10,2013-11-29 06:00:00.000000 +00:00
LGA,2013,11,29,2,33.08,10.94,39.25,220,5.7539,,0,1031.9,10,2013-11-29 07:00:00.000000 +00:00
LGA,2013,11,29,3,33.08,14,44.92,270,6.90468,,0,1032.1,10,2013-11-29 08:00:00.000000 +00:00
LGA,2013,11,29,4,33.08,14,44.92,260,6.90468,,0,1032.4,10,2013-11-29 09:00:00.000000 +00:00
LGA,2013,11,29,5,32,17.06,53.6,290,6.90468,,0,1033,10,2013-11-29 10:00:00.000000 +00:00
LGA,2013,11,29,6,32,15.98,51.15,300,8.05546,,0,1033.8,10,2013-11-29 11:00:00.000000 +00:00
LGA,2013,11,29,7,32,15.98,51.15,320,9.20624,,0,1034.8,10,2013-11-29 12:00:00.000000 +00:00
LGA,2013,11,29,8,33.08,17.06,51.33,300,8.05546,,0,1035.4,10,2013-11-29 13:00:00.000000 +00:00
LGA,2013,11,29,9,33.98,15.98,47.25,320,9.20624,,0,1035.8,10,2013-11-29 14:00:00.000000 +00:00
LGA,2013,11,29,10,35.96,15.08,41.99,310,8.05546,,0,1035.6,10,2013-11-29 15:00:00.000000 +00:00
LGA,2013,11,29,11,37.04,15.98,41.84,340,8.05546,,0,1035.3,10,2013-11-29 16:00:00.000000 +00:00
LGA,2013,11,29,12,37.04,17.06,43.85,330,9.20624,,0,1035.3,10,2013-11-29 17:00:00.000000 +00:00
LGA,2013,11,29,13,37.94,17.06,42.32,320,9.20624,,0,1035.4,10,2013-11-29 18:00:00.000000 +00:00
LGA,2013,11,29,14,37.04,17.06,43.85,310,9.20624,,0,1035.9,10,2013-11-29 19:00:00.000000 +00:00
LGA,2013,11,29,15,35.96,15.08,41.99,340,14.96014,,0,1036.7,10,2013-11-29 20:00:00.000000 +00:00
LGA,2013,11,29,16,35.06,15.08,43.52,350,17.2617,,0,1037,10,2013-11-29 21:00:00.000000 +00:00
LGA,2013,11,29,17,35.06,15.08,43.52,330,11.5078,,0,1038.2,10,2013-11-29 22:00:00.000000 +00:00
LGA,2013,11,29,18,33.98,15.08,45.43,330,11.5078,,0,1038.6,10,2013-11-29 23:00:00.000000 +00:00
LGA,2013,11,29,19,33.98,15.98,47.25,340,9.20624,,0,1039.3,10,2013-11-30 00:00:00.000000 +00:00
LGA,2013,11,29,20,33.08,15.98,48.98,350,13.80936,,0,1039.8,10,2013-11-30 01:00:00.000000 +00:00
LGA,2013,11,29,21,32,15.98,51.15,350,9.20624,,0,1040.2,10,2013-11-30 02:00:00.000000 +00:00
LGA,2013,11,29,22,32,14,46.92,350,9.20624,,0,1040.5,10,2013-11-30 03:00:00.000000 +00:00
LGA,2013,11,29,23,30.92,12.92,46.74,340,11.5078,,0,1040.6,10,2013-11-30 04:00:00.000000 +00:00
LGA,2013,11,30,0,30.02,12.02,46.59,360,6.90468,,0,1040.7,10,2013-11-30 05:00:00.000000 +00:00
LGA,2013,11,30,1,28.94,12.02,48.69,30,9.20624,,0,1041,10,2013-11-30 06:00:00.000000 +00:00
LGA,2013,11,30,2,28.94,14,53.13,30,9.20624,,0,1041,10,2013-11-30 07:00:00.000000 +00:00
LGA,2013,11,30,3,26.96,10.94,50.34,40,13.80936,,0,1041.1,10,2013-11-30 08:00:00.000000 +00:00
LGA,2013,11,30,4,26.06,12.02,54.82,30,11.5078,,0,1041.1,10,2013-11-30 09:00:00.000000 +00:00
LGA,2013,11,30,5,26.06,12.02,54.82,30,9.20624,,0,1041.4,10,2013-11-30 10:00:00.000000 +00:00
LGA,2013,11,30,6,24.98,12.92,59.65,40,8.05546,,0,1041.6,10,2013-11-30 11:00:00.000000 +00:00
LGA,2013,11,30,7,26.06,15.08,62.7,40,5.7539,,0,1041.8,10,2013-11-30 12:00:00.000000 +00:00
LGA,2013,11,30,8,28.04,15.98,60.1,40,6.90468,,0,1041.9,10,2013-11-30 13:00:00.000000 +00:00
LGA,2013,11,30,9,30.02,17.06,58.08,70,10.35702,,0,1041.4,10,2013-11-30 14:00:00.000000 +00:00
LGA,2013,11,30,10,32,12.92,44.74,70,6.90468,,0,1040.6,10,2013-11-30 15:00:00.000000 +00:00
LGA,2013,11,30,11,33.08,12.92,42.84,40,6.90468,,0,1039.4,10,2013-11-30 16:00:00.000000 +00:00
LGA,2013,11,30,12,35.06,10.04,34.84,0,0,,0,1038.1,10,2013-11-30 17:00:00.000000 +00:00
LGA,2013,11,30,13,35.96,12.02,36.71,0,0,,0,1036.9,10,2013-11-30 18:00:00.000000 +00:00
LGA,2013,11,30,14,35.96,15.98,43.67,,5.7539,,0,1036.2,10,2013-11-30 19:00:00.000000 +00:00
LGA,2013,11,30,15,37.04,19.04,47.75,130,6.90468,,0,1035.7,10,2013-11-30 20:00:00.000000 +00:00
LGA,2013,11,30,16,35.96,21.92,56.32,110,8.05546,,0,1035.3,10,2013-11-30 21:00:00.000000 +00:00
LGA,2013,11,30,17,35.06,23,61.08,90,8.05546,,0,1034.4,10,2013-11-30 22:00:00.000000 +00:00
LGA,2013,11,30,18,35.96,23,58.94,90,9.20624,,0,1033.4,10,2013-11-30 23:00:00.000000 +00:00
LGA,2013,11,30,19,35.96,24.08,61.67,,8.05546,,0,,10,2013-12-01 00:00:00.000000 +00:00
LGA,2013,11,30,20,35.96,24.08,61.67,60,4.60312,,0,1031.7,10,2013-12-01 01:00:00.000000 +00:00
LGA,2013,11,30,21,35.96,24.98,64.03,60,3.45234,,0,1031,10,2013-12-01 02:00:00.000000 +00:00
LGA,2013,11,30,22,37.04,26.06,64.17,40,3.45234,,0,1030.1,10,2013-12-01 03:00:00.000000 +00:00
LGA,2013,11,30,23,37.94,26.96,64.29,0,0,,0,1028.8,10,2013-12-01 04:00:00.000000 +00:00
LGA,2013,12,1,0,39.02,28.94,66.85,70,3.45234,,0,1027.7,10,2013-12-01 05:00:00.000000 +00:00
LGA,2013,12,1,1,39.02,28.94,66.85,10,3.45234,,0,1026.8,10,2013-12-01 06:00:00.000000 +00:00
LGA,2013,12,1,2,37.94,28.94,69.73,320,6.90468,,0,1026.3,10,2013-12-01 07:00:00.000000 +00:00
LGA,2013,12,1,3,37.04,28.04,69.63,320,6.90468,,0,1025.3,10,2013-12-01 08:00:00.000000 +00:00
LGA,2013,12,1,4,37.94,28.94,69.73,350,5.7539,,0,,10,2013-12-01 09:00:00.000000 +00:00
LGA,2013,12,1,5,39.2,30.2,69.88,340,5.7539,,0,,10,2013-12-01 10:00:00.000000 +00:00
LGA,2013,12,1,6,39.2,30.2,69.88,0,0,,0,,10,2013-12-01 11:00:00.000000 +00:00
LGA,2013,12,1,7,39.02,30.02,69.86,30,4.60312,,0,1023.8,10,2013-12-01 12:00:00.000000 +00:00
LGA,2013,12,1,8,41,30.92,67.09,0,0,,0,1023.4,10,2013-12-01 13:00:00.000000 +00:00
LGA,2013,12,1,9,44.06,30.92,59.64,50,4.60312,,0,1022.9,10,2013-12-01 14:00:00.000000 +00:00
LGA,2013,12,1,10,44.06,32,62.3,60,3.45234,,0,1022,10,2013-12-01 15:00:00.000000 +00:00
LGA,2013,12,1,11,46.04,32,57.78,,3.45234,,0,1020.7,10,2013-12-01 16:00:00.000000 +00:00
LGA,2013,12,1,12,46.04,30.92,55.32,,3.45234,,0,1019.5,10,2013-12-01 17:00:00.000000 +00:00
LGA,2013,12,1,13,46.94,30.92,53.47,300,4.60312,,0,1018.6,10,2013-12-01 18:00:00.000000 +00:00
LGA,2013,12,1,14,48.02,28.04,45.65,310,3.45234,,0,1018.5,10,2013-12-01 19:00:00.000000 +00:00
LGA,2013,12,1,15,48.02,28.04,45.65,0,0,,0,1018.2,10,2013-12-01 20:00:00.000000 +00:00
LGA,2013,12,1,16,48.02,28.04,45.65,,3.45234,,0,1018.2,10,2013-12-01 21:00:00.000000 +00:00
LGA,2013,12,1,17,46.94,28.94,49.33,0,0,,0,1017.9,10,2013-12-01 22:00:00.000000 +00:00
LGA,2013,12,1,18,48.02,28.04,45.65,0,0,,0,1017.9,10,2013-12-01 23:00:00.000000 +00:00
LGA,2013,12,1,19,48.02,28.94,47.36,260,3.45234,,0,1017.6,10,2013-12-02 00:00:00.000000 +00:00
LGA,2013,12,1,20,46.94,28.94,49.33,220,5.7539,,0,1017.2,10,2013-12-02 01:00:00.000000 +00:00
LGA,2013,12,1,21,46.04,28.94,51.03,0,0,,0,1017.1,10,2013-12-02 02:00:00.000000 +00:00
LGA,2013,12,1,22,46.04,30.02,53.33,320,5.7539,,0,1016.8,10,2013-12-02 03:00:00.000000 +00:00
LGA,2013,12,1,23,44.96,30.02,55.56,320,6.90468,,0,1016.5,10,2013-12-02 04:00:00.000000 +00:00
LGA,2013,12,2,0,44.06,30.02,57.5,340,4.60312,,0,1016.2,10,2013-12-02 05:00:00.000000 +00:00
LGA,2013,12,2,1,44.06,30.92,59.64,310,4.60312,,0,1016,10,2013-12-02 06:00:00.000000 +00:00
LGA,2013,12,2,2,42.98,30.92,62.16,0,0,,0,1015.5,10,2013-12-02 07:00:00.000000 +00:00
LGA,2013,12,2,3,42.98,28.94,57.35,330,5.7539,,0,1015.2,10,2013-12-02 08:00:00.000000 +00:00
LGA,2013,12,2,4,42.08,28.94,59.36,0,0,,0,1014.8,10,2013-12-02 09:00:00.000000 +00:00
LGA,2013,12,2,5,42.08,32,67.22,80,3.45234,,0,1015,10,2013-12-02 10:00:00.000000 +00:00
LGA,2013,12,2,6,42.08,33.08,70.2,60,4.60312,,0,1015,10,2013-12-02 11:00:00.000000 +00:00
LGA,2013,12,2,7,42.08,35.06,75.98,50,5.7539,,0,1015.1,9,2013-12-02 12:00:00.000000 +00:00
LGA,2013,12,2,8,42.08,37.04,82.17,50,5.7539,,0,1015.3,7,2013-12-02 13:00:00.000000 +00:00
LGA,2013,12,2,9,42.98,35.96,76.06,50,6.90468,,0,1015.2,7,2013-12-02 14:00:00.000000 +00:00
LGA,2013,12,2,10,42.98,37.04,79.38,40,6.90468,,0,1014.9,7,2013-12-02 15:00:00.000000 +00:00
LGA,2013,12,2,11,44.06,37.04,76.16,60,6.90468,,0,1014.1,7,2013-12-02 16:00:00.000000 +00:00
LGA,2013,12,2,12,44.06,37.94,78.91,50,8.05546,,0,1013.5,7,2013-12-02 17:00:00.000000 +00:00
LGA,2013,12,2,13,44.96,37.94,76.25,50,9.20624,,0,1012.4,7,2013-12-02 18:00:00.000000 +00:00
LGA,2013,12,2,14,44.96,37.94,76.25,60,6.90468,,0,1012.7,7,2013-12-02 19:00:00.000000 +00:00
LGA,2013,12,2,15,44.06,37.94,78.91,40,6.90468,,0,1013.2,7,2013-12-02 20:00:00.000000 +00:00
LGA,2013,12,2,16,44.06,37.94,78.91,60,8.05546,,0,1012.9,8,2013-12-02 21:00:00.000000 +00:00
LGA,2013,12,2,17,42.98,37.94,82.24,50,6.90468,,0,1012.9,8,2013-12-02 22:00:00.000000 +00:00
LGA,2013,12,2,18,42.98,37.94,82.24,50,6.90468,,0,1012.8,7,2013-12-02 23:00:00.000000 +00:00
LGA,2013,12,2,19,42.98,37.04,79.38,80,6.90468,,0,1013.1,8,2013-12-03 00:00:00.000000 +00:00
LGA,2013,12,2,20,42.98,35.96,76.06,60,5.7539,,0,1013.3,8,2013-12-03 01:00:00.000000 +00:00
LGA,2013,12,2,21,41,35.96,82.09,60,4.60312,,0,1013.1,7,2013-12-03 02:00:00.000000 +00:00
LGA,2013,12,2,22,41,35.96,82.09,40,4.60312,,0,1013.1,7,2013-12-03 03:00:00.000000 +00:00
LGA,2013,12,2,23,41,35.96,82.09,20,5.7539,,0,1012.7,7,2013-12-03 04:00:00.000000 +00:00
LGA,2013,12,3,0,41,37.04,85.67,10,5.7539,,0,1012.2,6,2013-12-03 05:00:00.000000 +00:00
LGA,2013,12,3,1,39.92,35.96,85.61,40,3.45234,,0,1012.5,6,2013-12-03 06:00:00.000000 +00:00
LGA,2013,12,3,2,39.92,35.96,85.61,70,4.60312,,0,1012.6,6,2013-12-03 07:00:00.000000 +00:00
LGA,2013,12,3,3,39.2,35.6,86.79,50,5.7539,,0,,7,2013-12-03 08:00:00.000000 +00:00
LGA,2013,12,3,4,37.94,33.98,85.49,60,4.60312,,0,1012.4,7,2013-12-03 09:00:00.000000 +00:00
LGA,2013,12,3,5,37.94,33.98,85.49,50,3.45234,,0,1012.5,7,2013-12-03 10:00:00.000000 +00:00
LGA,2013,12,3,6,39.02,33.98,81.95,0,0,,0,1012.7,6,2013-12-03 11:00:00.000000 +00:00
LGA,2013,12,3,7,41,33.98,75.88,320,4.60312,,0,1013.2,7,2013-12-03 12:00:00.000000 +00:00
LGA,2013,12,3,8,42.08,35.06,75.98,300,5.7539,,0,1013.4,7,2013-12-03 13:00:00.000000 +00:00
LGA,2013,12,3,9,42.08,33.98,72.78,320,9.20624,,0,1013.9,8,2013-12-03 14:00:00.000000 +00:00
LGA,2013,12,3,10,44.96,33.08,62.87,320,4.60312,,0,1013.5,8,2013-12-03 15:00:00.000000 +00:00
LGA,2013,12,3,11,48.02,33.98,58.07,300,3.45234,,0,1013.1,6,2013-12-03 16:00:00.000000 +00:00
LGA,2013,12,3,12,51.08,33.08,49.97,0,0,,0,1012.2,8,2013-12-03 17:00:00.000000 +00:00
LGA,2013,12,3,13,53.06,33.08,46.46,0,0,,0,1011.7,9,2013-12-03 18:00:00.000000 +00:00
LGA,2013,12,3,14,51.98,33.08,48.34,0,0,,0,1011.9,9,2013-12-03 19:00:00.000000 +00:00
LGA,2013,12,3,15,53.06,33.08,46.46,260,8.05546,,0,1012.6,9,2013-12-03 20:00:00.000000 +00:00
LGA,2013,12,3,16,51.98,32,46.28,260,5.7539,,0,1013.2,10,2013-12-03 21:00:00.000000 +00:00
LGA,2013,12,3,17,50,33.98,53.92,310,5.7539,,0,1013.8,10,2013-12-03 22:00:00.000000 +00:00
LGA,2013,12,3,18,48.92,33.08,54.15,0,0,,0,1014.4,10,2013-12-03 23:00:00.000000 +00:00
LGA,2013,12,3,19,46.04,35.06,65.32,10,6.90468,,0,1015,8,2013-12-04 00:00:00.000000 +00:00
LGA,2013,12,3,20,44.96,33.98,65.18,40,3.45234,,0,1015,8,2013-12-04 01:00:00.000000 +00:00
LGA,2013,12,3,21,44.06,33.98,67.45,50,4.60312,,0,1015.2,8,2013-12-04 02:00:00.000000 +00:00
LGA,2013,12,3,22,42.98,33.98,70.3,10,4.60312,,0,1015.8,8,2013-12-04 03:00:00.000000 +00:00
LGA,2013,12,3,23,42.08,33.98,72.78,10,4.60312,,0,1016.1,8,2013-12-04 04:00:00.000000 +00:00
LGA,2013,12,4,0,42.08,33.08,70.2,20,4.60312,,0,1016.5,8,2013-12-04 05:00:00.000000 +00:00
LGA,2013,12,4,1,41,33.08,73.19,50,3.45234,,0,1017,8,2013-12-04 06:00:00.000000 +00:00
LGA,2013,12,4,2,39.92,32,73.08,60,3.45234,,0,1017.6,7,2013-12-04 07:00:00.000000 +00:00
LGA,2013,12,4,3,39.92,33.08,76.32,40,3.45234,,0,1017.5,7,2013-12-04 08:00:00.000000 +00:00
LGA,2013,12,4,4,39.92,32,73.08,0,0,,0,1017.8,8,2013-12-04 09:00:00.000000 +00:00
LGA,2013,12,4,5,39.92,32,73.08,50,3.45234,,0,1018.7,8,2013-12-04 10:00:00.000000 +00:00
LGA,2013,12,4,6,41,32,70.08,60,5.7539,,0,1019.1,8,2013-12-04 11:00:00.000000 +00:00
LGA,2013,12,4,7,39.92,30.92,69.96,60,9.20624,,0,1019.3,7,2013-12-04 12:00:00.000000 +00:00
LGA,2013,12,4,8,41,32,70.08,70,6.90468,,0,1018.9,8,2013-12-04 13:00:00.000000 +00:00
LGA,2013,12,4,9,42.98,33.08,67.81,30,4.60312,,0,1020.1,8,2013-12-04 14:00:00.000000 +00:00
LGA,2013,12,4,10,44.96,33.08,62.87,60,3.45234,,0,1020.1,8,2013-12-04 15:00:00.000000 +00:00
LGA,2013,12,4,11,46.04,33.08,60.35,60,5.7539,,0,1019.8,7,2013-12-04 16:00:00.000000 +00:00
LGA,2013,12,4,12,46.94,33.98,60.47,40,4.60312,,0,1019.1,7,2013-12-04 17:00:00.000000 +00:00
LGA,2013,12,4,13,48.02,33.98,58.07,80,5.7539,,0,1018.3,8,2013-12-04 18:00:00.000000 +00:00
LGA,2013,12,4,14,48.02,35.06,60.62,60,8.05546,,0,1018.7,6,2013-12-04 19:00:00.000000 +00:00
LGA,2013,12,4,15,46.94,35.06,63.13,70,8.05546,,0,1019.3,7,2013-12-04 20:00:00.000000 +00:00
LGA,2013,12,4,16,46.94,35.96,65.43,50,6.90468,20.71404,0,1019.5,8,2013-12-04 21:00:00.000000 +00:00
LGA,2013,12,4,17,46.04,35.96,67.69,50,5.7539,,0,1020.2,8,2013-12-04 22:00:00.000000 +00:00
LGA,2013,12,4,18,46.04,37.04,70.64,60,5.7539,,0,1020.5,8,2013-12-04 23:00:00.000000 +00:00
LGA,2013,12,4,19,46.94,37.94,70.74,50,4.60312,,0,1020.5,8,2013-12-05 00:00:00.000000 +00:00
LGA,2013,12,4,20,46.04,37.94,73.18,50,8.05546,,0,1020.5,8,2013-12-05 01:00:00.000000 +00:00
LGA,2013,12,4,21,44.96,39.02,79.54,60,5.7539,,0,1020.3,7,2013-12-05 02:00:00.000000 +00:00
LGA,2013,12,4,22,46.04,41,82.45,50,6.90468,,0,1020.5,5,2013-12-05 03:00:00.000000 +00:00
LGA,2013,12,4,23,46.04,42.08,85.97,50,6.90468,,0,1020.3,5,2013-12-05 04:00:00.000000 +00:00
LGA,2013,12,5,0,46.04,42.08,85.97,60,8.05546,,0,1019.9,5,2013-12-05 05:00:00.000000 +00:00
LGA,2013,12,11,12,32,12.02,43,260,11.5078,,0,1024.4,10,2013-12-11 17:00:00.000000 +00:00
LGA,2013,12,5,1,46.04,42.98,88.99,40,6.90468,,0,1019.8,4,2013-12-05 06:00:00.000000 +00:00
LGA,2013,12,5,2,46.94,42.98,86.02,50,8.05546,,0,1020,4,2013-12-05 07:00:00.000000 +00:00
LGA,2013,12,5,3,46.4,44.6,93.4,60,8.05546,,0,,2,2013-12-05 08:00:00.000000 +00:00
LGA,2013,12,5,4,46.04,44.06,92.75,70,8.05546,,0.01,1019.2,2,2013-12-05 09:00:00.000000 +00:00
LGA,2013,12,5,5,46.4,44.6,93.4,80,5.7539,,0,,2,2013-12-05 10:00:00.000000 +00:00
LGA,2013,12,5,6,46.4,44.6,93.4,50,9.20624,,0,,1,2013-12-05 11:00:00.000000 +00:00
LGA,2013,12,5,7,46.94,44.96,92.78,40,3.45234,,0,1019,0,2013-12-05 12:00:00.000000 +00:00
LGA,2013,12,5,8,46.94,46.4,100,60,8.05546,,0,,0,2013-12-05 13:00:00.000000 +00:00
LGA,2013,12,5,9,48.2,46.4,100,60,5.7539,,0,,0,2013-12-05 14:00:00.000000 +00:00
LGA,2013,12,5,10,48.92,48.02,100,60,4.60312,,0,,0,2013-12-05 15:00:00.000000 +00:00
LGA,2013,12,5,11,51.08,48.92,93.5,110,4.60312,,0,,2,2013-12-05 16:00:00.000000 +00:00
LGA,2013,12,5,12,53.96,51.98,93.6,180,6.90468,,0,,7,2013-12-05 17:00:00.000000 +00:00
LGA,2013,12,5,13,55.94,51.08,83.69,180,6.90468,,0,1015.8,10,2013-12-05 18:00:00.000000 +00:00
LGA,2013,12,5,14,55.94,51.98,87.65,180,10.35702,,0,,10,2013-12-05 19:00:00.000000 +00:00
LGA,2013,12,5,15,55.04,51.08,86.47,170,6.90468,,0,1015.4,8,2013-12-05 20:00:00.000000 +00:00
LGA,2013,12,5,16,55.04,51.8,93.6,180,6.90468,,0,,9,2013-12-05 21:00:00.000000 +00:00
LGA,2013,12,5,17,55.4,51.8,87.65,,5.7539,,0,,9,2013-12-05 22:00:00.000000 +00:00
LGA,2013,12,5,18,57.92,53.06,83.82,210,8.05546,,0,1015.9,7,2013-12-05 23:00:00.000000 +00:00
LGA,2013,12,5,19,57.2,53.6,87.74,180,5.7539,,0,,8,2013-12-06 00:00:00.000000 +00:00
LGA,2013,12,5,20,55.04,51.08,86.47,170,6.90468,,0,1015.4,5,2013-12-06 01:00:00.000000 +00:00
LGA,2013,12,5,21,53.96,51.98,93.6,170,6.90468,,0,,2,2013-12-06 02:00:00.000000 +00:00
LGA,2013,12,5,22,53.6,51.8,93.6,180,6.90468,,0,,2,2013-12-06 03:00:00.000000 +00:00
LGA,2013,12,5,23,53.06,51.98,96.1,190,5.7539,,0,1013.9,2,2013-12-06 04:00:00.000000 +00:00
LGA,2013,12,6,0,55.04,53.06,93.02,150,4.60312,,0,1013.2,2,2013-12-06 05:00:00.000000 +00:00
LGA,2013,12,6,1,53.96,53.06,96.76,180,8.05546,,0,1013.1,2,2013-12-06 06:00:00.000000 +00:00
LGA,2013,12,6,2,53.96,53.6,100,180,6.90468,,0,,0,2013-12-06 07:00:00.000000 +00:00
LGA,2013,12,6,3,53.6,51.98,96.1,180,8.05546,,0.01,,0,2013-12-06 08:00:00.000000 +00:00
LGA,2013,12,6,4,53.96,53.06,96.76,170,6.90468,,0,1011.8,0,2013-12-06 09:00:00.000000 +00:00
LGA,2013,12,6,5,53.96,53.6,100,180,5.7539,,0,,2,2013-12-06 10:00:00.000000 +00:00
LGA,2013,12,6,6,53.06,51.08,92.96,320,14.96014,,0.04,1012.8,3,2013-12-06 11:00:00.000000 +00:00
LGA,2013,12,6,7,53.6,50,93.55,340,10.35702,,0,,10,2013-12-06 12:00:00.000000 +00:00
LGA,2013,12,6,8,50,44.6,83.23,360,14.96014,,0.01,,10,2013-12-06 13:00:00.000000 +00:00
LGA,2013,12,6,9,48.2,42.98,86.02,360,13.80936,,0.01,,10,2013-12-06 14:00:00.000000 +00:00
LGA,2013,12,6,10,46.04,41,82.45,360,12.65858,,0.04,1016.6,6,2013-12-06 15:00:00.000000 +00:00
LGA,2013,12,6,11,44.96,39.92,82.38,360,10.35702,,0.01,,10,2013-12-06 16:00:00.000000 +00:00
LGA,2013,12,6,12,44.6,39.92,85.25,360,9.20624,,0.01,,2,2013-12-06 17:00:00.000000 +00:00
LGA,2013,12,6,13,44.6,41,87.09,20,9.20624,,0,,9,2013-12-06 18:00:00.000000 +00:00
LGA,2013,12,6,14,44.06,39.92,85.25,20,8.05546,,0.03,1016.9,9,2013-12-06 19:00:00.000000 +00:00
LGA,2013,12,6,15,44.6,39.2,82.31,20,10.35702,,0.02,,10,2013-12-06 20:00:00.000000 +00:00
LGA,2013,12,6,16,44.06,37.94,78.91,360,9.20624,,0,1017.9,10,2013-12-06 21:00:00.000000 +00:00
LGA,2013,12,6,17,44.06,37.94,78.91,360,8.05546,,0,1018.4,10,2013-12-06 22:00:00.000000 +00:00
LGA,2013,12,6,18,44.6,37.4,79.38,20,9.20624,,0.03,,10,2013-12-06 23:00:00.000000 +00:00
LGA,2013,12,6,19,42.8,37.4,86.89,360,12.65858,,0.26,,10,2013-12-07 00:00:00.000000 +00:00
LGA,2013,12,6,20,39.2,35.6,86.79,10,14.96014,,0.05,,2,2013-12-07 01:00:00.000000 +00:00
LGA,2013,12,6,21,39.2,35.6,86.79,60,17.2617,,0.09,,5,2013-12-07 02:00:00.000000 +00:00
LGA,2013,12,6,22,37.04,32,81.8,10,13.80936,19.56326,0.05,1020.1,5,2013-12-07 03:00:00.000000 +00:00
LGA,2013,12,6,23,37.04,32,81.8,340,12.65858,,0.05,1021,5,2013-12-07 04:00:00.000000 +00:00
LGA,2013,12,7,0,35.96,30.92,81.72,10,12.65858,,0.12,1019.4,10,2013-12-07 05:00:00.000000 +00:00
LGA,2013,12,7,1,35.96,30.92,81.72,30,12.65858,,0.01,1019.7,10,2013-12-07 06:00:00.000000 +00:00
LGA,2013,12,7,2,35.96,32,86.59,350,11.5078,,0,,3,2013-12-07 07:00:00.000000 +00:00
LGA,2013,12,7,3,35.96,32,86.59,360,11.5078,,0.02,,10,2013-12-07 08:00:00.000000 +00:00
LGA,2013,12,7,4,35.96,32,86.59,10,6.90468,,0,,10,2013-12-07 09:00:00.000000 +00:00
LGA,2013,12,7,5,35.96,32,85.37,20,6.90468,,0,1022.9,10,2013-12-07 10:00:00.000000 +00:00
LGA,2013,12,7,6,37.4,30.92,78.31,350,9.20624,,0,,10,2013-12-07 11:00:00.000000 +00:00
LGA,2013,12,7,7,37.04,30.02,75.5,330,9.20624,,0,1024.6,10,2013-12-07 12:00:00.000000 +00:00
LGA,2013,12,7,8,37.94,28.94,69.73,330,12.65858,,0,,10,2013-12-07 13:00:00.000000 +00:00
LGA,2013,12,7,9,37.94,28.04,67.21,330,12.65858,,0,1026.4,10,2013-12-07 14:00:00.000000 +00:00
LGA,2013,12,7,10,39.92,28.04,62.21,320,13.80936,20.71404,0,1026.1,10,2013-12-07 15:00:00.000000 +00:00
LGA,2013,12,7,11,39.02,26.06,59.37,330,17.2617,,0,1026.2,10,2013-12-07 16:00:00.000000 +00:00
LGA,2013,12,7,12,39.02,24.08,54.68,340,16.11092,,0,1026.2,10,2013-12-07 17:00:00.000000 +00:00
LGA,2013,12,7,13,41,24.98,52.56,340,14.96014,,0,1026.4,10,2013-12-07 18:00:00.000000 +00:00
LGA,2013,12,7,14,39.92,19.94,44.33,320,14.96014,,0,1026.7,10,2013-12-07 19:00:00.000000 +00:00
LGA,2013,12,7,15,39.92,19.94,44.33,290,13.80936,,0,1027.4,10,2013-12-07 20:00:00.000000 +00:00
LGA,2013,12,7,16,39.02,19.94,45.91,320,16.11092,,0,1028.3,10,2013-12-07 21:00:00.000000 +00:00
LGA,2013,12,7,17,37.94,19.04,46.09,310,12.65858,,0,1029.2,10,2013-12-07 22:00:00.000000 +00:00
LGA,2013,12,7,18,37.94,17.96,44,310,11.5078,,0,1030.1,10,2013-12-07 23:00:00.000000 +00:00
LGA,2013,12,7,19,37.04,17.06,43.85,320,11.5078,,0,1031.2,10,2013-12-08 00:00:00.000000 +00:00
LGA,2013,12,7,20,35.96,17.06,45.76,330,11.5078,,0,1032,10,2013-12-08 01:00:00.000000 +00:00
LGA,2013,12,7,21,35.06,15.98,45.26,330,16.11092,,0,1032.2,10,2013-12-08 02:00:00.000000 +00:00
LGA,2013,12,7,22,33.98,15.98,47.25,330,13.80936,,0,1033.1,10,2013-12-08 03:00:00.000000 +00:00
LGA,2013,12,7,23,33.08,15.08,47.1,320,10.35702,,0,1033.2,10,2013-12-08 04:00:00.000000 +00:00
LGA,2013,12,8,0,32,15.08,49.19,340,10.35702,,0,1033,10,2013-12-08 05:00:00.000000 +00:00
LGA,2013,12,8,1,30.92,14,49.01,330,9.20624,,0,1033.2,10,2013-12-08 06:00:00.000000 +00:00
LGA,2013,12,8,2,30.92,14,49.01,330,12.65858,,0,1034,10,2013-12-08 07:00:00.000000 +00:00
LGA,2013,12,8,3,30.02,14,50.84,330,12.65858,,0,1034.4,10,2013-12-08 08:00:00.000000 +00:00
LGA,2013,12,8,4,30.02,14,50.84,330,14.96014,,0,1034.3,10,2013-12-08 09:00:00.000000 +00:00
LGA,2013,12,8,5,30.02,15.08,53.29,340,8.05546,,0,1035,10,2013-12-08 10:00:00.000000 +00:00
LGA,2013,12,8,6,30.02,15.08,53.29,340,6.90468,,0,1035.1,10,2013-12-08 11:00:00.000000 +00:00
LGA,2013,12,8,7,30.02,15.08,53.29,10,4.60312,,0,1035.6,10,2013-12-08 12:00:00.000000 +00:00
LGA,2013,12,8,8,30.92,14,49.01,40,8.05546,,0,1036.1,10,2013-12-08 13:00:00.000000 +00:00
LGA,2013,12,8,9,32,15.08,49.19,40,9.20624,,0,1035.9,10,2013-12-08 14:00:00.000000 +00:00
LGA,2013,12,8,10,30.92,15.08,51.38,40,10.35702,,0,1035.8,10,2013-12-08 15:00:00.000000 +00:00
LGA,2013,12,8,11,32,15.08,49.19,40,9.20624,,0,1034.8,10,2013-12-08 16:00:00.000000 +00:00
LGA,2013,12,8,12,32,15.98,51.15,30,6.90468,,0,1034.4,10,2013-12-08 17:00:00.000000 +00:00
LGA,2013,12,8,13,32,17.06,53.6,40,8.05546,,0,1034,10,2013-12-08 18:00:00.000000 +00:00
LGA,2013,12,8,14,32,15.98,51.15,100,8.05546,,0,1032.8,10,2013-12-08 19:00:00.000000 +00:00
LGA,2013,12,8,15,33.08,15.98,48.98,60,9.20624,,0,1033.6,10,2013-12-08 20:00:00.000000 +00:00
LGA,2013,12,8,16,30.92,21.2,68.83,40,11.5078,,0,,2,2013-12-08 21:00:00.000000 +00:00
LGA,2013,12,8,17,30.2,24.98,86.18,60,9.20624,,0.02,,1,2013-12-08 22:00:00.000000 +00:00
LGA,2013,12,8,18,28.94,24.98,86.18,50,8.05546,,0.01,,2,2013-12-08 23:00:00.000000 +00:00
LGA,2013,12,8,19,30.02,24.98,81.27,30,6.90468,,0,1033,6,2013-12-09 00:00:00.000000 +00:00
LGA,2013,12,8,20,30.02,24.98,81.27,40,9.20624,,0,1031.5,4,2013-12-09 01:00:00.000000 +00:00
LGA,2013,12,8,21,30.92,26.96,85.05,80,11.5078,,0,1030.1,9,2013-12-09 02:00:00.000000 +00:00
LGA,2013,12,8,22,32,26.96,81.42,70,12.65858,,0,1030,5,2013-12-09 03:00:00.000000 +00:00
LGA,2013,12,8,23,32,28.94,88.32,70,16.11092,,0.02,,2,2013-12-09 04:00:00.000000 +00:00
LGA,2013,12,9,0,33.8,30.2,92.29,60,16.11092,,0.01,,2,2013-12-09 05:00:00.000000 +00:00
LGA,2013,12,9,1,33.08,30.2,92.97,60,19.56326,,0.02,,2,2013-12-09 06:00:00.000000 +00:00
LGA,2013,12,9,2,33.98,30.92,88.42,70,18.41248,,0.02,1025.8,2,2013-12-09 07:00:00.000000 +00:00
LGA,2013,12,9,3,33.98,30.92,88.42,80,21.86482,,0.01,,3,2013-12-09 08:00:00.000000 +00:00
LGA,2013,12,9,4,33.98,30.92,88.42,60,23.0156,,0.01,1023,3,2013-12-09 09:00:00.000000 +00:00
LGA,2013,12,9,5,35.06,32,88.47,60,21.86482,28.7695,0.05,1022.1,3,2013-12-09 10:00:00.000000 +00:00
LGA,2013,12,9,6,35.96,33.08,89.16,60,20.71404,29.92028,0.02,1021.6,3,2013-12-09 11:00:00.000000 +00:00
LGA,2013,12,9,7,35.6,33.8,93.08,40,14.96014,,0.05,,3,2013-12-09 12:00:00.000000 +00:00
LGA,2013,12,9,8,35.6,32,92.36,30,10.35702,,0.02,,2,2013-12-09 13:00:00.000000 +00:00
LGA,2013,12,9,9,37.04,33.98,88.57,60,18.41248,,0,1019,2,2013-12-09 14:00:00.000000 +00:00
LGA,2013,12,9,10,37.4,33.98,88.57,40,14.96014,23.0156,0,,2,2013-12-09 15:00:00.000000 +00:00
LGA,2013,12,9,11,35.96,33.98,92.43,20,8.05546,,0,1016.7,2,2013-12-09 16:00:00.000000 +00:00
LGA,2013,12,9,14,37.04,35.06,92.46,320,6.90468,,0,1015,2,2013-12-09 19:00:00.000000 +00:00
LGA,2013,12,9,15,37.94,35.96,92.49,280,9.20624,,0,1015.7,3,2013-12-09 20:00:00.000000 +00:00
LGA,2013,12,9,16,39.2,35.6,86.79,290,13.80936,,0,,3,2013-12-09 21:00:00.000000 +00:00
LGA,2013,12,9,17,39.02,35.06,85.55,250,4.60312,,0,1015.5,6,2013-12-09 22:00:00.000000 +00:00
LGA,2013,12,9,18,39.2,33.98,85.49,270,11.5078,,0,,10,2013-12-09 23:00:00.000000 +00:00
LGA,2013,12,9,19,37.94,33.08,82.46,250,8.05546,,0,1016.7,10,2013-12-10 00:00:00.000000 +00:00
LGA,2013,12,9,20,37.94,33.8,86.69,240,9.20624,,0,,10,2013-12-10 01:00:00.000000 +00:00
LGA,2013,12,9,21,37.94,32,78.96,260,10.35702,,0,1016.4,10,2013-12-10 02:00:00.000000 +00:00
LGA,2013,12,9,22,39.02,30.92,72.46,260,16.11092,20.71404,0,1016.2,10,2013-12-10 03:00:00.000000 +00:00
LGA,2013,12,9,23,39.02,30.02,69.86,260,12.65858,,0,1016.1,10,2013-12-10 04:00:00.000000 +00:00
LGA,2013,12,10,0,37.94,30.02,72.87,260,9.20624,,0,1015.5,10,2013-12-10 05:00:00.000000 +00:00
LGA,2013,12,10,1,37.94,28.94,69.73,250,8.05546,,0,1015.2,10,2013-12-10 06:00:00.000000 +00:00
LGA,2013,12,10,2,37.04,30.02,75.5,240,5.7539,,0,1015.2,9,2013-12-10 07:00:00.000000 +00:00
LGA,2013,12,10,3,35.96,30.02,78.79,220,8.05546,,0,1015,8,2013-12-10 08:00:00.000000 +00:00
LGA,2013,12,10,4,37.04,28.94,72.24,260,8.05546,,0,1016,9,2013-12-10 09:00:00.000000 +00:00
LGA,2013,12,10,5,35.96,28.94,75.39,220,4.60312,,0,1014,9,2013-12-10 10:00:00.000000 +00:00
LGA,2013,12,10,6,37.94,28.04,67.21,310,11.5078,,0,1014.8,10,2013-12-10 11:00:00.000000 +00:00
LGA,2013,12,10,7,35.06,30.02,81.65,330,12.65858,,0,1015.6,2,2013-12-10 12:00:00.000000 +00:00
LGA,2013,12,10,8,33.8,30.92,95.73,350,5.7539,,0.1,,0,2013-12-10 13:00:00.000000 +00:00
LGA,2013,12,10,9,32,30.92,95.73,300,4.60312,,0.08,,0,2013-12-10 14:00:00.000000 +00:00
LGA,2013,12,10,10,33.8,30.2,92.97,360,10.35702,,0.03,,3,2013-12-10 15:00:00.000000 +00:00
LGA,2013,12,10,11,33.98,30.2,86.49,330,9.20624,,0,,7,2013-12-10 16:00:00.000000 +00:00
LGA,2013,12,10,12,35.06,30.2,86.49,300,10.35702,,0.01,,7,2013-12-10 17:00:00.000000 +00:00
LGA,2013,12,10,13,35.06,28.94,78.13,300,9.20624,18.41248,0,1011.8,5,2013-12-10 18:00:00.000000 +00:00
LGA,2013,12,10,14,35.06,28.4,80.36,270,13.80936,21.86482,0,,10,2013-12-10 19:00:00.000000 +00:00
LGA,2013,12,10,15,35.6,28.4,75.2,260,16.11092,,0,,9,2013-12-10 20:00:00.000000 +00:00
LGA,2013,12,10,16,33.98,24.08,66.72,270,16.11092,,0,1014,10,2013-12-10 21:00:00.000000 +00:00
LGA,2013,12,10,17,33.08,21.92,63.17,260,11.5078,24.16638,0,1014.8,10,2013-12-10 22:00:00.000000 +00:00
LGA,2013,12,10,18,33.08,21.92,63.17,270,17.2617,26.46794,0,1015.7,10,2013-12-10 23:00:00.000000 +00:00
LGA,2013,12,10,19,33.08,21.02,60.81,260,16.11092,23.0156,0,1016.7,10,2013-12-11 00:00:00.000000 +00:00
LGA,2013,12,10,20,32,17.06,53.6,260,17.2617,29.92028,0,1017.5,10,2013-12-11 01:00:00.000000 +00:00
LGA,2013,12,10,21,32,17.06,53.6,260,18.41248,29.92028,0,1018.2,10,2013-12-11 02:00:00.000000 +00:00
LGA,2013,12,10,22,30.92,14,49.01,270,18.41248,26.46794,0,1019.1,10,2013-12-11 03:00:00.000000 +00:00
LGA,2013,12,10,23,30.92,12.02,44.92,260,20.71404,27.61872,0,1020.3,10,2013-12-11 04:00:00.000000 +00:00
LGA,2013,12,11,0,30.02,10.94,44.41,270,17.2617,24.16638,0,1021,10,2013-12-11 05:00:00.000000 +00:00
LGA,2013,12,11,1,30.02,8.96,40.65,260,19.56326,28.7695,0,1021.6,10,2013-12-11 06:00:00.000000 +00:00
LGA,2013,12,11,2,28.94,10.04,44.58,250,11.5078,23.0156,0,1022.9,10,2013-12-11 07:00:00.000000 +00:00
LGA,2013,12,11,3,28.94,10.04,44.58,260,16.11092,21.86482,0,1023.7,10,2013-12-11 08:00:00.000000 +00:00
LGA,2013,12,11,4,28.04,10.04,46.26,260,18.41248,27.61872,0,1024.2,10,2013-12-11 09:00:00.000000 +00:00
LGA,2013,12,11,5,28.04,10.04,46.26,250,16.11092,26.46794,0,1025,10,2013-12-11 10:00:00.000000 +00:00
LGA,2013,12,11,6,26.96,10.94,50.34,250,12.65858,26.46794,0,1025.8,10,2013-12-11 11:00:00.000000 +00:00
LGA,2013,12,11,7,28.04,10.04,46.26,260,13.80936,25.31716,0,1026.4,10,2013-12-11 12:00:00.000000 +00:00
LGA,2013,12,11,8,28.94,10.94,46.41,240,17.2617,24.16638,0,1026.8,10,2013-12-11 13:00:00.000000 +00:00
LGA,2013,12,11,9,28.94,12.02,48.69,240,13.80936,23.0156,0,1027.1,10,2013-12-11 14:00:00.000000 +00:00
LGA,2013,12,11,10,30.02,10.94,44.41,280,19.56326,26.46794,0,1026.5,10,2013-12-11 15:00:00.000000 +00:00
LGA,2013,12,11,11,32,12.92,44.74,280,13.80936,21.86482,0,1025.3,10,2013-12-11 16:00:00.000000 +00:00
LGA,2013,12,11,13,33.08,10.94,39.25,230,12.65858,,0,1023.3,10,2013-12-11 18:00:00.000000 +00:00
LGA,2013,12,11,14,33.08,10.94,39.25,260,8.05546,23.0156,0,1023.6,10,2013-12-11 19:00:00.000000 +00:00
LGA,2013,12,11,15,33.08,12.92,42.84,240,9.20624,,0,1023.7,10,2013-12-11 20:00:00.000000 +00:00
LGA,2013,12,11,16,32,12.92,44.74,270,9.20624,18.41248,0,1023.5,10,2013-12-11 21:00:00.000000 +00:00
LGA,2013,12,11,17,32,12.92,44.74,230,14.96014,18.41248,0,1023.3,10,2013-12-11 22:00:00.000000 +00:00
LGA,2013,12,11,18,32,14,46.92,230,12.65858,,0,1023.8,10,2013-12-11 23:00:00.000000 +00:00
LGA,2013,12,11,19,32,14,46.92,250,11.5078,,0,1023.7,10,2013-12-12 00:00:00.000000 +00:00
LGA,2013,12,11,20,33.08,14,44.92,260,13.80936,25.31716,0,1023.7,10,2013-12-12 01:00:00.000000 +00:00
LGA,2013,12,11,21,32,12.92,44.74,260,17.2617,,0,1023.5,10,2013-12-12 02:00:00.000000 +00:00
LGA,2013,12,11,22,30.92,12.92,46.74,270,17.2617,25.31716,0,1023.7,10,2013-12-12 03:00:00.000000 +00:00
LGA,2013,12,11,23,30.02,15.08,53.29,310,19.56326,27.61872,0,1023.8,10,2013-12-12 04:00:00.000000 +00:00
LGA,2013,12,12,0,28.94,14,53.13,300,16.11092,,0,1023.5,10,2013-12-12 05:00:00.000000 +00:00
LGA,2013,12,12,1,28.04,12.92,52.57,310,11.5078,23.0156,0,1023.9,10,2013-12-12 06:00:00.000000 +00:00
LGA,2013,12,12,2,28.04,14,55.12,320,12.65858,,0,1024.5,10,2013-12-12 07:00:00.000000 +00:00
LGA,2013,12,12,3,26.96,15.08,60.41,320,16.11092,23.0156,0,1024.7,10,2013-12-12 08:00:00.000000 +00:00
LGA,2013,12,12,4,26.06,10.04,50.2,310,14.96014,26.46794,0,1025.5,10,2013-12-12 09:00:00.000000 +00:00
LGA,2013,12,12,5,24.98,6.98,45.74,310,20.71404,27.61872,0,1025.7,10,2013-12-12 10:00:00.000000 +00:00
LGA,2013,12,12,6,24.98,5,41.8,330,17.2617,,0,1026.5,10,2013-12-12 11:00:00.000000 +00:00
LGA,2013,12,12,7,24.08,5,43.4,320,12.65858,21.86482,0,1027.3,10,2013-12-12 12:00:00.000000 +00:00
LGA,2013,12,12,8,24.08,6.08,45.59,310,16.11092,24.16638,0,1027.7,10,2013-12-12 13:00:00.000000 +00:00
LGA,2013,12,12,9,23,6.08,47.7,310,14.96014,21.86482,0,1028.2,10,2013-12-12 14:00:00.000000 +00:00
LGA,2013,12,12,10,24.98,6.08,43.91,330,16.11092,24.16638,0,1027.5,10,2013-12-12 15:00:00.000000 +00:00
LGA,2013,12,12,11,26.06,5,39.96,320,19.56326,24.16638,0,1025.9,10,2013-12-12 16:00:00.000000 +00:00
LGA,2013,12,12,12,26.96,3.02,35.15,340,12.65858,19.56326,0,1025.3,10,2013-12-12 17:00:00.000000 +00:00
LGA,2013,12,12,13,28.04,5,36.83,310,9.20624,18.41248,0,1024.9,10,2013-12-12 18:00:00.000000 +00:00
LGA,2013,12,12,14,26.96,1.94,33.44,310,8.05546,19.56326,0,1024.6,10,2013-12-12 19:00:00.000000 +00:00
LGA,2013,12,12,15,26.96,1.94,33.44,270,10.35702,18.41248,0,1024.3,10,2013-12-12 20:00:00.000000 +00:00
LGA,2013,12,12,16,26.06,3.92,38.03,270,9.20624,,0,1024.4,10,2013-12-12 21:00:00.000000 +00:00
LGA,2013,12,12,17,26.06,3.02,36.48,280,14.96014,20.71404,0,1024.4,10,2013-12-12 22:00:00.000000 +00:00
LGA,2013,12,12,18,26.06,3.92,38.03,260,12.65858,24.16638,0,1024.7,10,2013-12-12 23:00:00.000000 +00:00
LGA,2013,12,12,19,24.98,3.02,38.16,260,14.96014,27.61872,0,1024.6,10,2013-12-13 00:00:00.000000 +00:00
LGA,2013,12,12,20,24.98,3.02,38.16,270,19.56326,29.92028,0,1023.9,10,2013-12-13 01:00:00.000000 +00:00
LGA,2013,12,12,21,24.98,-0.04,33.09,250,18.41248,28.7695,0,1023,10,2013-12-13 02:00:00.000000 +00:00
LGA,2013,12,12,22,24.08,1.04,36.14,260,12.65858,29.92028,0,1022.5,10,2013-12-13 03:00:00.000000 +00:00
LGA,2013,12,12,23,24.08,1.04,36.14,270,16.11092,27.61872,0,1021.5,10,2013-12-13 04:00:00.000000 +00:00
LGA,2013,12,13,0,24.98,1.04,34.81,270,14.96014,21.86482,0,1021.3,10,2013-12-13 05:00:00.000000 +00:00
LGA,2013,12,13,1,24.98,1.04,34.81,260,14.96014,23.0156,0,1021,10,2013-12-13 06:00:00.000000 +00:00
LGA,2013,12,13,2,24.98,1.94,36.3,260,12.65858,20.71404,0,1020.8,10,2013-12-13 07:00:00.000000 +00:00
LGA,2013,12,13,3,24.98,1.94,36.3,260,11.5078,24.16638,0,1020.8,10,2013-12-13 08:00:00.000000 +00:00
LGA,2013,12,13,4,24.98,3.92,39.78,260,11.5078,,0,1021.2,10,2013-12-13 09:00:00.000000 +00:00
LGA,2013,12,13,5,26.06,3.92,38.03,260,13.80936,20.71404,0,1021.5,10,2013-12-13 10:00:00.000000 +00:00
LGA,2013,12,13,6,26.96,3.92,36.64,260,18.41248,31.07106,0,1021.8,10,2013-12-13 11:00:00.000000 +00:00
LGA,2013,12,13,7,26.96,5,38.5,260,14.96014,25.31716,0,1022,10,2013-12-13 12:00:00.000000 +00:00
LGA,2013,12,13,8,28.04,6.08,38.69,260,16.11092,25.31716,0,1022.3,10,2013-12-13 13:00:00.000000 +00:00
LGA,2013,12,13,9,28.94,6.08,37.29,250,17.2617,28.7695,0,1022.4,10,2013-12-13 14:00:00.000000 +00:00
LGA,2013,12,13,10,30.02,8.06,39.03,280,19.56326,31.07106,0,1021.9,10,2013-12-13 15:00:00.000000 +00:00
LGA,2013,12,13,11,32,10.04,39.38,280,14.96014,23.0156,0,1020.8,10,2013-12-13 16:00:00.000000 +00:00
LGA,2013,12,13,12,33.08,8.96,35.92,260,20.71404,27.61872,0,1020.7,10,2013-12-13 17:00:00.000000 +00:00
LGA,2013,12,13,13,33.98,10.04,36.37,270,14.96014,23.0156,0,1020.7,10,2013-12-13 18:00:00.000000 +00:00
LGA,2013,12,13,14,35.06,10.94,36.26,280,16.11092,24.16638,0,1021,10,2013-12-13 19:00:00.000000 +00:00
LGA,2013,12,13,15,33.98,10.94,37.86,260,14.96014,,0,1021.8,10,2013-12-13 20:00:00.000000 +00:00
LGA,2013,12,13,16,33.98,12.92,41.33,260,10.35702,,0,1022.4,10,2013-12-13 21:00:00.000000 +00:00
LGA,2013,12,13,17,33.98,12.92,41.33,260,5.7539,,0,1023.4,10,2013-12-13 22:00:00.000000 +00:00
LGA,2013,12,13,18,33.98,12.92,41.33,260,8.05546,,0,1024.4,10,2013-12-13 23:00:00.000000 +00:00
LGA,2013,12,13,19,33.98,12.92,41.33,270,11.5078,18.41248,0,1025.3,10,2013-12-14 00:00:00.000000 +00:00
LGA,2013,12,13,20,33.98,12.92,41.33,270,9.20624,,0,1025.6,10,2013-12-14 01:00:00.000000 +00:00
LGA,2013,12,13,21,35.06,12.92,39.58,270,8.05546,,0,1026.1,10,2013-12-14 02:00:00.000000 +00:00
LGA,2013,12,13,22,35.06,12.02,38.04,280,5.7539,,0,1026.6,10,2013-12-14 03:00:00.000000 +00:00
LGA,2013,12,13,23,33.98,15.08,45.43,330,5.7539,,0,1027,10,2013-12-14 04:00:00.000000 +00:00
LGA,2013,12,14,0,33.98,14,43.33,330,6.90468,,0,1027.7,10,2013-12-14 05:00:00.000000 +00:00
LGA,2013,12,14,1,30.02,19.04,63.24,40,12.65858,,0,1028.2,10,2013-12-14 06:00:00.000000 +00:00
LGA,2013,12,14,2,28.04,17.96,65.47,30,12.65858,,0,1029,10,2013-12-14 07:00:00.000000 +00:00
LGA,2013,12,14,3,28.04,17.06,62.97,30,10.35702,,0,1029.1,10,2013-12-14 08:00:00.000000 +00:00
LGA,2013,12,14,4,26.96,15.98,62.83,30,12.65858,,0,1029.5,10,2013-12-14 09:00:00.000000 +00:00
LGA,2013,12,14,5,26.06,15.98,65.21,30,11.5078,,0,1030.5,10,2013-12-14 10:00:00.000000 +00:00
LGA,2013,12,14,6,26.06,17.06,68.33,50,13.80936,,0,1031.1,10,2013-12-14 11:00:00.000000 +00:00
LGA,2013,12,14,7,26.6,19.94,79.62,60,16.11092,,0,,8,2013-12-14 12:00:00.000000 +00:00
LGA,2013,12,14,8,26.6,19.94,77.32,60,16.11092,,0,,2,2013-12-14 13:00:00.000000 +00:00
LGA,2013,12,14,9,26.96,21.2,85.96,70,13.80936,,0,,2,2013-12-14 14:00:00.000000 +00:00
LGA,2013,12,14,10,26.6,21.2,80.96,70,17.2617,,0.01,,2,2013-12-14 15:00:00.000000 +00:00
LGA,2013,12,14,11,24.98,21.2,85.96,70,24.16638,,0,,2,2013-12-14 16:00:00.000000 +00:00
LGA,2013,12,14,12,24.98,19.94,80.87,60,23.0156,28.7695,0,,2,2013-12-14 17:00:00.000000 +00:00
LGA,2013,12,14,13,24.8,19.94,83.96,70,21.86482,,0,,2,2013-12-14 18:00:00.000000 +00:00
LGA,2013,12,14,14,24.98,21.02,84.67,70,16.11092,,0.02,1028,1,2013-12-14 19:00:00.000000 +00:00
LGA,2013,12,14,15,24.98,19.94,80.87,80,18.41248,,0.01,1027.3,1,2013-12-14 20:00:00.000000 +00:00
LGA,2013,12,14,16,26.6,21.2,85.96,70,19.56326,,0.03,,1,2013-12-14 21:00:00.000000 +00:00
LGA,2013,12,14,17,26.6,21.92,84.1,60,21.86482,,0.01,,1,2013-12-14 22:00:00.000000 +00:00
LGA,2013,12,14,18,26.6,23,88.01,60,24.16638,31.07106,0.02,,2,2013-12-14 23:00:00.000000 +00:00
LGA,2013,12,14,19,26.6,23,87.96,50,19.56326,28.7695,0.02,,0,2013-12-15 00:00:00.000000 +00:00
LGA,2013,12,14,20,26.96,24.08,88.73,60,25.31716,29.92028,0.06,,0,2013-12-15 01:00:00.000000 +00:00
LGA,2013,12,14,21,28.94,26.6,92.86,60,28.7695,,0.06,,4,2013-12-15 02:00:00.000000 +00:00
LGA,2013,12,14,22,33.8,30.2,88.37,50,20.71404,,0.04,,4,2013-12-15 03:00:00.000000 +00:00
LGA,2013,12,14,23,35.6,33.8,93.08,60,19.56326,,0.14,,4,2013-12-15 04:00:00.000000 +00:00
LGA,2013,12,15,0,35.6,33.98,95.79,50,24.16638,31.07106,0.29,,2,2013-12-15 05:00:00.000000 +00:00
LGA,2013,12,15,1,37.04,35.96,95.82,70,14.96014,24.16638,0.25,1003.4,2,2013-12-15 06:00:00.000000 +00:00
LGA,2013,12,15,2,35.96,33.98,92.43,30,19.56326,29.92028,0.22,1001.2,2,2013-12-15 07:00:00.000000 +00:00
LGA,2013,12,15,3,35.96,33.8,93.08,50,27.61872,41.42808,0.02,,2,2013-12-15 08:00:00.000000 +00:00
LGA,2013,12,15,4,35.06,33.08,92.4,350,13.80936,,0,999.5,3,2013-12-15 09:00:00.000000 +00:00
LGA,2013,12,15,5,32,30.02,92.29,330,10.35702,,0.01,1000.1,5,2013-12-15 10:00:00.000000 +00:00
LGA,2013,12,15,6,32,28.94,88.32,320,9.20624,,0,1000.4,8,2013-12-15 11:00:00.000000 +00:00
LGA,2013,12,15,7,30.92,26.96,85.05,300,14.96014,,0,1000.7,8,2013-12-15 12:00:00.000000 +00:00
LGA,2013,12,15,8,30.92,26.6,86.28,300,14.96014,,0,,10,2013-12-15 13:00:00.000000 +00:00
LGA,2013,12,15,9,32,26.96,81.42,290,8.05546,,0,1001.5,10,2013-12-15 14:00:00.000000 +00:00
LGA,2013,12,15,10,33.98,28.04,78.62,280,9.20624,,0,1001.9,10,2013-12-15 15:00:00.000000 +00:00
LGA,2013,12,15,11,35.6,28.4,80.36,280,18.41248,,0,,10,2013-12-15 16:00:00.000000 +00:00
LGA,2013,12,15,12,37.04,28.94,72.24,290,13.80936,25.31716,0,1002.2,10,2013-12-15 17:00:00.000000 +00:00
LGA,2013,12,15,13,37.94,28.94,69.73,280,14.96014,24.16638,0,,10,2013-12-15 18:00:00.000000 +00:00
LGA,2013,12,15,14,39.02,26.96,61.63,290,17.2617,27.61872,0,1004.2,10,2013-12-15 19:00:00.000000 +00:00
LGA,2013,12,15,15,37.94,26.06,61.94,290,13.80936,21.86482,0,1005.7,10,2013-12-15 20:00:00.000000 +00:00
LGA,2013,12,15,16,37.94,26.06,61.94,260,13.80936,17.2617,0,1006.4,10,2013-12-15 21:00:00.000000 +00:00
LGA,2013,12,15,17,37.94,26.06,61.94,290,12.65858,21.86482,0,1007.2,10,2013-12-15 22:00:00.000000 +00:00
LGA,2013,12,15,18,37.94,24.08,57.04,250,11.5078,,0,1008,10,2013-12-15 23:00:00.000000 +00:00
LGA,2013,12,15,19,37.04,21.92,53.97,260,17.2617,25.31716,0,1008.8,10,2013-12-16 00:00:00.000000 +00:00
LGA,2013,12,15,20,35.96,19.94,51.78,260,18.41248,27.61872,0,1009.6,10,2013-12-16 01:00:00.000000 +00:00
LGA,2013,12,15,21,33.98,19.94,56.02,260,12.65858,,0,1010.2,10,2013-12-16 02:00:00.000000 +00:00
LGA,2013,12,15,22,33.98,17.06,49.51,250,13.80936,25.31716,0,1010.7,10,2013-12-16 03:00:00.000000 +00:00
LGA,2013,12,15,23,33.08,17.96,53.36,240,11.5078,19.56326,0,1010.5,10,2013-12-16 04:00:00.000000 +00:00
LGA,2013,12,16,0,33.08,17.96,53.36,240,13.80936,23.0156,0,1010.5,10,2013-12-16 05:00:00.000000 +00:00
LGA,2013,12,16,1,33.08,19.04,55.89,240,11.5078,20.71404,0,1010.9,10,2013-12-16 06:00:00.000000 +00:00
LGA,2013,12,16,2,33.08,19.04,55.89,250,12.65858,18.41248,0,1011.8,10,2013-12-16 07:00:00.000000 +00:00
LGA,2013,12,16,3,33.08,15.98,48.98,300,13.80936,25.31716,0,1012.4,10,2013-12-16 08:00:00.000000 +00:00
LGA,2013,12,16,4,30.92,14,49.01,300,21.86482,26.46794,0,1013.4,10,2013-12-16 09:00:00.000000 +00:00
LGA,2013,12,16,5,28.94,12.02,48.69,270,14.96014,24.16638,0,1014.9,10,2013-12-16 10:00:00.000000 +00:00
LGA,2013,12,16,6,26.96,10.04,48.36,260,14.96014,26.46794,0,1016,10,2013-12-16 11:00:00.000000 +00:00
LGA,2013,12,16,7,26.96,8.96,46.08,260,16.11092,20.71404,0,1016.8,10,2013-12-16 12:00:00.000000 +00:00
LGA,2013,12,16,8,26.96,8.06,44.25,270,14.96014,25.31716,0,1018.1,10,2013-12-16 13:00:00.000000 +00:00
LGA,2013,12,16,9,26.96,8.96,46.08,290,16.11092,24.16638,0,1018.6,10,2013-12-16 14:00:00.000000 +00:00
LGA,2013,12,16,10,26.96,8.96,46.08,290,11.5078,23.0156,0,1018.6,10,2013-12-16 15:00:00.000000 +00:00
LGA,2013,12,16,11,28.94,8.96,42.48,310,12.65858,20.71404,0,1018.1,10,2013-12-16 16:00:00.000000 +00:00
LGA,2013,12,16,12,28.94,6.98,38.85,300,14.96014,23.0156,0,1018,10,2013-12-16 17:00:00.000000 +00:00
LGA,2013,12,16,13,30.02,6.98,37.17,280,13.80936,,0,1018.1,10,2013-12-16 18:00:00.000000 +00:00
LGA,2013,12,16,14,30.02,6.98,37.17,300,12.65858,19.56326,0,1018.9,10,2013-12-16 19:00:00.000000 +00:00
LGA,2013,12,16,15,28.94,6.98,38.85,330,10.35702,,0,1019.8,10,2013-12-16 20:00:00.000000 +00:00
LGA,2013,12,16,16,28.94,8.06,40.79,310,9.20624,,0,1020.7,10,2013-12-16 21:00:00.000000 +00:00
LGA,2013,12,16,17,28.04,8.06,42.32,310,9.20624,,0,1021.3,10,2013-12-16 22:00:00.000000 +00:00
LGA,2013,12,16,18,28.94,6.98,38.85,300,10.35702,,0,1022.6,10,2013-12-16 23:00:00.000000 +00:00
LGA,2013,12,16,19,28.04,6.98,40.31,300,9.20624,,0,1023.1,10,2013-12-17 00:00:00.000000 +00:00
LGA,2013,12,16,20,28.04,8.06,42.32,290,9.20624,,0,1023.5,10,2013-12-17 01:00:00.000000 +00:00
LGA,2013,12,16,21,26.96,10.04,48.36,310,8.05546,,0,1023.4,10,2013-12-17 02:00:00.000000 +00:00
LGA,2013,12,16,22,26.06,8.96,47.82,310,9.20624,,0,1023.8,10,2013-12-17 03:00:00.000000 +00:00
LGA,2013,12,16,23,26.06,8.06,45.93,0,0,,0,1024,10,2013-12-17 04:00:00.000000 +00:00
LGA,2013,12,17,0,26.96,6.98,42.14,0,0,,0,1023.4,10,2013-12-17 05:00:00.000000 +00:00
LGA,2013,12,17,1,26.96,8.06,44.25,20,3.45234,,0,1023.4,10,2013-12-17 06:00:00.000000 +00:00
LGA,2013,12,17,2,26.96,6.98,42.14,80,5.7539,,0,1023.2,10,2013-12-17 07:00:00.000000 +00:00
LGA,2013,12,17,3,26.96,8.96,46.08,100,5.7539,,0,1022.7,10,2013-12-17 08:00:00.000000 +00:00
LGA,2013,12,17,4,26.96,10.04,48.36,90,6.90468,,0,1021.9,10,2013-12-17 09:00:00.000000 +00:00
LGA,2013,12,17,5,24.98,12.02,57.33,100,6.90468,,0,1022.5,6,2013-12-17 10:00:00.000000 +00:00
LGA,2013,12,17,6,24.8,17.96,77.14,110,8.05546,,0,,2,2013-12-17 11:00:00.000000 +00:00
LGA,2013,12,17,7,24.98,19.4,79.62,80,10.35702,,0.02,,2,2013-12-17 12:00:00.000000 +00:00
LGA,2013,12,17,8,24.98,19.4,79.62,70,10.35702,,0,,6,2013-12-17 13:00:00.000000 +00:00
LGA,2013,12,17,9,26.06,19.94,79.62,70,11.5078,,0,,3,2013-12-17 14:00:00.000000 +00:00
LGA,2013,12,17,10,28.04,21.92,79.77,70,10.35702,,0,,6,2013-12-17 15:00:00.000000 +00:00
LGA,2013,12,17,11,28.4,24.8,86.18,60,11.5078,,0.02,,2,2013-12-17 16:00:00.000000 +00:00
LGA,2013,12,17,12,30.02,24.98,81.27,60,11.5078,,0.03,1015.6,2,2013-12-17 17:00:00.000000 +00:00
LGA,2013,12,17,13,32,28.4,88.92,60,12.65858,,0.04,,2,2013-12-17 18:00:00.000000 +00:00
LGA,2013,12,17,14,30.2,26.6,86.28,40,16.11092,,0,,3,2013-12-17 19:00:00.000000 +00:00
LGA,2013,12,17,15,28.94,26.06,88.82,350,9.20624,,0.03,1014.7,3,2013-12-17 20:00:00.000000 +00:00
LGA,2013,12,17,16,30.2,26.6,86.28,360,11.5078,,0.02,,1,2013-12-17 21:00:00.000000 +00:00
LGA,2013,12,17,17,26.6,21.2,80.96,350,11.5078,,0,,7,2013-12-17 22:00:00.000000 +00:00
LGA,2013,12,17,18,24.98,19.94,80.87,360,10.35702,,0,1015.7,10,2013-12-17 23:00:00.000000 +00:00
LGA,2013,12,17,19,24.98,19.4,79.62,360,10.35702,,0,,10,2013-12-18 00:00:00.000000 +00:00
LGA,2013,12,17,20,24.98,19.04,77.82,360,6.90468,,0,1015.3,10,2013-12-18 01:00:00.000000 +00:00
LGA,2013,12,17,21,24.08,17.96,77.14,10,8.05546,,0,1014.9,10,2013-12-18 02:00:00.000000 +00:00
LGA,2013,12,17,22,24.08,17.96,77.14,360,6.90468,,0,1014.6,10,2013-12-18 03:00:00.000000 +00:00
LGA,2013,12,17,23,24.08,17.06,74.2,20,9.20624,,0,1014.1,10,2013-12-18 04:00:00.000000 +00:00
LGA,2013,12,18,0,24.08,19.04,80.8,340,9.20624,,0,1013.7,10,2013-12-18 05:00:00.000000 +00:00
LGA,2013,12,18,1,24.98,17.96,74.29,350,10.35702,,0,1013.3,10,2013-12-18 06:00:00.000000 +00:00
LGA,2013,12,18,2,24.98,17.96,74.29,340,10.35702,,0,1014.3,10,2013-12-18 07:00:00.000000 +00:00
LGA,2013,12,18,3,24.98,17.96,74.29,320,14.96014,,0,1014.2,10,2013-12-18 08:00:00.000000 +00:00
LGA,2013,12,18,4,24.98,17.96,74.29,330,11.5078,,0,1014.7,10,2013-12-18 09:00:00.000000 +00:00
LGA,2013,12,18,5,24.98,17.96,74.29,350,6.90468,,0,1015.3,10,2013-12-18 10:00:00.000000 +00:00
LGA,2013,12,18,6,26.06,17.96,71.04,310,6.90468,,0,1016,10,2013-12-18 11:00:00.000000 +00:00
LGA,2013,12,18,7,26.06,17.96,71.04,310,5.7539,,0,1016.5,10,2013-12-18 12:00:00.000000 +00:00
LGA,2013,12,18,8,28.04,19.04,68.57,310,9.20624,,0,1017.1,10,2013-12-18 13:00:00.000000 +00:00
LGA,2013,12,18,9,30.02,19.94,65.72,310,9.20624,,0,1017.6,10,2013-12-18 14:00:00.000000 +00:00
LGA,2013,12,18,10,32,21.02,63.51,300,13.80936,,0,1017.5,10,2013-12-18 15:00:00.000000 +00:00
LGA,2013,12,18,11,33.98,21.02,58.66,300,11.5078,,0,1017,10,2013-12-18 16:00:00.000000 +00:00
LGA,2013,12,18,12,35.96,21.02,54.21,320,17.2617,23.0156,0,1016.9,10,2013-12-18 17:00:00.000000 +00:00
LGA,2013,12,18,13,35.96,19.94,51.78,280,9.20624,18.41248,0,1016.9,10,2013-12-18 18:00:00.000000 +00:00
LGA,2013,12,18,14,37.04,19.04,47.75,290,10.35702,24.16638,0,1017.6,10,2013-12-18 19:00:00.000000 +00:00
LGA,2013,12,18,15,37.04,19.04,47.75,270,14.96014,20.71404,0,1018.2,10,2013-12-18 20:00:00.000000 +00:00
LGA,2013,12,18,16,35.06,17.06,47.42,260,18.41248,21.86482,0,1019.2,10,2013-12-18 21:00:00.000000 +00:00
LGA,2013,12,18,17,33.98,17.06,49.51,270,17.2617,21.86482,0,1019.8,10,2013-12-18 22:00:00.000000 +00:00
LGA,2013,12,18,18,35.06,17.96,49.3,260,13.80936,,0,1020.4,10,2013-12-18 23:00:00.000000 +00:00
LGA,2013,12,18,19,35.06,17.06,47.42,260,13.80936,27.61872,0,1021,10,2013-12-19 00:00:00.000000 +00:00
LGA,2013,12,18,20,35.06,17.06,47.42,260,17.2617,24.16638,0,1021.3,10,2013-12-19 01:00:00.000000 +00:00
LGA,2013,12,18,21,33.98,15.98,47.25,260,16.11092,,0,1021.3,10,2013-12-19 02:00:00.000000 +00:00
LGA,2013,12,18,22,33.98,17.06,49.51,250,13.80936,23.0156,0,1021.4,10,2013-12-19 03:00:00.000000 +00:00
LGA,2013,12,18,23,33.98,15.98,47.25,260,18.41248,26.46794,0,1021.3,10,2013-12-19 04:00:00.000000 +00:00
LGA,2013,12,19,0,32,17.06,53.6,260,16.11092,,0,1021.8,10,2013-12-19 05:00:00.000000 +00:00
LGA,2013,12,19,1,32,17.06,53.6,250,11.5078,,0,1021.7,10,2013-12-19 06:00:00.000000 +00:00
LGA,2013,12,19,2,32,17.06,53.6,260,9.20624,,0,1022,10,2013-12-19 07:00:00.000000 +00:00
LGA,2013,12,19,3,30.92,17.06,55.99,230,9.20624,,0,1021.8,10,2013-12-19 08:00:00.000000 +00:00
LGA,2013,12,19,4,30.92,17.96,58.21,230,8.05546,,0,1021.6,10,2013-12-19 09:00:00.000000 +00:00
LGA,2013,12,19,5,30.92,17.96,58.21,210,10.35702,,0,1021.3,10,2013-12-19 10:00:00.000000 +00:00
LGA,2013,12,19,6,32,21.02,63.51,210,9.20624,,0,1021.1,10,2013-12-19 11:00:00.000000 +00:00
LGA,2013,12,19,7,33.08,19.94,58.08,220,8.05546,,0,1020.5,10,2013-12-19 12:00:00.000000 +00:00
LGA,2013,12,19,8,35.06,21.92,58.37,210,5.7539,,0,1020.5,10,2013-12-19 13:00:00.000000 +00:00
LGA,2013,12,19,9,37.04,23,56.48,230,11.5078,,0,1020.3,10,2013-12-19 14:00:00.000000 +00:00
LGA,2013,12,19,10,37.94,21.92,52.09,220,9.20624,,0,1019.7,10,2013-12-19 15:00:00.000000 +00:00
LGA,2013,12,19,11,39.02,23,52.26,210,11.5078,,0,1018.4,10,2013-12-19 16:00:00.000000 +00:00
LGA,2013,12,19,12,41,21.92,46.23,230,12.65858,,0,1017.7,10,2013-12-19 17:00:00.000000 +00:00
LGA,2013,12,19,13,42.98,23,44.83,220,12.65858,,0,1017,10,2013-12-19 18:00:00.000000 +00:00
LGA,2013,12,19,14,44.06,24.08,45.01,220,9.20624,,0,1017.2,10,2013-12-19 19:00:00.000000 +00:00
LGA,2013,12,19,15,44.06,24.08,45.01,230,8.05546,,0,1017.6,10,2013-12-19 20:00:00.000000 +00:00
LGA,2013,12,19,16,44.06,24.98,46.73,210,5.7539,,0,1018.3,10,2013-12-19 21:00:00.000000 +00:00
LGA,2013,12,19,17,44.06,26.06,48.87,210,5.7539,,0,1019.1,10,2013-12-19 22:00:00.000000 +00:00
LGA,2013,12,19,18,44.06,26.96,50.73,210,11.5078,,0,1019.6,10,2013-12-19 23:00:00.000000 +00:00
LGA,2013,12,19,19,44.06,26.96,50.73,200,8.05546,,0,1019.9,10,2013-12-20 00:00:00.000000 +00:00
LGA,2013,12,19,20,44.06,26.96,50.73,200,8.05546,,0,1019.8,10,2013-12-20 01:00:00.000000 +00:00
LGA,2013,12,19,21,44.06,26.96,50.73,220,4.60312,,0,1019.8,10,2013-12-20 02:00:00.000000 +00:00
LGA,2013,12,19,22,44.06,28.04,53.03,0,0,,0,1019.6,10,2013-12-20 03:00:00.000000 +00:00
LGA,2013,12,19,23,42.98,26.96,52.87,0,0,,0,1019.5,10,2013-12-20 04:00:00.000000 +00:00
LGA,2013,12,20,0,42.08,28.04,57.22,0,0,,0,1019.4,10,2013-12-20 05:00:00.000000 +00:00
LGA,2013,12,20,1,41,28.94,61.89,0,0,,0,1019.2,10,2013-12-20 06:00:00.000000 +00:00
LGA,2013,12,20,2,42.08,28.04,57.22,190,4.60312,,0,1019.2,10,2013-12-20 07:00:00.000000 +00:00
LGA,2013,12,20,3,39.02,26.96,61.63,190,3.45234,,0,1019,10,2013-12-20 08:00:00.000000 +00:00
LGA,2013,12,20,4,41,28.94,61.89,170,4.60312,,0,1018.7,10,2013-12-20 09:00:00.000000 +00:00
LGA,2013,12,20,5,42.08,30.02,62.04,170,5.7539,,0,1018.6,10,2013-12-20 10:00:00.000000 +00:00
LGA,2013,12,20,6,42.08,30.02,62.04,190,4.60312,,0,1018.7,10,2013-12-20 11:00:00.000000 +00:00
LGA,2013,12,20,7,42.98,30.02,59.93,180,8.05546,,0,1019.1,10,2013-12-20 12:00:00.000000 +00:00
LGA,2013,12,20,8,44.06,30.02,57.5,190,4.60312,,0,1018.2,10,2013-12-20 13:00:00.000000 +00:00
LGA,2013,12,20,9,46.04,28.94,51.03,200,6.90468,,0,1018,10,2013-12-20 14:00:00.000000 +00:00
LGA,2013,12,20,10,48.02,28.94,47.36,220,11.5078,,0,1017.4,10,2013-12-20 15:00:00.000000 +00:00
LGA,2013,12,20,11,48.02,28.94,47.36,220,9.20624,,0,1016.8,10,2013-12-20 16:00:00.000000 +00:00
LGA,2013,12,20,12,48.92,28.94,45.79,220,10.35702,,0,1015.9,10,2013-12-20 17:00:00.000000 +00:00
LGA,2013,12,20,13,50,28.94,43.99,220,9.20624,,0,1015.4,10,2013-12-20 18:00:00.000000 +00:00
LGA,2013,12,20,14,51.08,28.94,42.26,220,12.65858,18.41248,0,1015.1,10,2013-12-20 19:00:00.000000 +00:00
LGA,2013,12,20,15,51.08,30.02,44.16,240,6.90468,,0,1015.2,10,2013-12-20 20:00:00.000000 +00:00
LGA,2013,12,20,16,51.08,30.02,44.16,220,5.7539,,0,1015.7,10,2013-12-20 21:00:00.000000 +00:00
LGA,2013,12,20,17,51.08,30.02,44.16,230,8.05546,,0,1015.8,10,2013-12-20 22:00:00.000000 +00:00
LGA,2013,12,20,18,51.98,30.92,44.31,210,12.65858,,0,1015.2,10,2013-12-20 23:00:00.000000 +00:00
LGA,2013,12,20,19,51.98,32,46.28,230,8.05546,,0,1015.8,10,2013-12-21 00:00:00.000000 +00:00
LGA,2013,12,20,20,51.98,35.06,52.32,220,9.20624,,0,1016,10,2013-12-21 01:00:00.000000 +00:00
LGA,2013,12,20,21,51.08,39.02,63.22,220,8.05546,,0,1015.5,10,2013-12-21 02:00:00.000000 +00:00
LGA,2013,12,20,22,51.98,41,66.04,220,9.20624,16.11092,0,1015.4,10,2013-12-21 03:00:00.000000 +00:00
LGA,2013,12,20,23,51.08,44.06,76.8,230,6.90468,,0,1015.2,10,2013-12-21 04:00:00.000000 +00:00
LGA,2013,12,21,0,51.08,44.06,76.8,220,6.90468,,0,1014.9,10,2013-12-21 05:00:00.000000 +00:00
LGA,2013,12,21,1,51.08,44.06,76.8,230,5.7539,,0,1014.8,10,2013-12-21 06:00:00.000000 +00:00
LGA,2013,12,21,2,51.08,44.96,79.48,220,4.60312,,0,1015.4,10,2013-12-21 07:00:00.000000 +00:00
LGA,2013,12,21,3,51.08,44.96,79.48,210,4.60312,,0,1015.1,10,2013-12-21 08:00:00.000000 +00:00
LGA,2013,12,21,4,50,46.04,86.19,230,6.90468,,0,1014.7,10,2013-12-21 09:00:00.000000 +00:00
LGA,2013,12,21,5,51.08,44.96,79.48,230,6.90468,,0,1015,10,2013-12-21 10:00:00.000000 +00:00
LGA,2013,12,21,6,51.08,44.96,79.48,220,5.7539,,0,1014.9,10,2013-12-21 11:00:00.000000 +00:00
LGA,2013,12,21,7,51.98,44.96,76.88,230,8.05546,,0,1015.1,10,2013-12-21 12:00:00.000000 +00:00
LGA,2013,12,21,8,53.06,44.96,73.89,230,6.90468,,0,1015.5,10,2013-12-21 13:00:00.000000 +00:00
LGA,2013,12,21,9,55.04,44.96,68.73,240,6.90468,,0,1016,10,2013-12-21 14:00:00.000000 +00:00
LGA,2013,12,21,10,55.04,44.96,68.73,230,11.5078,18.41248,0,1015.7,10,2013-12-21 15:00:00.000000 +00:00
LGA,2013,12,21,11,57.02,44.96,63.97,210,10.35702,,0,1013.9,10,2013-12-21 16:00:00.000000 +00:00
LGA,2013,12,21,12,57.92,46.04,64.52,230,14.96014,20.71404,0,1013.1,10,2013-12-21 17:00:00.000000 +00:00
LGA,2013,12,21,13,60.08,46.04,59.72,240,8.05546,,0,1012.7,10,2013-12-21 18:00:00.000000 +00:00
LGA,2013,12,21,14,59,46.04,62.07,160,4.60312,,0,1012.7,10,2013-12-21 19:00:00.000000 +00:00
LGA,2013,12,21,15,57.92,46.04,64.52,190,3.45234,,0,1013,10,2013-12-21 20:00:00.000000 +00:00
LGA,2013,12,21,16,55.94,44.96,66.52,140,5.7539,,0,1013.3,10,2013-12-21 21:00:00.000000 +00:00
LGA,2013,12,21,17,55.94,46.04,69.3,150,6.90468,,0,1013.8,10,2013-12-21 22:00:00.000000 +00:00
LGA,2013,12,21,18,55.94,46.04,69.3,180,5.7539,,0,1014.3,9,2013-12-21 23:00:00.000000 +00:00
LGA,2013,12,21,19,55.94,46.94,71.7,190,9.20624,,0,1013.8,10,2013-12-22 00:00:00.000000 +00:00
LGA,2013,12,21,20,53.96,46.94,77.06,200,6.90468,,0,1013.6,10,2013-12-22 01:00:00.000000 +00:00
LGA,2013,12,21,21,55.04,48.02,77.15,190,5.7539,,0,1013.5,10,2013-12-22 02:00:00.000000 +00:00
LGA,2013,12,21,22,55.94,48.92,77.23,180,10.35702,,0,1012.9,10,2013-12-22 03:00:00.000000 +00:00
LGA,2013,12,21,23,55.04,48.92,79.8,180,10.35702,,0,1012.7,10,2013-12-22 04:00:00.000000 +00:00
LGA,2013,12,22,0,55.04,48.92,79.8,180,8.05546,,0,1012.3,10,2013-12-22 05:00:00.000000 +00:00
LGA,2013,12,22,1,53.06,48.92,85.78,180,9.20624,,0,1011.9,10,2013-12-22 06:00:00.000000 +00:00
LGA,2013,12,22,2,55.4,50,83.08,180,11.5078,,0,,10,2013-12-22 07:00:00.000000 +00:00
LGA,2013,12,22,3,55.04,51.98,89.4,210,4.60312,,0,1010.8,9,2013-12-22 08:00:00.000000 +00:00
LGA,2013,12,22,4,55.04,51.98,89.4,170,3.45234,,0.01,1010.7,8,2013-12-22 09:00:00.000000 +00:00
LGA,2013,12,22,5,53.6,50,89.31,180,11.5078,,0,,6,2013-12-22 10:00:00.000000 +00:00
LGA,2013,12,22,6,55.4,51.98,93.6,190,12.65858,,0,,10,2013-12-22 11:00:00.000000 +00:00
LGA,2013,12,22,7,55.04,51.98,89.4,180,11.5078,,0,1010.9,7,2013-12-22 12:00:00.000000 +00:00
LGA,2013,12,22,8,55.94,51.98,86.52,170,11.5078,,0,1011.6,8,2013-12-22 13:00:00.000000 +00:00
LGA,2013,12,22,9,59,53.96,83.34,200,8.05546,,0,1012.2,10,2013-12-22 14:00:00.000000 +00:00
LGA,2013,12,22,10,68,59,77.29,240,18.41248,,0,,10,2013-12-22 15:00:00.000000 +00:00
LGA,2013,12,22,11,68,57.02,67.91,240,12.65858,,0,1012.5,10,2013-12-22 16:00:00.000000 +00:00
LGA,2013,12,22,12,68,55.94,65.31,230,11.5078,,0,1012.3,10,2013-12-22 17:00:00.000000 +00:00
LGA,2013,12,22,13,69.08,55.94,62.93,200,13.80936,,0,1011.3,10,2013-12-22 18:00:00.000000 +00:00
LGA,2013,12,22,14,60.08,53.96,80.19,180,13.80936,,0,1011.2,10,2013-12-22 19:00:00.000000 +00:00
LGA,2013,12,22,15,60.98,55.04,80.78,180,16.11092,,0,1011.1,10,2013-12-22 20:00:00.000000 +00:00
LGA,2013,12,22,16,62.06,53.96,74.75,190,9.20624,,0,1012.1,10,2013-12-22 21:00:00.000000 +00:00
LGA,2013,12,22,17,60.98,53.06,75.14,190,16.11092,,0,1011.6,10,2013-12-22 22:00:00.000000 +00:00
LGA,2013,12,22,18,64.04,53.06,67.46,270,12.65858,20.71404,0,1013.3,10,2013-12-22 23:00:00.000000 +00:00
LGA,2013,12,22,19,64.04,53.06,67.46,220,10.35702,16.11092,0,1013.7,10,2013-12-23 00:00:00.000000 +00:00
LGA,2013,12,22,20,64.04,53.96,69.72,220,5.7539,,0,1013.5,10,2013-12-23 01:00:00.000000 +00:00
LGA,2013,12,22,21,64.04,53.96,69.72,210,8.05546,,0,1014.5,10,2013-12-23 02:00:00.000000 +00:00
LGA,2013,12,22,22,62.96,53.96,72.42,190,8.05546,,0,1014.3,10,2013-12-23 03:00:00.000000 +00:00
LGA,2013,12,22,23,62.96,55.04,75.33,210,8.05546,,0,1014.6,10,2013-12-23 04:00:00.000000 +00:00
LGA,2013,12,23,0,62.06,55.04,77.75,180,6.90468,,0,1014.4,10,2013-12-23 05:00:00.000000 +00:00
LGA,2013,12,23,1,60.08,53.06,77.59,180,5.7539,,0,1014.8,10,2013-12-23 06:00:00.000000 +00:00
LGA,2013,12,23,2,60.08,53.96,80.19,200,4.60312,,0,1014.6,10,2013-12-23 07:00:00.000000 +00:00
LGA,2013,12,23,3,62.06,55.04,77.75,230,9.20624,,0,,10,2013-12-23 08:00:00.000000 +00:00
LGA,2013,12,23,4,62.06,55.04,77.75,230,6.90468,,0,1014.6,10,2013-12-23 09:00:00.000000 +00:00
LGA,2013,12,23,5,60.98,55.94,83.47,220,5.7539,,0.02,,10,2013-12-23 10:00:00.000000 +00:00
LGA,2013,12,23,6,59,55.94,89.57,40,3.45234,,0.07,1014.8,7,2013-12-23 11:00:00.000000 +00:00
LGA,2013,12,23,7,57.92,55.04,90.11,0,0,,0.04,1015,5,2013-12-23 12:00:00.000000 +00:00
LGA,2013,12,23,8,57.2,53.6,93.65,,5.7539,,0.04,,3,2013-12-23 13:00:00.000000 +00:00
LGA,2013,12,23,9,57.92,55.94,93.69,170,8.05546,,0.03,,3,2013-12-23 14:00:00.000000 +00:00
LGA,2013,12,23,10,57.2,55.4,93.69,160,8.05546,,0.01,,2,2013-12-23 15:00:00.000000 +00:00
LGA,2013,12,23,11,57.02,55.04,93.08,190,4.60312,,0.04,1012.2,2,2013-12-23 16:00:00.000000 +00:00
LGA,2013,12,23,12,57.2,53.96,93.05,310,12.65858,,0.06,,4,2013-12-23 17:00:00.000000 +00:00
LGA,2013,12,23,13,51.98,48.2,87.47,350,17.2617,25.31716,0.06,,6,2013-12-23 18:00:00.000000 +00:00
LGA,2013,12,23,14,51.8,48.2,89.17,320,9.20624,,0.03,,8,2013-12-23 19:00:00.000000 +00:00
LGA,2013,12,23,15,50,46.04,86.19,320,5.7539,,0.05,1016,9,2013-12-23 20:00:00.000000 +00:00
LGA,2013,12,23,16,50,46.04,86.19,330,8.05546,,0.04,1016.2,10,2013-12-23 21:00:00.000000 +00:00
LGA,2013,12,23,17,50,46.04,86.19,320,6.90468,,0,1017.3,10,2013-12-23 22:00:00.000000 +00:00
LGA,2013,12,23,18,50,46.04,86.19,320,5.7539,,0.01,1017.6,10,2013-12-23 23:00:00.000000 +00:00
LGA,2013,12,23,19,51.08,46.04,82.81,350,8.05546,,0,1017.2,10,2013-12-24 00:00:00.000000 +00:00
LGA,2013,12,23,20,46.4,42.8,87.19,320,17.2617,,0.01,,10,2013-12-24 01:00:00.000000 +00:00
LGA,2013,12,23,21,44.6,39.2,81.2,350,17.2617,,0.02,,10,2013-12-24 02:00:00.000000 +00:00
LGA,2013,12,23,22,42.98,33.8,70.28,340,17.2617,21.86482,0,,10,2013-12-24 03:00:00.000000 +00:00
LGA,2013,12,23,23,42.08,30.92,64.35,320,10.35702,,0,1021,10,2013-12-24 04:00:00.000000 +00:00
LGA,2013,12,24,0,41,26.06,54.97,340,19.56326,26.46794,0,1020.2,10,2013-12-24 05:00:00.000000 +00:00
LGA,2013,12,24,1,39.02,24.98,56.77,340,14.96014,,0,1020.2,10,2013-12-24 06:00:00.000000 +00:00
LGA,2013,12,24,2,37.94,21.92,52.09,340,10.35702,20.71404,0,1021.3,10,2013-12-24 07:00:00.000000 +00:00
LGA,2013,12,24,3,37.04,21.02,51.95,350,9.20624,,0,1021.4,10,2013-12-24 08:00:00.000000 +00:00
LGA,2013,12,24,4,35.96,19.94,51.78,340,14.96014,,0,1020.7,10,2013-12-24 09:00:00.000000 +00:00
LGA,2013,12,24,5,35.96,19.94,51.78,330,11.5078,,0,1020.9,10,2013-12-24 10:00:00.000000 +00:00
LGA,2013,12,24,6,35.06,19.94,53.66,360,11.5078,,0,1020.9,10,2013-12-24 11:00:00.000000 +00:00
LGA,2013,12,24,7,33.98,21.02,58.66,360,11.5078,,0,1020.9,10,2013-12-24 12:00:00.000000 +00:00
LGA,2013,12,24,8,33.98,24.08,66.72,10,11.5078,,0,1021.4,10,2013-12-24 13:00:00.000000 +00:00
LGA,2013,12,24,9,35.06,23,61.08,340,11.5078,,0,1021.8,10,2013-12-24 14:00:00.000000 +00:00
LGA,2013,12,24,10,35.96,21.92,56.32,320,11.5078,,0,1021.2,10,2013-12-24 15:00:00.000000 +00:00
LGA,2013,12,24,11,37.94,21.02,50.14,350,10.35702,,0,1019.7,10,2013-12-24 16:00:00.000000 +00:00
LGA,2013,12,24,12,39.02,21.02,48.07,350,8.05546,,0,1019.1,10,2013-12-24 17:00:00.000000 +00:00
LGA,2013,12,24,13,39.02,19.04,44.18,330,16.11092,20.71404,0,1018.9,10,2013-12-24 18:00:00.000000 +00:00
LGA,2013,12,24,14,39.02,19.04,44.18,330,16.11092,,0,1019.3,10,2013-12-24 19:00:00.000000 +00:00
LGA,2013,12,24,15,37.94,19.94,47.89,330,16.11092,,0,1020.5,10,2013-12-24 20:00:00.000000 +00:00
LGA,2013,12,24,16,35.96,19.94,51.78,330,14.96014,,0,1021.2,10,2013-12-24 21:00:00.000000 +00:00
LGA,2013,12,24,17,35.96,21.02,54.21,300,10.35702,,0,1021.8,10,2013-12-24 22:00:00.000000 +00:00
LGA,2013,12,24,18,35.96,21.02,54.21,290,10.35702,,0,1022.5,10,2013-12-24 23:00:00.000000 +00:00
LGA,2013,12,24,19,33.08,24.98,71.82,300,18.41248,,0,1023.8,10,2013-12-25 00:00:00.000000 +00:00
LGA,2013,12,24,20,32,17.06,53.6,330,20.71404,34.5234,0,1024.8,10,2013-12-25 01:00:00.000000 +00:00
LGA,2013,12,24,21,30.92,12.92,46.74,330,20.71404,28.7695,0,1026,10,2013-12-25 02:00:00.000000 +00:00
LGA,2013,12,24,22,28.94,10.04,44.58,340,17.2617,,0,1026.9,10,2013-12-25 03:00:00.000000 +00:00
LGA,2013,12,24,23,28.04,8.06,42.32,320,17.2617,35.67418,0,1027.3,10,2013-12-25 04:00:00.000000 +00:00
LGA,2013,12,25,0,26.06,8.06,45.93,310,20.71404,32.22184,0,1027.9,10,2013-12-25 05:00:00.000000 +00:00
LGA,2013,12,25,1,24.08,8.96,51.93,310,21.86482,29.92028,0,1029,10,2013-12-25 06:00:00.000000 +00:00
LGA,2013,12,25,2,23,6.98,49.69,340,16.11092,24.16638,0,1029.9,10,2013-12-25 07:00:00.000000 +00:00
LGA,2013,12,25,3,21.92,6.08,49.92,330,18.41248,23.0156,0,1030.5,10,2013-12-25 08:00:00.000000 +00:00
LGA,2013,12,25,4,21.02,6.98,54.03,310,16.11092,21.86482,0,1030.8,10,2013-12-25 09:00:00.000000 +00:00
LGA,2013,12,25,5,19.94,6.08,54.3,330,14.96014,21.86482,0,1031.5,10,2013-12-25 10:00:00.000000 +00:00
LGA,2013,12,25,6,19.94,6.08,54.3,330,14.96014,20.71404,0,1032.3,10,2013-12-25 11:00:00.000000 +00:00
LGA,2013,12,25,7,19.94,6.08,54.3,330,10.35702,,0,1032.7,10,2013-12-25 12:00:00.000000 +00:00
LGA,2013,12,25,8,19.94,6.08,54.3,320,12.65858,,0,1033.5,10,2013-12-25 13:00:00.000000 +00:00
LGA,2013,12,25,9,21.02,3.92,46.98,330,8.05546,,0,1034,10,2013-12-25 14:00:00.000000 +00:00
LGA,2013,12,25,10,23,5,45.41,330,6.90468,,0,1033.5,10,2013-12-25 15:00:00.000000 +00:00
LGA,2013,12,25,11,24.98,5,41.8,310,6.90468,,0,1032.9,10,2013-12-25 16:00:00.000000 +00:00
LGA,2013,12,25,12,26.06,5,39.96,0,0,,0,1032.3,10,2013-12-25 17:00:00.000000 +00:00
LGA,2013,12,25,13,26.06,3.92,38.03,0,0,,0,1032.4,10,2013-12-25 18:00:00.000000 +00:00
LGA,2013,12,25,16,26.96,5,38.5,,4.60312,,0,1033,10,2013-12-25 21:00:00.000000 +00:00
LGA,2013,12,25,17,26.96,5,38.5,100,5.7539,,0,1032.8,10,2013-12-25 22:00:00.000000 +00:00
LGA,2013,12,25,18,26.96,5,38.5,130,8.05546,,0,1033.1,10,2013-12-25 23:00:00.000000 +00:00
LGA,2013,12,25,19,28.04,6.98,40.31,160,8.05546,,0,1032.9,10,2013-12-26 00:00:00.000000 +00:00
LGA,2013,12,25,20,28.04,8.96,44.07,120,6.90468,,0,1032.2,10,2013-12-26 01:00:00.000000 +00:00
LGA,2013,12,25,21,28.94,10.94,46.41,130,6.90468,,0,1032.2,10,2013-12-26 02:00:00.000000 +00:00
LGA,2013,12,25,22,30.02,15.08,53.29,170,8.05546,,0,1031.5,10,2013-12-26 03:00:00.000000 +00:00
LGA,2013,12,25,23,30.02,17.96,60.38,170,8.05546,,0,1030.5,10,2013-12-26 04:00:00.000000 +00:00
LGA,2013,12,26,0,30.92,19.04,60.97,240,5.7539,,0,1030,10,2013-12-26 05:00:00.000000 +00:00
LGA,2013,12,26,1,30.02,17.06,58.08,230,3.45234,,0,1029.8,10,2013-12-26 06:00:00.000000 +00:00
LGA,2013,12,26,2,30.02,17.96,60.38,210,4.60312,,0,1029.2,10,2013-12-26 07:00:00.000000 +00:00
LGA,2013,12,26,3,30.02,17.96,60.38,160,3.45234,,0,1028.3,10,2013-12-26 08:00:00.000000 +00:00
LGA,2013,12,26,4,30.92,19.94,63.36,70,3.45234,,0,1027.4,10,2013-12-26 09:00:00.000000 +00:00
LGA,2013,12,26,5,30.02,19.94,65.72,100,6.90468,,0,1026.5,10,2013-12-26 10:00:00.000000 +00:00
LGA,2013,12,26,6,30.92,19.94,63.36,200,3.45234,,0,1026.4,10,2013-12-26 11:00:00.000000 +00:00
LGA,2013,12,26,7,32,21.92,65.97,,4.60312,,0,,10,2013-12-26 12:00:00.000000 +00:00
LGA,2013,12,26,8,32,19.94,60.66,340,4.60312,,0,,10,2013-12-26 13:00:00.000000 +00:00
LGA,2013,12,26,9,33.98,21.02,58.66,0,0,,0,1025.3,10,2013-12-26 14:00:00.000000 +00:00
LGA,2013,12,26,10,33.98,19.04,53.91,200,6.90468,,0,1024.2,10,2013-12-26 15:00:00.000000 +00:00
LGA,2013,12,26,11,33.98,15.08,45.43,270,9.20624,,0,1023.2,10,2013-12-26 16:00:00.000000 +00:00
LGA,2013,12,26,12,33.98,19.94,56.02,270,10.35702,,0,1022.2,10,2013-12-26 17:00:00.000000 +00:00
LGA,2013,12,26,13,35.06,21.02,56.18,270,11.5078,,0,1021.8,10,2013-12-26 18:00:00.000000 +00:00
LGA,2013,12,26,14,35.96,23,58.94,270,13.80936,,0,1021.8,10,2013-12-26 19:00:00.000000 +00:00
LGA,2013,12,26,15,35.06,23,61.08,260,14.96014,,0,1022.6,10,2013-12-26 20:00:00.000000 +00:00
LGA,2013,12,26,16,35.06,21.92,58.37,250,10.35702,21.86482,0,1022.8,10,2013-12-26 21:00:00.000000 +00:00
LGA,2013,12,26,17,35.06,21.92,58.37,280,9.20624,,0,1023.6,10,2013-12-26 22:00:00.000000 +00:00
LGA,2013,12,26,18,35.06,23,61.08,300,13.80936,20.71404,0,1024.6,10,2013-12-26 23:00:00.000000 +00:00
LGA,2013,12,26,19,35.06,23,61.08,290,11.5078,23.0156,0,1024.7,10,2013-12-27 00:00:00.000000 +00:00
LGA,2013,12,26,20,35.96,21.02,54.21,270,11.5078,23.0156,0,1024.9,10,2013-12-27 01:00:00.000000 +00:00
LGA,2013,12,26,21,35.96,21.02,54.21,260,10.35702,17.2617,0,1025.2,10,2013-12-27 02:00:00.000000 +00:00
LGA,2013,12,26,22,35.06,21.92,58.37,300,13.80936,21.86482,0,1025.3,10,2013-12-27 03:00:00.000000 +00:00
LGA,2013,12,26,23,33.98,21.02,58.66,290,12.65858,28.7695,0,1025.7,10,2013-12-27 04:00:00.000000 +00:00
LGA,2013,12,27,0,33.98,21.02,58.66,310,10.35702,,0,1025.4,10,2013-12-27 05:00:00.000000 +00:00
LGA,2013,12,27,1,33.98,19.94,56.02,270,10.35702,,0,1026.4,10,2013-12-27 06:00:00.000000 +00:00
LGA,2013,12,27,2,33.08,19.04,55.89,270,9.20624,,0,1026.7,10,2013-12-27 07:00:00.000000 +00:00
LGA,2013,12,27,3,33.98,17.96,51.47,300,12.65858,,0,1026.2,10,2013-12-27 08:00:00.000000 +00:00
LGA,2013,12,27,4,33.08,19.04,55.89,300,12.65858,18.41248,0,1026.8,10,2013-12-27 09:00:00.000000 +00:00
LGA,2013,12,27,5,33.08,17.06,51.33,300,14.96014,,0,1027.2,10,2013-12-27 10:00:00.000000 +00:00
LGA,2013,12,27,6,33.08,17.06,51.33,290,11.5078,,0,1027.5,10,2013-12-27 11:00:00.000000 +00:00
LGA,2013,12,27,7,33.08,15.08,47.1,270,11.5078,,0,1027.6,10,2013-12-27 12:00:00.000000 +00:00
LGA,2013,12,27,8,33.08,15.98,48.98,250,11.5078,,0,1028.1,10,2013-12-27 13:00:00.000000 +00:00
LGA,2013,12,27,9,35.06,15.08,43.52,270,8.05546,,0,1028.1,10,2013-12-27 14:00:00.000000 +00:00
LGA,2013,12,27,10,35.96,15.08,41.99,240,6.90468,,0,1027.3,10,2013-12-27 15:00:00.000000 +00:00
LGA,2013,12,27,11,37.04,15.98,41.84,220,10.35702,,0,1026.4,10,2013-12-27 16:00:00.000000 +00:00
LGA,2013,12,27,12,37.94,15.08,38.84,220,13.80936,,0,1025.7,10,2013-12-27 17:00:00.000000 +00:00
LGA,2013,12,27,13,39.02,15.08,37.23,270,14.96014,21.86482,0,1025.3,10,2013-12-27 18:00:00.000000 +00:00
LGA,2013,12,27,14,39.02,15.98,38.72,250,14.96014,21.86482,0,1025.1,10,2013-12-27 19:00:00.000000 +00:00
LGA,2013,12,27,15,39.92,17.06,39.17,270,13.80936,21.86482,0,1025.2,10,2013-12-27 20:00:00.000000 +00:00
LGA,2013,12,27,16,39.92,17.96,40.72,260,11.5078,,0,1025.5,10,2013-12-27 21:00:00.000000 +00:00
LGA,2013,12,27,17,39.92,17.96,40.72,260,12.65858,,0,1025.9,10,2013-12-27 22:00:00.000000 +00:00
LGA,2013,12,27,18,39.92,21.02,46.41,300,18.41248,27.61872,0,1026.2,10,2013-12-27 23:00:00.000000 +00:00
LGA,2013,12,27,19,39.02,21.92,49.93,300,11.5078,,0,1027,10,2013-12-28 00:00:00.000000 +00:00
LGA,2013,12,27,20,39.02,21.92,49.93,300,9.20624,,0,1026.7,10,2013-12-28 01:00:00.000000 +00:00
LGA,2013,12,27,21,37.94,23,54.51,310,10.35702,,0,1026.9,10,2013-12-28 02:00:00.000000 +00:00
LGA,2013,12,27,22,37.94,21.92,52.09,240,6.90468,,0,1026.3,10,2013-12-28 03:00:00.000000 +00:00
LGA,2013,12,27,23,37.04,21.92,53.97,200,8.05546,,0,1025.9,10,2013-12-28 04:00:00.000000 +00:00
LGA,2013,12,28,0,37.04,21.02,51.95,200,6.90468,,0,1025.2,10,2013-12-28 05:00:00.000000 +00:00
LGA,2013,12,28,1,37.04,21.92,53.97,210,8.05546,,0,1025.1,10,2013-12-28 06:00:00.000000 +00:00
LGA,2013,12,28,2,35.96,21.92,56.32,220,6.90468,,0,1024.7,10,2013-12-28 07:00:00.000000 +00:00
LGA,2013,12,28,3,37.04,23,56.48,220,9.20624,,0,1024,10,2013-12-28 08:00:00.000000 +00:00
LGA,2013,12,28,4,37.04,21.92,53.97,210,9.20624,,0,1023.7,10,2013-12-28 09:00:00.000000 +00:00
LGA,2013,12,28,5,37.04,21.02,51.95,210,9.20624,,0,1023,10,2013-12-28 10:00:00.000000 +00:00
LGA,2013,12,28,6,35.96,21.02,54.21,210,11.5078,,0,1023.4,10,2013-12-28 11:00:00.000000 +00:00
LGA,2013,12,28,7,37.04,21.02,51.95,210,9.20624,,0,1023.3,10,2013-12-28 12:00:00.000000 +00:00
LGA,2013,12,28,8,39.02,21.02,48.07,210,11.5078,,0,1023.3,10,2013-12-28 13:00:00.000000 +00:00
LGA,2013,12,28,9,44.06,21.02,39.57,230,12.65858,23.0156,0,1023.3,10,2013-12-28 14:00:00.000000 +00:00
LGA,2013,12,28,10,44.96,21.92,39.72,220,6.90468,,0,1022.5,10,2013-12-28 15:00:00.000000 +00:00
LGA,2013,12,28,11,46.94,21.92,36.85,240,12.65858,21.86482,0,1020.8,10,2013-12-28 16:00:00.000000 +00:00
LGA,2013,12,28,12,50,21.02,31.63,240,19.56326,24.16638,0,1019.6,10,2013-12-28 17:00:00.000000 +00:00
LGA,2013,12,28,13,53.06,23,30.71,230,13.80936,20.71404,0,1018.6,10,2013-12-28 18:00:00.000000 +00:00
LGA,2013,12,28,14,55.04,23,28.57,240,13.80936,21.86482,0,1018.4,10,2013-12-28 19:00:00.000000 +00:00
LGA,2013,12,28,15,53.96,23,29.72,250,10.35702,,0,1018.4,10,2013-12-28 20:00:00.000000 +00:00
LGA,2013,12,28,16,53.06,23,30.71,250,11.5078,,0,1018.7,10,2013-12-28 21:00:00.000000 +00:00
LGA,2013,12,28,17,53.06,24.08,32.13,210,9.20624,,0,1019.5,10,2013-12-28 22:00:00.000000 +00:00
LGA,2013,12,28,18,50,26.06,39.07,220,12.65858,,0,1020.2,10,2013-12-28 23:00:00.000000 +00:00
LGA,2013,12,28,19,48.92,26.06,40.68,230,9.20624,,0,1019.8,10,2013-12-29 00:00:00.000000 +00:00
LGA,2013,12,28,20,48.02,24.98,40.22,220,10.35702,,0,1019.6,10,2013-12-29 01:00:00.000000 +00:00
LGA,2013,12,28,21,48.02,24.98,40.22,230,10.35702,,0,1019.2,10,2013-12-29 02:00:00.000000 +00:00
LGA,2013,12,28,22,48.92,24.08,37.46,230,11.5078,,0,1018.8,10,2013-12-29 03:00:00.000000 +00:00
LGA,2013,12,28,23,48.02,24.08,38.74,240,11.5078,,0,1018.5,10,2013-12-29 04:00:00.000000 +00:00
LGA,2013,12,29,0,46.94,24.08,40.35,250,9.20624,,0,1017.8,10,2013-12-29 05:00:00.000000 +00:00
LGA,2013,12,29,1,44.96,24.08,43.49,0,0,,0,1017.7,10,2013-12-29 06:00:00.000000 +00:00
LGA,2013,12,29,2,46.04,24.08,41.74,0,0,,0,1017.6,10,2013-12-29 07:00:00.000000 +00:00
LGA,2013,12,29,3,44.96,24.98,45.15,0,0,,0,1016.9,10,2013-12-29 08:00:00.000000 +00:00
LGA,2013,12,29,4,44.96,26.06,47.23,220,3.45234,,0,1016.7,10,2013-12-29 09:00:00.000000 +00:00
LGA,2013,12,29,5,44.96,26.06,47.23,190,3.45234,,0,1015.6,10,2013-12-29 10:00:00.000000 +00:00
LGA,2013,12,29,6,44.96,26.06,47.23,200,8.05546,,0,1016.2,10,2013-12-29 11:00:00.000000 +00:00
LGA,2013,12,29,7,44.96,26.96,49.02,210,6.90468,,0,1016.3,10,2013-12-29 12:00:00.000000 +00:00
LGA,2013,12,29,8,46.04,26.96,47.05,220,9.20624,,0,1016.8,10,2013-12-29 13:00:00.000000 +00:00
LGA,2013,12,29,9,46.04,26.96,47.05,200,8.05546,,0,1016.2,10,2013-12-29 14:00:00.000000 +00:00
LGA,2013,12,29,10,46.04,32,57.78,180,6.90468,,0,1013.8,10,2013-12-29 15:00:00.000000 +00:00
LGA,2013,12,29,11,44.06,35.06,70.42,50,3.45234,,0.02,1012.1,6,2013-12-29 16:00:00.000000 +00:00
LGA,2013,12,29,12,42.08,37.04,82.17,70,9.20624,,0.09,1009.3,3,2013-12-29 17:00:00.000000 +00:00
LGA,2013,12,29,13,42.8,37.94,88.76,70,12.65858,,0.19,,2,2013-12-29 18:00:00.000000 +00:00
LGA,2013,12,29,14,41,37.94,93.19,60,18.41248,,0.21,,2,2013-12-29 19:00:00.000000 +00:00
LGA,2013,12,29,15,41,39.02,92.59,40,13.80936,,0.37,999.9,2,2013-12-29 20:00:00.000000 +00:00
LGA,2013,12,29,16,41,37.94,88.76,350,8.05546,23.0156,0.28,998.7,2,2013-12-29 21:00:00.000000 +00:00
LGA,2013,12,29,17,44.06,41,93.24,350,20.71404,,0.04,,5,2013-12-29 22:00:00.000000 +00:00
LGA,2013,12,29,18,42.08,39.02,88.81,330,14.96014,,0,997.2,3,2013-12-29 23:00:00.000000 +00:00
LGA,2013,12,29,19,42.8,37.94,85.13,320,17.2617,,0,,8,2013-12-30 00:00:00.000000 +00:00
LGA,2013,12,29,20,42.08,37.94,86.89,320,19.56326,,0,,10,2013-12-30 01:00:00.000000 +00:00
LGA,2013,12,29,21,42.8,37.4,82.17,320,16.11092,,0,,10,2013-12-30 02:00:00.000000 +00:00
LGA,2013,12,29,22,42.98,37.04,79.38,300,9.20624,,0,1003.8,10,2013-12-30 03:00:00.000000 +00:00
LGA,2013,12,29,23,42.98,35.06,73.39,310,17.2617,24.16638,0,1005.1,10,2013-12-30 04:00:00.000000 +00:00
LGA,2013,12,30,0,42.08,33.98,72.78,320,11.5078,,0,1005.9,10,2013-12-30 05:00:00.000000 +00:00
LGA,2013,12,30,1,42.08,33.98,72.78,250,9.20624,,0,1007.6,10,2013-12-30 06:00:00.000000 +00:00
LGA,2013,12,30,2,41,33.98,75.88,240,8.05546,,0,1008.3,10,2013-12-30 07:00:00.000000 +00:00
LGA,2013,12,30,3,42.98,33.98,70.3,270,9.20624,,0,1008.2,10,2013-12-30 08:00:00.000000 +00:00
LGA,2013,12,30,4,41,33.08,73.19,0,0,,0,1008.9,10,2013-12-30 09:00:00.000000 +00:00
LGA,2013,12,30,5,42.98,33.08,67.81,250,10.35702,,0,1009.2,10,2013-12-30 10:00:00.000000 +00:00
LGA,2013,12,30,6,42.98,33.98,70.3,230,6.90468,,0,1010.8,10,2013-12-30 11:00:00.000000 +00:00
LGA,2013,12,30,7,44.06,35.06,70.42,240,11.5078,,0,1011.9,10,2013-12-30 12:00:00.000000 +00:00
LGA,2013,12,30,8,44.06,33.98,67.45,260,11.5078,,0,1012.9,10,2013-12-30 13:00:00.000000 +00:00
LGA,2013,12,30,9,44.06,33.08,65.07,260,13.80936,,0,1013.7,10,2013-12-30 14:00:00.000000 +00:00
LGA,2013,12,30,10,42.98,33.8,70.28,330,16.11092,,0,,10,2013-12-30 15:00:00.000000 +00:00
LGA,2013,12,30,11,41,28.4,62.21,340,13.80936,23.0156,0,,10,2013-12-30 16:00:00.000000 +00:00
LGA,2013,12,30,12,37.94,23,54.51,330,21.86482,27.61872,0,1015.7,10,2013-12-30 17:00:00.000000 +00:00
LGA,2013,12,30,13,37.04,21.92,53.97,340,17.2617,20.71404,0,1016.5,10,2013-12-30 18:00:00.000000 +00:00
LGA,2013,12,30,14,35.96,19.94,51.78,340,13.80936,21.86482,0,1017.1,10,2013-12-30 19:00:00.000000 +00:00
LGA,2013,12,30,15,33.98,17.06,49.51,330,17.2617,21.86482,0,1018.8,10,2013-12-30 20:00:00.000000 +00:00
LGA,2013,12,30,16,32,15.08,49.19,340,14.96014,23.0156,0,1019.5,10,2013-12-30 21:00:00.000000 +00:00
LGA,2013,12,30,17,30.92,12.92,46.74,320,17.2617,,0,1019.9,10,2013-12-30 22:00:00.000000 +00:00
LGA,2013,12,30,18,28.94,10.94,46.41,330,18.41248,,0,1020.9,10,2013-12-30 23:00:00.000000 +00:00
